requested_address	exact_function_start	exact_function_body_min	exact_function_body_max	containing_function_start	status	output	message
0xf00424e4	f00424e4	f00424e4	f0042537	f00424e4	success_exact_function	f00424e4.c	
0xf0042c0c	f0042c0c	f0042c0c	f00433cf	f0042c0c	success_exact_function	f0042c0c.c	
0xf0044c68	f0044c68	f0044c68	f0044cd7	f0044c68	success_exact_function	f0044c68.c	
0xf00697b8	f00697b8	f00697b8	f0069947	f00697b8	success_exact_function	f00697b8.c	
0xf0069b40	f0069b40	f0069b40	f0069bb7	f0069b40	success_exact_function	f0069b40.c	
0xf0069cd0	f0069cd0	f0069cd0	f0069d5f	f0069cd0	success_exact_function	f0069cd0.c	
0xf00936ec	f00936ec	f00936ec	f00938ab	f00936ec	success_exact_function	f00936ec.c	
0xf00938e4	f00938e4	f00938e4	f0093a8b	f00938e4	success_exact_function	f00938e4.c	
0xf0093a8c	f0093a8c	f0093a8c	f0093b6b	f0093a8c	success_exact_function	f0093a8c.c	
0xf0093b6c	f0093b6c	f0093b6c	f0093e03	f0093b6c	success_exact_function	f0093b6c.c	
0xf0094054	f0094054	f0094054	f00940d3	f0094054	success_exact_function	f0094054.c	
0xf00940d4	f00940d4	f00940d4	f009419b	f00940d4	success_exact_function	f00940d4.c	
0xf009419c	f009419c	f009419c	f0094243	f009419c	success_exact_function	f009419c.c	
0xf0097888	f0097888	f0097888	f00978bb	f0097888	success_exact_function	f0097888.c	
0xf00ea3f0					no_exact_ghidra_function		
0xf00ea438	f00ea438	f00ea438	f00ea473	f00ea438	success_exact_function	f00ea438.c	
0xf00eb740	f00eb740	f00eb740	f00eb78f	f00eb740	success_exact_function	f00eb740.c	
0xf00eb790	f00eb790	f00eb790	f00eb7b7	f00eb790	success_exact_function	f00eb790.c	
0xf00eb7b8	f00eb7b8	f00eb7b8	f00eb7db	f00eb7b8	success_exact_function	f00eb7b8.c	
0xf00eb834	f00eb834	f00eb834	f00eb84f	f00eb834	success_exact_function	f00eb834.c	
0xf00eba30	f00eba30	f00eba30	f00eba53	f00eba30	success_exact_function	f00eba30.c	
0xf00ebcac	f00ebcac	f00ebcac	f00ebccb	f00ebcac	success_exact_function	f00ebcac.c	
0xf00ebcfc	f00ebcfc	f00ebcfc	f00ebd5f	f00ebcfc	success_exact_function	f00ebcfc.c	
0xf00ec204	f00ec204	f00ec204	f00ec253	f00ec204	success_exact_function	f00ec204.c	
0xf00ec3d0	f00ec3d0	f00ec3d0	f00ec3ef	f00ec3d0	success_exact_function	f00ec3d0.c	
0xf00ec3f0	f00ec3f0	f00ec3f0	f00ec413	f00ec3f0	success_exact_function	f00ec3f0.c	
0xf00ec414	f00ec414	f00ec414	f00ec42f	f00ec414	success_exact_function	f00ec414.c	
0xf00ec430	f00ec430	f00ec430	f00ec44f	f00ec430	success_exact_function	f00ec430.c	
0xf00ec450	f00ec450	f00ec450	f00ec473	f00ec450	success_exact_function	f00ec450.c	
0xf00ee140	f00ee140	f00ee140	f00ee203	f00ee140	success_exact_function	f00ee140.c	
0xf00ee204	f00ee204	f00ee204	f00ee27f	f00ee204	success_exact_function	f00ee204.c	
0xf00ef238	f00ef238	f00ef238	f00ef25b	f00ef238	success_exact_function	f00ef238.c	
0xf00ef280	f00ef280	f00ef280	f00ef29f	f00ef280	success_exact_function	f00ef280.c	
