candidate_start	candidate_name	transfer_address	original_bytes	transfer_kind	computed_target
0x4000310	_start	0x4000310	4ef904001318	absolute_long_direct_jmp	0x4001318
0x40018c8	_ovbcopy	0x40018c8	4ef904092d2c	absolute_long_direct_jmp	0x4092d2c
0x40018ce	_blkclr	0x40018ce	4ef904092e12	absolute_long_direct_jmp	0x4092e12
0x40018d8	__switch_context	0x400197a	4ed1	register_indirect_jmp	
0x400197c	__switch_context_discard	0x4001a18	4ed1	register_indirect_jmp	
0x4001a1a	__switch_context0	0x4001a88	4ed1	register_indirect_jmp	
0x4001b30	_call_continuation	0x4001b3c	4ed0	register_indirect_jmp	
0x4002232	trace	0x4002232	4ef904001b3e	absolute_long_direct_jmp	0x4001b3e
0x4002262	_mon_exit	0x4002282	4ed0	register_indirect_jmp	
0x40724ac	_lpr_send	0x4072532	4ed2	register_indirect_jmp	
0x40967aa	_dbg_longjmp	0x40967bc	4ed0	register_indirect_jmp	
0x409b810	do_func	0x409b86c	4ed1	register_indirect_jmp	
0x409ba66	pmod	0x409ba88	4ed1	register_indirect_jmp	
0x409bb42	prem	0x409bb64	4ed1	register_indirect_jmp	
0x409bc1e	pscale	0x409bc40	4ed1	register_indirect_jmp	
0x409e6aa	round	0x409e6d2	4ed1	register_indirect_jmp	
0x409e6d4	sub_409E6D4	0x409e6fc	4ed1	register_indirect_jmp	
0x40a0a5a	dz	0x40a0a64	4ef9040a0a38	absolute_long_direct_jmp	0x40a0a38
0x40a0a6a	real_dz	0x40a0a80	4ef904001b3e	absolute_long_direct_jmp	0x4001b3e
0x40a0b04	real_inex	0x40a0b48	4ef904001b3e	absolute_long_direct_jmp	0x4001b3e
0x40a0b4e	ovfl	0x40a0b5e	4ef9040a4c48	absolute_long_direct_jmp	0x40a4c48
0x40a0b64	real_ovfl	0x40a0b86	4ef904001b3e	absolute_long_direct_jmp	0x4001b3e
0x40a0b8c	unfl	0x40a0b9c	4ef9040a520e	absolute_long_direct_jmp	0x40a520e
0x40a0ba2	real_unfl	0x40a0bc4	4ef904001b3e	absolute_long_direct_jmp	0x4001b3e
0x40a0bca	snan	0x40a0bda	4ef9040a4dce	absolute_long_direct_jmp	0x40a4dce
0x40a0be0	real_snan	0x40a0bf6	4ef904001b3e	absolute_long_direct_jmp	0x4001b3e
0x40a0bfc	operr	0x40a0c0c	4ef9040a48d2	absolute_long_direct_jmp	0x40a48d2
0x40a0c12	real_operr	0x40a0c28	4ef904001b3e	absolute_long_direct_jmp	0x4001b3e
0x40a0c2e	bsun	0x40a0c66	4ef9040a47ba	absolute_long_direct_jmp	0x40a47ba
0x40a0c6c	real_bsun	0x40a0c8e	4ef904001b3e	absolute_long_direct_jmp	0x4001b3e
0x40a0c9e	real_fline	0x40a0c9e	4ef904001b3e	absolute_long_direct_jmp	0x4001b3e
0x40a0caa	unsupp	0x40a0cba	4ef9040a5492	absolute_long_direct_jmp	0x40a5492
0x40a0cd2	fpsp_fmt_error	0x40a0cd2	4ef904002220	absolute_long_direct_jmp	0x4002220
0x40a418e	ovf_res	0x40a41a2	4ed1	register_indirect_jmp	
0x40a4504	unf_sub	0x40a4518	4ed1	register_indirect_jmp	
0x40a4712	reg_dest	0x40a471c	4ed0	register_indirect_jmp	
