start	end	name	terminal_address	terminal_original_bytes	terminal_ida_disassembly	terminal_mnemonic
0x4000310	0x4000316	_start	0x4000310	4ef904001318	jmp     _start_0	jmp
0x4000318	0x40013c4	_intstacks	0x40013be	4eb904096a70	jsr     _start_initial_context	jsr
0x4001522	0x400153e	_move_space_fault	0x4001538	60ffffffffd8	bra.l   loc_4001512	bra.l
0x400159a	0x40015e2	_copyoutstr	0x40015dc	60ff00000258	bra.l   loc_4001836	bra.l
0x40015e2	0x400162a	_copyinstr	0x4001624	60ff00000210	bra.l   loc_4001836	bra.l
0x400165e	0x40016d0	_copyoutmsg	0x40016ca	60ff0000016a	bra.l   loc_4001836	bra.l
0x40016d0	0x4001742	_copyinmsg	0x400173c	60ff000000f8	bra.l   loc_4001836	bra.l
0x40018c8	0x40018ce	_ovbcopy	0x40018c8	4ef904092d2c	jmp     _bcopy	jmp
0x40018ce	0x40018d4	_blkclr	0x40018ce	4ef904092e12	jmp     _bzero	jmp
0x40018d8	0x400197c	__switch_context	0x400197a	4ed1	jmp     (a1)	jmp
0x400197c	0x4001a1a	__switch_context_discard	0x4001a18	4ed1	jmp     (a1)	jmp
0x4001a1a	0x4001a8a	__switch_context0	0x4001a88	4ed1	jmp     (a1)	jmp
0x4001b16	0x4001b2c	__return_with_state	0x4001b2a	4e73	rte	rte
0x4001b2c	0x4001b30	__stack_attach	0x4001b2e	4e92	jsr     (a2)	jsr
0x4001b30	0x4001b3e	_call_continuation	0x4001b3c	4ed0	jmp     (a0)	jmp
0x4001b3e	0x4001b8a	std_trap	0x4001b84	60ff000005f6	bra.l   loc_400217C	bra.l
0x4001b8a	0x4001bc6	ipl1	0x4001bc0	60ff00000610	bra.l   loc_40021D2	bra.l
0x4001bc6	0x4001c02	ipl2	0x4001bfc	60ff000005d4	bra.l   loc_40021D2	bra.l
0x4001c02	0x4001c72	ipl3	0x4001c70	60c2	bra.s   loc_4001C34	bra.s
0x4001c72	0x4001ce2	ipl4	0x4001ce0	60c2	bra.s   loc_4001CA4	bra.s
0x4001ce2	0x4001d1e	ipl5	0x4001d18	60ff000004b2	bra.l   loc_40021CC	bra.l
0x4001d1e	0x4001d8a	ipl6	0x4001d88	60c6	bra.s   loc_4001D50	bra.s
0x4001d8a	0x4001dfa	ipl7	0x4001df8	60c2	bra.s   loc_4001DBC	bra.s
0x4001e1e	0x4001ec8	trap3	0x4001ec6	4e73	rte	rte
0x4001ec8	0x4001f02	trap4	0x4001f00	4e73	rte	rte
0x4001f02	0x4001f12	trap5	0x4001f10	4e73	rte	rte
0x4001f12	0x4001f22	trap6	0x4001f20	4e73	rte	rte
0x4001f22	0x4001f96	addrerr	0x4001f90	4eb90400bc66	jsr     _panic	jsr
0x4001f96	0x40021cc	buserr	0x40021ca	4e73	rte	rte
0x400221e	0x4002220	fpsp_done	0x400221e	4e73	rte	rte
0x4002220	0x400222c	fpsp_frame_err	0x4002226	4eb90400bc66	jsr     _panic	jsr
0x4002232	0x4002238	trace	0x4002232	4ef904001b3e	jmp     std_trap	jmp
0x4002262	0x4002284	_mon_exit	0x4002282	4ed0	jmp     (a0)	jmp
0x40054a6	0x40054c8	_rexit	0x40054c2	61ff00000006	bsr.l   _exit	bsr.l
0x40054ca	0x40054ee	_exit	0x40054ec	60f4	bra.s   loc_40054E2	bra.s
0x402a920	0x402a930	_nfs_badop	0x402a92a	61fffffe133a	bsr.l   _panic	bsr.l
0x402f75c	0x402f79e	_svc_run	0x402f79c	60ca	bra.s   loc_402F768	bra.s
0x4031bd6	0x4031be6	_spec_badop	0x4031be0	61fffffda084	bsr.l   _panic	bsr.l
0x40403a0	0x404042a	_ipc_object_copyin_type	0x4040424	61fffffcb840	bsr.l   _panic	bsr.l
0x4042520	0x4042774	_ipc_right_copyin	0x404276e	61fffffc94f6	bsr.l   _panic	bsr.l
0x40491ac	0x40491bc	_mig_dealloc_reply_port	0x40491b6	61fffffc2aae	bsr.l   _panic	bsr.l
0x4051518	0x4051686	_idle_thread_continue	0x4051682	6000febc	bra.w   loc_4051540	bra.w
0x4051688	0x40516d4	_idle_thread	0x40516ce	61fffffffe48	bsr.l   _idle_thread_continue	bsr.l
0x40516dc	0x4051712	_sched_thread_continue	0x4051710	60ce	bra.s   loc_40516E0	bra.s
0x4051714	0x405173e	_sched_thread	0x4051738	61ffffffffa2	bsr.l   _sched_thread_continue	bsr.l
0x4053072	0x4053082	_walking_zombie	0x405307c	61fffffb8be8	bsr.l   _panic	bsr.l
0x40537ae	0x405382a	_reaper_thread_continue	0x4053828	608c	bra.s   loc_40537B6	bra.s
0x405382c	0x4053836	_reaper_thread	0x4053830	61ffffffff7c	bsr.l   _reaper_thread_continue	bsr.l
0x4053e70	0x4053edc	_swapin_thread_continue	0x4053eda	609a	bra.s   loc_4053E76	bra.s
0x4053ede	0x4053ef4	_swapin_thread	0x4053eee	61ffffffff80	bsr.l   _swapin_thread_continue	bsr.l
0x4056360	0x405689e	_kern_server_main	0x405689a	6000fd9c	bra.w   loc_4056638	bra.w
0x4056cf6	0x4056da4	_kern_serv_shutdown	0x4056da2	60f8	bra.s   loc_4056D9C	bra.s
0x405723c	0x4057402	_notify_server_loop	0x4057400	6092	bra.s   loc_4057394	bra.s
0x4057404	0x4057428	sub_4057404	0x4057422	61fffffb4842	bsr.l   _panic	bsr.l
0x405c12e	0x405c284	sub_405C12E	0x405c27e	61fffffaf9e6	bsr.l   _panic	bsr.l
0x406070e	0x406087a	_vm_pageout	0x4060878	60a2	bra.s   loc_406081C	bra.s
0x4062168	0x4062178	_device_pagein	0x4062172	61fffffa9af2	bsr.l   _panic	bsr.l
0x406217c	0x406218c	_device_pageout	0x4062186	61fffffa9ade	bsr.l   _panic	bsr.l
0x4063fde	0x4064090	sub_4063FDE	0x406408c	6000ff66	bra.w   loc_4063FF4	bra.w
0x40683b6	0x4068454	sub_40683B6	0x4068450	6000ff72	bra.w   loc_40683C4	bra.w
0x406e83c	0x406ec7a	_volume_check	0x406ec76	6000fbee	bra.w   loc_406E866	bra.w
0x40724a4	0x40724ac	_mon_send	0x40724aa	600a	bra.s   loc_40724B6	bra.s
0x40724ac	0x4072534	_lpr_send	0x4072532	4ed2	jmp     (a2)	jmp
0x407254a	0x4072552	_mon_csr_and	0x4072550	600a	bra.s   loc_407255C	bra.s
0x4072596	0x407259e	_mon_csr_or	0x407259c	600a	bra.s   loc_40725A8	bra.s
0x407a4fc	0x407a522	_od_label_alloc	0x407a520	60de	bra.s   loc_407A500	bra.s
0x407a524	0x407a5c6	_od_try_attach	0x407a5c2	6000ff72	bra.w   loc_407A536	bra.w
0x407a704	0x407a794	_od_request	0x407a792	6088	bra.s   loc_407A71C	bra.s
0x407e934	0x407efac	sub_407E934	0x407efa8	6000f9f6	bra.w   loc_407E9A0	bra.w
0x40859d6	0x4085c74	_snd_server_loop	0x4085c70	6000ff36	bra.w   loc_4085BA8	bra.w
0x4091308	0x4091354	_rtc_power_down	0x4091352	60fe	bra.s   loc_4091352	bra.s
0x4092d1a	0x4092d2c	_memmove	0x4092d26	60ff00000010	bra.l   loc_4092D38	bra.l
0x409403e	0x409407e	_softint_th	0x409407c	60c6	bra.s   loc_4094044	bra.s
0x409497e	0x409498c	_halt_cpu	0x4094988	4e720000	stop    #0	stop
0x4095890	0x40958d0	_dbg_dispatch	0x40958ca	61fffffffc5e	bsr.l   _dbg_panic	bsr.l
0x4096700	0x4096736	__m68k_dbginit	0x4096730	4eb904095460	jsr     _m68k_dbginit	jsr
0x409677c	0x409679a	__dbg_kresume	0x4096798	4e73	rte	rte
0x40967aa	0x40967be	_dbg_longjmp	0x40967bc	4ed0	jmp     (a0)	jmp
0x409a7ea	0x409a8ae	_bmap_parity_error	0x409a8a8	61fffff713bc	bsr.l   _panic	bsr.l
0x409ac0c	0x409ae10	bindec	0x409ae0a	60ff0000006c	bra.l   loc_409AE78	bra.l
0x409b50a	0x409b516	decbin	0x409b512	48e73c00	movem.l d2-d5,-(sp)	movem.l
0x409b516	0x409b570	calc_e	0x409b56c	2d41ffac	move.l  d1,-$54(a6)	move.l
0x409b570	0x409b5bc	calc_m	0x409b5b8	f200001a	fneg.x  fp0	fneg.x
0x409b5bc	0x409b666	ap_st_z	0x409b660	60ff00000080	bra.l   pwrten	bra.l
0x409b666	0x409b6e2	ap_st_n	0x409b6de	f2000420	fdiv.x  fp1,fp0	fdiv.x
0x409b6e2	0x409b76c	pwrten	0x409b766	66ffffffffe8	bne.l   loc_409B750	bne.l
0x409b810	0x409b86e	do_func	0x409b86c	4ed1	jmp     (a1)	jmp
0x409b874	0x409b898	snzrinx	0x409b892	60ff00001314	bra.l   t_inx2	bra.l
0x409b898	0x409b8aa	szero	0x409b8a4	60ff000004ac	bra.l   ld_pzero	bra.l
0x409b8aa	0x409b8bc	sinf	0x409b8b6	60ff0000045a	bra.l   ld_pinf	bra.l
0x409b8bc	0x409b8ce	sone	0x409b8c8	60ff0000046c	bra.l   ld_pone	bra.l
0x409b8ce	0x409b8e0	spi_2	0x409b8da	60ff00000412	bra.l   ld_ppi2	bra.l
0x409b8e0	0x409b8f2	szr_inf	0x409b8ec	60ff00000424	bra.l   ld_pinf	bra.l
0x409b8f2	0x409b904	sopr_inf	0x409b8fe	60ff00000412	bra.l   ld_pinf	bra.l
0x409b904	0x409b930	sslognp1	0x409b92a	60ff0000110c	bra.l   t_operr	bra.l
0x409b930	0x409b942	setoxm1i	0x409b93c	60ff000003d4	bra.l   ld_pinf	bra.l
0x409b97c	0x409b98e	sslognd	0x409b988	60ff000010ae	bra.l   t_operr	bra.l
0x409b9c8	0x409b9da	sslog10d	0x409b9d4	60ff00001062	bra.l   t_operr	bra.l
0x409ba14	0x409ba26	sslog2d	0x409ba20	60ff00001016	bra.l   t_operr	bra.l
0x409ba26	0x409ba66	sub_409BA26	0x409ba62	0409ba90	subi.b  #$90,a1	subi.b
0x409ba66	0x409ba8a	pmod	0x409ba88	4ed1	jmp     (a1)	jmp
0x409bb42	0x409bb66	prem	0x409bb64	4ed1	jmp     (a1)	jmp
0x409bc1e	0x409bc42	pscale	0x409bc40	4ed1	jmp     (a1)	jmp
0x409bc78	0x409bca8	ssincosz	0x409bca2	60ff000074aa	bra.l   sto_cos	bra.l
0x409bca8	0x409bcc4	ssincosi	0x409bcbe	60ff00000d78	bra.l   t_operr	bra.l
0x409bcc4	0x409bcee	ssincosnan	0x409bce8	60ff00000f6e	bra.l   src_nan	bra.l
0x409bcee	0x409bcfc	ld_ppi2	0x409bcf6	60ff00000eb0	bra.l   t_inx2	bra.l
0x409bcfc	0x409bd12	ld_mpi2	0x409bd0c	60ff00000e9a	bra.l   t_inx2	bra.l
0x409bd76	0x409bd9a	sub_409BD76	0x409bd96	0409bf3e	subi.b  #$3E,a1 ; '>'	subi.b
0x409bd9a	0x409c132	gen_except	0x409c12c	60ff00004b92	bra.l   real_trace	bra.l
0x409c44a	0x409c458	get_op	0x409c452	67ff0000004e	beq.l   uni_getop	beq.l
0x409c458	0x409c4a2	uns_getop	0x409c49c	60ff00000050	bra.l   loc_409C4EE	bra.l
0x409c9b2	0x409c9d2	t_dz2	0x409c9cc	60ff00000024	bra.l   loc_409C9F2	bra.l
0x409cada	0x409cb4a	t_ovfl2	0x409cb44	60ff0000000c	bra.l   loc_409CB52	bra.l
0x409ccc8	0x409ccd6	t_extdnrm	0x409ccd0	60ff0000000c	bra.l   loc_409CCDE	bra.l
0x409d60e	0x409d618	sub_409D60E	0x409d612	60ff00000008	bra.l   loc_409D61C	bra.l
0x409dfc6	0x409dfe6	sub_409DFC6	0x409dfe2	0409dff8	subi.b  #$F8,a1	subi.b
0x409e5f2	0x409e62c	p_move	0x409e626	60ffffffffb0	bra.l   loc_409E5D8	bra.l
0x409e6aa	0x409e6d4	round	0x409e6d2	4ed1	jmp     (a1)	jmp
0x409e6d4	0x409e6fe	sub_409E6D4	0x409e6fc	4ed1	jmp     (a1)	jmp
0x409ec3c	0x409ec4e	sacosd	0x409ec48	60ffffffdf68	bra.l   t_frcinx	bra.l
0x409ed06	0x409ed0c	sasind	0x409ed06	60ffffffdfc0	bra.l   t_extdnrm	bra.l
0x409ed0c	0x409eda0	sasin	0x409ed9a	60ffffffde16	bra.l   t_frcinx	bra.l
0x409f660	0x409f666	satand	0x409f660	60ffffffd666	bra.l   t_extdnrm	bra.l
0x409f666	0x409f8e2	satan	0x409f8dc	60ffffffd2d4	bra.l   t_frcinx	bra.l
0x409f8e2	0x409f8e8	satanhd	0x409f8e2	60ffffffd3e4	bra.l   t_extdnrm	bra.l
0x409f8e8	0x409f964	satanh	0x409f95e	60ffffffd072	bra.l   t_dz	bra.l
0x409fd86	0x409fda0	scoshd	0x409fd9a	60ffffffce16	bra.l   t_frcinx	bra.l
0x409fda0	0x409fe48	scosh	0x409fe42	60ffffffcd06	bra.l   t_ovfl	bra.l
0x40a02f8	0x40a031e	setoxd	0x40a0318	60ffffffc898	bra.l   t_frcinx	bra.l
0x40a031e	0x40a04fa	setox	0x40a04f4	60ffffffc654	bra.l   t_ovfl	bra.l
0x40a04fa	0x40a0500	setoxm1d	0x40a04fa	60ffffffc7cc	bra.l   t_extdnrm	bra.l
0x40a0500	0x40a07ec	setoxm1	0x40a07e6	60ffffffc3ca	bra.l   t_frcinx	bra.l
0x40a083c	0x40a0858	sgetmand	0x40a0852	60ffffffffc4	bra.l   sgetman	bra.l
0x40a089c	0x40a08ac	sint	0x40a08a6	60ff0000007c	bra.l   loc_40A0924	bra.l
0x40a08ac	0x40a090c	sintd	0x40a0906	60ffffffc2a0	bra.l   t_inx2	bra.l
0x40a090c	0x40a091a	sintrz	0x40a0914	60ff0000000e	bra.l   loc_40A0924	bra.l
0x40a0a5a	0x40a0a6a	dz	0x40a0a64	4ef9040a0a38	jmp     loc_40A0A38	jmp
0x40a0a6a	0x40a0a86	real_dz	0x40a0a80	4ef904001b3e	jmp     std_trap	jmp
0x40a0a86	0x40a0b04	inex	0x40a0b02	4e5e	unlk    a6	unlk
0x40a0b04	0x40a0b4e	real_inex	0x40a0b48	4ef904001b3e	jmp     std_trap	jmp
0x40a0b4e	0x40a0b64	ovfl	0x40a0b5e	4ef9040a4c48	jmp     fpsp_ovfl	jmp
0x40a0b64	0x40a0b8c	real_ovfl	0x40a0b86	4ef904001b3e	jmp     std_trap	jmp
0x40a0b8c	0x40a0ba2	unfl	0x40a0b9c	4ef9040a520e	jmp     fpsp_unfl	jmp
0x40a0ba2	0x40a0bca	real_unfl	0x40a0bc4	4ef904001b3e	jmp     std_trap	jmp
0x40a0bca	0x40a0be0	snan	0x40a0bda	4ef9040a4dce	jmp     fpsp_snan	jmp
0x40a0be0	0x40a0bfc	real_snan	0x40a0bf6	4ef904001b3e	jmp     std_trap	jmp
0x40a0bfc	0x40a0c12	operr	0x40a0c0c	4ef9040a48d2	jmp     fpsp_operr	jmp
0x40a0c12	0x40a0c2e	real_operr	0x40a0c28	4ef904001b3e	jmp     std_trap	jmp
0x40a0c2e	0x40a0c6c	bsun	0x40a0c66	4ef9040a47ba	jmp     fpsp_bsun	jmp
0x40a0c6c	0x40a0c94	real_bsun	0x40a0c8e	4ef904001b3e	jmp     std_trap	jmp
0x40a0c94	0x40a0c9e	fline	0x40a0c9c	6606	bne.s   loc_40A0CA4	bne.s
0x40a0c9e	0x40a0ca4	real_fline	0x40a0c9e	4ef904001b3e	jmp     std_trap	jmp
0x40a0caa	0x40a0cc0	unsupp	0x40a0cba	4ef9040a5492	jmp     fpsp_unsupp	jmp
0x40a0cd2	0x40a0cd8	fpsp_fmt_error	0x40a0cd2	4ef904002220	jmp     fpsp_frame_err	jmp
0x40a0d54	0x40a0d78	slog10d	0x40a0d72	60ffffffbe3e	bra.l   t_frcinx	bra.l
0x40a0d78	0x40a0d9c	slog10	0x40a0d96	60ffffffbe1a	bra.l   t_frcinx	bra.l
0x40a0d9c	0x40a0dc0	slog2d	0x40a0dba	60ffffffbdf6	bra.l   t_frcinx	bra.l
0x40a0dc0	0x40a0e22	slog2	0x40a0e1c	60ffffffbc1a	bra.l   t_operr	bra.l
0x40a16c2	0x40a1758	slognd	0x40a1752	60ff00000010	bra.l   loc_40A1764	bra.l
0x40a191c	0x40a1922	slognp1d	0x40a191c	60ffffffb3aa	bra.l   t_extdnrm	bra.l
0x40a1922	0x40a1a96	slognp1	0x40a1a90	60ffffffafa6	bra.l   t_operr	bra.l
0x40a1c62	0x40a1c70	smod	0x40a1c6a	60ff0000000c	bra.l   loc_40A1C78	bra.l
0x40a2062	0x40a2068	ssind	0x40a2062	60ffffffac64	bra.l   t_extdnrm	bra.l
0x40a2068	0x40a207e	scosd	0x40a2078	60ffffffab38	bra.l   t_frcinx	bra.l
0x40a207e	0x40a208c	ssin	0x40a2086	60ff0000000c	bra.l   loc_40A2094	bra.l
0x40a208c	0x40a242c	scos	0x40a2426	60ff00000082	bra.l   loc_40A24AA	bra.l
0x40a242c	0x40a2440	ssincosd	0x40a243a	60ffffffa88c	bra.l   t_extdnrm	bra.l
0x40a2440	0x40a2734	ssincos	0x40a272e	60ffffffa482	bra.l   t_frcinx	bra.l
0x40a2744	0x40a274a	ssinhd	0x40a2744	60ffffffa582	bra.l   t_extdnrm	bra.l
0x40a274a	0x40a2816	ssinh	0x40a2810	60ffffffa3a0	bra.l   t_frcinx	bra.l
0x40a2cc6	0x40a2ccc	stand	0x40a2cc6	60ffffffa000	bra.l   t_extdnrm	bra.l
0x40a2ccc	0x40a2fec	stan	0x40a2fe6	60fffffffd42	bra.l   loc_40A2D2A	bra.l
0x40a2ff4	0x40a2ffa	stanhd	0x40a2ff4	60ffffff9cd2	bra.l   t_extdnrm	bra.l
0x40a2ffa	0x40a314e	stanh	0x40a3148	60ffffff9a68	bra.l   t_frcinx	bra.l
0x40a36ae	0x40a36cc	stwotoxd	0x40a36c6	60ffffff94ea	bra.l   t_frcinx	bra.l
0x40a36cc	0x40a37ce	stwotox	0x40a37c8	60ffffff9292	bra.l   t_unfl	bra.l
0x40a37ce	0x40a37ec	stentoxd	0x40a37e6	60ffffff93ca	bra.l   t_frcinx	bra.l
0x40a37ec	0x40a3938	stentox	0x40a3932	60ffffff927e	bra.l   t_frcinx	bra.l
0x40a40b8	0x40a40c6	ovf_r_k	0x40a40c2	56eeff36	sne     -$CA(a6)	sne
0x40a40c6	0x40a4188	ovf_r_x2	0x40a4182	60ff0000000a	bra.l   ovf_res	bra.l
0x40a4188	0x40a418e	ovf_r_x3	0x40a4188	61ff000002a2	bsr.l   g_dfmtou	bsr.l
0x40a418e	0x40a41a4	ovf_res	0x40a41a2	4ed1	jmp     (a1)	jmp
0x40a4504	0x40a451a	unf_sub	0x40a4518	4ed1	jmp     (a1)	jmp
0x40a4712	0x40a471e	reg_dest	0x40a471c	4ed0	jmp     (a0)	jmp
0x40a47ba	0x40a47f4	fpsp_bsun	0x40a47ee	60ffffffc47c	bra.l   real_bsun	bra.l
0x40a47f4	0x40a48d2	fpsp_fline	0x40a48cc	60ffffffc3d0	bra.l   real_fline	bra.l
0x40a48d2	0x40a4b34	fpsp_operr	0x40a4b2e	60ff00000094	bra.l   loc_40A4BC4	bra.l
0x40a4c48	0x40a4d76	fpsp_ovfl	0x40a4d70	60fffff5d4ac	bra.l   fpsp_done	bra.l
0x40a4d76	0x40a4dce	sub_40A4D76	0x40a4dc8	60ff0000025a	bra.l   store	bra.l
0x40a4dce	0x40a4eec	fpsp_snan	0x40a4ee6	60fffff5d336	bra.l   fpsp_done	bra.l
0x40a520e	0x40a533c	fpsp_unfl	0x40a5336	60fffff5cee6	bra.l   fpsp_done	bra.l
0x40a5420	0x40a5426	fpsp_unimp	0x40a5424	f327	fsave   -(sp)	fsave
0x40a5426	0x40a5492	uni_2	0x40a548c	60ffffff690c	bra.l   gen_except	bra.l
0x40a5492	0x40a5510	fpsp_unsupp	0x40a550a	60ffffff688e	bra.l   gen_except	bra.l
