field	darwin_probe_offset	hypothesis_probe_offset	width_bytes	original_offset	status	original_evidence
sizeof	0x84	0x8c		0x8c	match	_task_init 0x165978 push 0x8c -> _zinit
lock	0x0	0x0	4	0x0	match	_task_create 0x165ac5; task_lock xchg 0x165b47
ref_count	0x4	0x4	4	0x4	match	_task_create 0x165a60 =2
active	0x8	0x8	4	0x8	match	_task_create 0x165ae2 =1
map	0xc	0xc	4	0xc	match	_task_create 0x165a79/0x165a8f/0x165abf
pset_tasks	0x10	0x10	8		unverified	
suspend_count	0x18	0x18	4	0x18	match	_task_create 0x165adb
thread_list	0x1c	0x1c	8	0x1c	match	_task_create 0x165acb-0x165ad1 queue_init
thread_count	0x24	0x24	4	0x24	match	_task_create 0x165af0
thread_list_lock	0x28	0x28	4	0x28	match	_task_create 0x165ad4
processor_set	0x2c	0x2c	4	0x2c	match	_task_create 0x165b50 (parent read)
may_assign	0x30	0x30	4	0x30	match	_task_create 0x165bc6 =1
assign_active	0x34	0x34	4	0x34	match	_task_create 0x165bcd =0
u_address	—	0x38	4	0x38	match	_task_create 0x165a57 zalloc(u_task_zone); _utask_zero 0x106df4
proc	0x38	0x3c	4	0x3c	match	_utask_zero 0x106dfd =0
pcb_common	0x3c	0x40	4	0x40	match	_task_create 0x165af7 =0
user_stop_count	0x40	0x44	4	0x44	match	_task_create 0x165ae9; _task_info 0x166766
priority	0x44	0x48	4	0x48	match	_task_create 0x165b67/0x165b8e
kernel_privilege	0x48	0x4c	4	0x4c	match	_task_create 0x165b35/0x165b78; _task_init 0x16599a
kernel_vm_space	0x4c	0x50	4	0x50	match	_task_create 0x165b04; _task_init 0x1659a1
total_user_time	0x50	0x54	8	0x54	match	_task_create 0x165b12/0x165b19; _task_info 0x16676b
total_system_time	0x58	0x5c	8	0x5c	match	_task_create 0x165b20/0x165b27; _task_info 0x166777
itk_lock_data	0x60	0x64	4	0x64	match	_ipc_task_init 0x1594cd
itk_self	0x64	0x68	4	0x68	match	_ipc_task_init 0x159440
itk_sself	0x68	0x6c	4	0x6c	match	_ipc_task_init 0x159449
itk_exception	0x6c	0x70	4	0x70	match	_ipc_task_init 0x15945c/0x1594bc
itk_bootstrap	0x70	0x74	4	0x74	match	_ipc_task_init 0x159463/0x1594c8
itk_registered	0x74	0x78	16	0x78	match	_ipc_task_init 0x159470; _mach_ports_register 0x15a0a4; _mach_ports_lookup 0x15a168 (4 x 4 B)
itk_space	0x80	0x88	4	0x88	match	_ipc_task_init 0x15944f; _mach_host_self (ipc_host)
