field	probe_offset_H-thr2	probe_width_bits	original_offset	status	original_evidence
sizeof	0x18c		0x18c	match	_thread_init 0x166aa0 push 0x18c -> _zinit; _thread_template..._thread_zone 396 B
links	0x0	64		unverified	
runq	0x8	32	0x8	match	_thread_init 0x166aaf (thread.c:356)
task	0xc	32		unverified	
thread_list	0x10	64		unverified	
pset_threads	0x18	64		unverified	
lock	0x20	32	0x20	match	_thread_priority 0x168784 spin lock at thread+0x20 (IDA decompile, lock/unlock xchg)
ref_count	0x24	32	0x24	match	_thread_init 0x166ab9 =2 (thread.c:364)
pcb	0x28	32	0x28	match	_thread_init 0x166ac3 (thread.c:366)
kernel_stack	0x2c	32	0x2c	match	_thread_init 0x166acd (thread.c:367)
stack_privilege	0x30	32	0x30	match	_thread_init 0x166ad7 (thread.c:368)
swap_func	0x34	32	0x34	match	_thread_init 0x166b09 =0x18dce0 (thread.c:375)
exc_func	0x38	32	0x38	match	_thread_init 0x166b13 (thread.c:376)
wait_event	0x3c	32	0x3c	match	_thread_init 0x166ae1 (thread.c:370)
suspend_count	0x40	32		unverified	
wait_result	0x44	32	0x44	match	_thread_init 0x166aeb (thread.c:372)
wake_active	0x48	32	0x48	match	_thread_init 0x166af5 (thread.c:373)
state	0x4c	32	0x4c	match	_thread_init 0x166aff =0x102 (thread.c:374)
priority	0x50	32	0x50	match	_thread_priority 0x1687e0; _compute_priority 0x163d3e; _thread_info 0x168234
max_priority	0x54	32	0x54	match	_thread_init 0x166b1d =0x12 (thread.c:379); _thread_priority 0x1687c8/0x1687f4
sched_pri	0x58	32	0x58	match	_compute_my_priority; _set_pri 0x164178; _update_priority 0x163f76
sched_data	0x5c	32	0x5c	match	_thread_init 0x166b27 (thread.c:382)
policy	0x60	32	0x60	match	_thread_init 0x166b31 =1 (thread.c:383); _thread_policy 0x168951
depress_priority	0x64	32	0x64	match	_thread_init 0x166b3b =-1 (thread.c:385); _thread_priority
cpu_usage	0x68	32	0x68	match	_thread_init 0x166b45 (thread.c:386)
sched_usage	0x6c	32	0x6c	match	_thread_init 0x166b4f (thread.c:387); _compute_my_priority
sched_stamp	0x70	32	0x70	match	_update_priority 0x163dda; _thread_info 0x1682ea (sched_tick - sched_stamp)
recover	0x74	32	0x74	match	_thread_init 0x166b59 (thread.c:390); _copyin 0x189a6a/0x189b1d; _copyout 0x189d03
vm_privilege	0x78	32	0x78	match	_thread_init 0x166b63 (thread.c:391); _vm_pageout 0x17a0b3; _vm_page_alloc_sequential 0x17b25e
probe_7c	0x7c	32	0x7c	match	_thread_init 0x166b6d =0; _thread_deallocate 0x1670b4 -> _kmem_free 0x1670ca
probe_80	0x80	32	0x80	match	_thread_init 0x166b77 =0; _thread_deallocate 0x1670d2 -> _vm_object_deallocate 0x1670dd
_uthread	0x84	32	0x84	match	_thread_create 0x166cd0 (zalloc result, thread.c:495); _thread_deallocate 0x16715f -> _uthread_free (thread.c:783); _unix_syscall 0x1927d7; _uthread_from_thread 0x107a6c
unix_lock	0x88	32	0x88	match	_thread_init 0x166b81 =-1 (thread.c:394)
user_stop_count	0x8c	32	0x8c	match	_thread_init 0x166b8b =1 (thread.c:396)
ith_next	0x90	32	0x90	match	_ipc_thread_init 0x159649
ith_prev	0x94	32	0x94	match	_ipc_thread_init 0x15964f
ith_state	0x98	32	0x98	match	_ipc_mqueue_receive 0x14adba; _ipc_mqueue_send 0x14a9d2; _mach_msg_trap 0x153010
data	0x9c	32	0x9c	match	_ipc_mqueue_receive 0x14adc7/0x14ae0a; _ipc_mqueue_send 0x14a9c4
ith_seqno	0xa0	32	0xa0	match	_ipc_mqueue_receive 0x14ae13; _ipc_mqueue_send 0x14aa0b
ith_messages	0xa4	32	0xa4	match	_ipc_thread_init 0x159655
ith_lock_data	0xa8	32	0xa8	match	_ipc_thread_init 0x15965f
ith_self	0xac	32	0xac	match	_ipc_thread_init 0x159669
ith_sself	0xb0	32	0xb0	match	_ipc_thread_init 0x159675
ith_exception	0xb4	32	0xb4	match	_ipc_thread_init 0x15967b
ith_reply	0xb8	32	0xb8	match	_ipc_thread_init 0x1596ce (COMPAT)
ith_mig_reply	0xbc	32	0xbc	match	_ipc_thread_init 0x159685; _mig_get_reply_port 0x158f92
ith_rpc_reply	0xc0	32	0xc0	match	_ipc_thread_init 0x15968f
saved	0xc4	224		unverified	
user_timer	0xe0	128	0xe0	match	_thread_init timer_init(0x1f6ce0) (thread.c:401); _clock_interrupt [thread+0xe0] (STAT_TIME bump)
system_timer	0xf0	128	0xf0	match	_thread_init timer_init(0x1f6cf0) (thread.c:402); _clock_interrupt [thread+0xf0]
user_timer_save	0x100	64	0x100	match	_thread_init 0x166ba9/0x166bb3 (thread.c:403-404)
system_timer_save	0x108	64	0x108	match	_thread_init 0x166bbd/0x166bc7 (thread.c:405-406)
cpu_delta	0x110	32	0x110	match	_thread_init 0x166bd1 (thread.c:407)
sched_delta	0x114	32	0x114	match	_thread_init 0x166bdb (thread.c:408)
timer	0x118	384		unverified	
depress_timer	0x148	384		unverified	
active	0x178	32	0x178	match	_thread_init 0x166be5 (thread.c:410)
ast	0x17c	32	0x17c	match	_thread_init 0x166bef (thread.c:411)
processor_set	0x180	32		unverified	
bound_processor	0x184	32	0x184	match	_thread_init 0x166bf9 (thread.c:414)
allocInProgress	0x188	32	0x188	match	_thread_init 0x166c03 (thread.c:424)
