field	probe_offset_short_variant	probe_width_bits	original_offset	original_width_bits	status	original_evidence
sizeof	0x58		0x58		match	_vm_object_init 0x1789ed push 0x58 -> _zinit (vm_object.c:164); __vm_object_allocate 0x178bbe mov ecx,0x16 + rep movsd (vm_object.c:255)
memq	0x0				unverified (no original access found)	
object_list	0x8				unverified (no original access found)	
Lock	0x10		0x10	32	match	_vm_object_reference 0x178c3a lea edx,[ecx+0x10] spin lock
size	0x14		0x14	32	match	_vm_object_init 0x178ab2 (vm_object.c:198)
ref_count	0x18	16	0x18	16	match	_vm_object_init 0x178aa0 (vm_object.c:196); _vm_object_reference 0x178c54 inc word; _vm_object_coalesce 0x179c6d cmp word/jg (vm_object.c:1495)
resident_page_count	0x1a	16	0x1a	16	match	_vm_object_init 0x178aa9 (vm_object.c:197); _vm_object_deallocate 0x178cd3 cmp word/jle (vm_object.c:330)
copy	0x1c		0x1c	32	match	_vm_object_init 0x178ad6 (vm_object.c:201); _vm_object_terminate 0x178d88 (vm_object.c:396)
shadow	0x20		0x20	32	match	_vm_object_init 0x178b1f (vm_object.c:210); _vm_object_shadow 0x1795d4 (vm_object.c:934); _vm_object_terminate 0x178d69
shadow_offset	0x24		0x24	32	match	_vm_object_init 0x178b29 (vm_object.c:211); _vm_object_shadow 0x1795dc (vm_object.c:941)
pager	0x28		0x28	32	match	_vm_object_init 0x178ae0 (vm_object.c:203); _vm_object_setpager 0x17961b; _vm_object_copy 0x1793f0
paging_offset	0x2c		0x2c	32	match	_vm_object_init 0x178b15 (vm_object.c:209)
pager_request	0x30		0x30	32	match	_vm_object_init 0x178aea (vm_object.c:204) zero store only
pager_name	0x34		0x34	32	match	_vm_object_init 0x178af4 (vm_object.c:205) zero store only
copy_strategy	0x38				unverified (no original access found)	
absent_count	0x3c				unverified (no original access found)	
all_wanted	0x40				unverified (no original access found)	
cached_list	0x4c		0x4c	64	match	_vm_object_deallocate 0x178cf3/0x178cf6 queue_enter (vm_object.c:331)
last_alloc	0x54		0x54	32	match	_vm_object_init 0x178b33 (vm_object.c:212); _vm_page_alloc_sequential 0x17b47b
