file_offset	text
0xdc	__cstring
0x120	__literal8
0x164	__picsymbol_stub__TEXT
0x224	__nl_symbol_ptr
0x268	__la_symbol_ptr
0x334	__common
0x378	__symbol_blocks
0x3bc	__error_string
0x438	__mem_prot_lock
0x484	__LINKEDIT
0x4c0	/usr/lib/dyld
0x1e57a	C#$0< u+
0x208c5	C#$0< u3
0x20aee	C#$0< uM
0x20b10	C3$0< u+
0x223dc	@(#)PROGRAM:dyld  PROJECT:cctools-209.4  DEVELOPER:root  BUILT:Tue Apr 22 08:40:46 PDT 1997
0x22929	         (((((                  
0x22a34	Not owner
0x22a3e	No such file or directory
0x22a58	No such process
0x22a68	Interrupted system call
0x22a80	I/O error
0x22a8a	No such device or address
0x22aa4	Arg list too long
0x22ab6	Exec format error
0x22ac8	Bad file number
0x22ad8	No children
0x22ae4	No more processes
0x22af6	Not enough memory
0x22b08	Permission denied
0x22b1a	Bad address
0x22b26	Block device required
0x22b3c	Device busy
0x22b48	File exists
0x22b54	Cross-device link
0x22b66	No such device
0x22b75	Not a directory
0x22b85	Is a directory
0x22b94	Invalid argument
0x22ba5	File table overflow
0x22bb9	Too many open files
0x22bcd	Inappropriate ioctl for device
0x22bec	Text file busy
0x22bfb	File too large
0x22c0a	No space left on device
0x22c22	Illegal seek
0x22c2f	Read-only file system
0x22c45	Too many links
0x22c54	Broken pipe
0x22c60	Argument too large
0x22c73	Result too large
0x22c84	Operation would block
0x22c9a	Operation now in progress
0x22cb4	Operation already in progress
0x22cd2	Socket operation on non-socket
0x22cf1	Destination address required
0x22d0e	Message too long
0x22d1f	Protocol wrong type for socket
0x22d3e	Option not supported by protocol
0x22d5f	Protocol not supported
0x22d76	Socket type not supported
0x22d90	Operation not supported on socket
0x22db2	Protocol family not supported
0x22dd0	Address family not supported by protocol family
0x22e00	Address already in use
0x22e17	Can't assign requested address
0x22e36	Network is down
0x22e46	Network is unreachable
0x22e5d	Network dropped connection on reset
0x22e81	Software caused connection abort
0x22ea2	Connection reset by peer
0x22ebb	No buffer space available
0x22ed5	Socket is already connected
0x22ef1	Socket is not connected
0x22f09	Can't send after socket shutdown
0x22f2a	Too many references: can't splice
0x22f4c	Connection timed out
0x22f61	Connection refused
0x22f74	Too many levels of symbolic links
0x22f96	File name too long
0x22fa9	Host is down
0x22fb6	Host is unreachable
0x22fca	Directory not empty
0x22fde	Too many processes
0x22ff1	Too many users
0x23000	Disc quota exceeded
0x23014	Stale NFS file handle
0x2302a	Too many levels of remote in path
0x2304c	Not a stream device
0x23060	Timer expired
0x2306e	Out of stream resources
0x23086	No message of desired type
0x230a1	Not a data message
0x230b4	Identifier removed
0x230c7	Deadlock situation detected/avoided
0x230eb	No record locks available
0x23105	Device power is off
0x23119	Device error
0x23126	Device not initialized
0x2313d	Bad executable (or shared library)
0x23160	Bad CPU type in executable
0x2317b	Shared library version mismatch
0x2319b	Malformed Mach-o file
0x231b1	can't get host basic info
0x231d9	/usr/lib/dyld
0x231e7	dyld: %s: prebinding disabled because executable not marked with MH_NOUNDEFS
0x23235	dyld: %s: prebinding enabled using only prebound libraries
0x23271	dyld: %s: prebinding enabled
0x2328f	executable: %s will be launched (DYLD_EBADEXEC_ONLY set, program not started)
0x232e3	DYLD_FRAMEWORK_PATH=
0x232f8	DYLD_LIBRARY_PATH=
0x2330b	DYLD_INSERT_LIBRARIES=
0x23322	DYLD_DEBUG_TRACE=
0x23334	DYLD_ERROR_PRINT=
0x23346	DYLD_PRINT_LIBRARIES=
0x2335c	DYLD_MEM_PROTECT=
0x2336e	DYLD_EBADEXEC_ONLY=
0x23382	DYLD_BIND_AT_LAUNCH=
0x23397	DYLD_DEAD_LOCK_HANG=
0x233ac	DYLD_PREBIND_DEBUG=
0x233c7	can't vm_protect data segment of dyld
0x233f2	can't vm_(un)protect data segment of dyld
0x2341c	__LINKEDIT
0x2342e	malformed executable: %s (segment %.16s has relocation entries but the max vm protection does not allow reading and writing)
0x234ab	malformed executable: %s (dynamic symbol table command but no standard symbol table command)
0x23508	malformed executable: %s (dynamic symbol table commandbut no __LINKEDITsegment)
0x23558	malformed executable: %s (symbol table command but no __LINKEDITsegment)
0x235a1	possible malformed executable: %s (no dynamic symbol table command)
0x235e5	possible malformed executable: %s (no __LINKEDITsegment)
0x2361e	executable
0x23629	loading libraries for DYLD_INSERT_LIBRARIES=%s
0x23659	dyld: %s: prebinding disabled due to DYLD_INSERT_LIBRARIES being set
0x2369f	loading libraries for image: %s
0x236c0	loading library: %s
0x236d5	can't open library: %s 
0x236ed	can't stat library: %s
0x23704	truncated or malformed library: %s (file is empty)
0x23737	can't map library: %s
0x2374d	truncated or malformed library: %s (file too small to be a library)
0x23791	truncated or malformed library: %s (fat file's fat_arch structs extend past the end of the file)
0x237f2	bad CPU type in library: %s
0x2380e	malformed library: %s (not a Mach-O file, bad magic number)
0x2384a	can't vm_deallocate map_fd memory for library: %s
0x2387c	can't close file descriptor for library: %s 
0x238a9	.framework/
0x238b5	Versions/
0x238c9	malformed library: %s (not a Mach-O library file, bad filetype value)
0x2390f	malformed library: %s (Mach-O library file, does not have an LC_ID_DYLIB command)
0x23961	version mismatch for library: %s (compatibility version of user: %lu.%lu.%lu greater than library's version: %lu.%lu.%lu)
0x239db	dyld: %s: prebinding disabled because library: %s got slid
0x23a17	dyld: %s: prebinding disabled because library: %s not prebound
0x23a57	dyld: %s: prebinding disabled because time stamp of library: %s did not match
0x23aa6	malformed object file image: %s (address of image not on a page boundary)
0x23af0	truncated or malformed object file image: %s (too small to be an object file image)
0x23b44	malformed object file image: %s (not a Mach-O image, bad magic number)
0x23b8b	object file image
0x23b9d	malformed object file image: %s (not a Mach-O bundle file, bad filetype value)
0x23bec	can't vm_deallocate map_fd memory for %s: %s
0x23c19	can't map %s: %s
0x23c2a	can't vm_deallocate memory to load in %s: %s
0x23c57	can't vm_allocate memory to load in %s: %s
0x23c82	can't map segment: %.16s for %s: %s
0x23ca6	can't vm_copy segment: %.16s for %s: %s
0x23cce	can't close file descriptor for %s: %s 
0x23cf6	can't vm_deallocate shared pcsample buffer  memory for %s
0x23d30	can't vm_protect segment: %.16s for %s: %s
0x23d5b	bad CPU type in %s: %s
0x23d72	bad CPU subtype in %s: %s
0x23d8c	truncated or malformed %s: %s (load commands extend past the end of the image)
0x23ddb	truncated or malformed %s: %s (load command %lu size not a multiple of sizeof(long))
0x23e30	truncated or malformed %s: %s (load command %lu size is equal to zero)
0x23e77	truncated or malformed %s: %s (load command %lu extends past end of all load commands)
0x23ece	truncated or malformed %s: %s (load command %lu fileoff extends past end of the library)
0x23f27	truncated or malformed %s: %s (load command %lu fileoff plus filesize extends past end of the library)
0x23f8e	malformed %s: %s (cmdsize field of load command %lu is inconsistant for a segment command with the number of sections it has)
0x2400c	truncated or malformed %s: %s (cmdsize of load command %lu incorrect for LC_ID_DYLIB)
0x24062	truncated or malformed %s: %s (cmdsize of load command %lu incorrect for LC_LOAD_DYLIB)
0x240ba	truncated or malformed %s: %s (name.offset of load command %lu extends past the end of the load command)
0x24123	truncated or malformed %s: %s (library name of load command %lu not null terminated)
0x24178	malformed %s: %s (no segment command maps the mach_header)
0x241b3	malformed %s: %s (no symbol table command)
0x241de	malformed %s: %s (no dynamic symbol table command)
0x24211	malformed %s: %s (no __LINKEDITsegment)
0x24239	malformed %s: %s (offset to symbol table not in __LINKEDIT segment)
0x2427d	malformed %s: %s (symbol table not contained in __LINKEDIT segment)
0x242c1	malformed %s: %s (offset to string table not in __LINKEDIT segment)
0x24305	malformed %s: %s (string table not contained in __LINKEDIT segment)
0x24349	malformed %s: %s (ilocalsym in LC_DYSYMTAB load command extends past the end of the symbol table
0x243aa	malformed %s: %s (ilocalsym plus nlocalsym in LC_DYSYMTAB load command extends past the end of the symbol table
0x2441a	malformed %s: %s (iextdefsym in LC_DYSYMTAB load command extends past the end of the symbol table
0x2447c	malformed %s: %s (iextdefsym plus nextdefsym in LC_DYSYMTAB load command extends past the end of the symbol table
0x244ee	malformed %s: %s (iundefsym in LC_DYSYMTAB load command extends past the end of the symbol table
0x2454f	malformed %s: %s (iundefsym plus nundefsym in LC_DYSYMTAB load command extends past the end of the symbol table
0x245bf	malformed %s: %s (offset to table of contents not in __LINKEDIT segment)
0x24608	malformed %s: %s (table of contents not contained in __LINKEDIT segment)
0x24651	malformed %s: %s (offset to module table not in __LINKEDIT segment)
0x24695	malformed %s: %s (module table not contained in __LINKEDIT segment)
0x246d9	malformed %s: %s (offset to referenced symbol table not in __LINKEDIT segment)
0x24728	malformed %s: %s (referenced table not contained in __LINKEDIT segment)
0x24770	malformed %s: %s (offset to indirect symbol table not in __LINKEDIT segment)
0x247bd	malformed %s: %s (indirect symbol table not contained in __LINKEDIT segment)
0x2480a	malformed %s: %s (offset to external relocation entries not in __LINKEDIT segment)
0x2485d	malformed %s: %s (external relocation entries not contained in __LINKEDIT segment)
0x248b0	malformed %s: %s (offset to local relocation entries not in __LINKEDIT segment)
0x24900	malformed %s: %s (local relocation entries not contained in __LINKEDIT segment)
0x24950	dyld: %s: prebinding disabled because no LC_PREBOUND_DYLIB for library: %s
0x2499c	dyld: %s: prebinding disabled because nmodules in LC_PREBOUND_DYLIB for library: %s does not match
0x24a00	dyld: %s: prebinding disabled because LC_PREBOUND_DYLIB found for library: %s but it was not loaded
0x24a65	can't set vm_protection on segment: %.16s for object: %s
0x24a9e	dyld: %s: trying to use prebound libraries failed due to undefined symbols
0x24aea	Undefined symbols:
0x24b01	can't set vm_protection on segment: %.16s for: %s
0x24b33	multiple definitions of symbol %s
0x24b55	%s(%s) definition of %s
0x24b6e	%s definition of %s
0x24b83	dead lock (dyld operation attempted in a thread already doing a dyld operation)
0x24be0	 (%s, errno = %d)
0x24bf3	 (%s, kern return = %d)
0x24c0c	DYLD_WARNING
0x24c19	DYLD_OTHER_ERROR
0x24c2a	DYLD_UNIX_RESOURCE
0x24c3d	DYLD_MACH_RESOURCE
0x24c50	DYLD_FILE_FORMAT
0x24c61	DYLD_FILE_ACCESS
0x24c72	error_class = %s
0x24c84	error_class = %u
0x24c96	error_number = DYLD_RELOCATION
0x24cb6	error_number = DYLD_LAZY_BIND
0x24cd5	error_number = DYLD_INDR_LOOP
0x24cf4	error_number = %d
0x24d07	error_number = EBADMACHO
0x24d21	error_number = EBADEXEC
0x24d3a	error_number = EBADARCH
0x24d53	error_number = ESHLIBVERS
0x24d6e	can't create NXZone (for internal data structures)
0x24da1	can't allocate memory (for internal data structures)
0x24dd6	can't protect allocated memory (for internal data structures
0x24e13	can't unprotect allocated memory (for internal data structures
0x24e52	dyld: %s: trying to use prebound libraries failed due to multiply defined symbols
0x24ea5	indirect symbol loop:
0x24ebb	%s(%s) definition of %s as indirect for %s
0x24ee7	%s definition of %s as indirect for %s
0x24f0f	bad mach header passed to stub_binding_helper
0x24f3d	bad address of lazy symbol pointer passed to stub_binding_helper
0x24f7e	dyld: %s: linking in non-prebound lazy symbol: %s
0x24fb1	dyld: %s: linking in bind by name symbol: %s
0x24fdf	dyld: %s: trying to use prebound libraries failed due to overridden symbols
0x2502c	can't set vm_protection on segment: %.16s for library: %s
0x25066	relocation overflow (local relocation in %s relocation entry %lu does not fit in 1 byte)
0x250bf	relocation overflow (local relocation in %s relocation entry %lu does not fit in 2 bytes)
0x25119	dyld: relocation overflow (external relocation for symbol %s in 
0x25162	relocation entry %lu does not fit in 1 byte
0x2518e	relocation entry %lu does not fit in 2 bytes
0x251bb	__dyld_launched_prebound
0x251d4	__dyld_NSAddLibrary
0x251e8	__dyld_NSLibraryNameForModule
0x25206	__dyld_NSNameOfModule
0x2521c	__dyld_NSIsSymbolNameDefined
0x25239	__dyld_NSLookupAndBindSymbol
0x25256	__dyld_NSModuleForSymbol
0x2526f	__dyld_NSAddressOfSymbol
0x25288	__dyld_NSNameOfSymbol
0x2529e	__dyld_make_delayed_module_initializer_calls
0x252cb	__dyld_fork_mach_init
0x252e1	__dyld_fork_child_final
0x252f9	__dyld_fork_child
0x2530b	__dyld_fork_parent
0x2531e	__dyld_fork_prepare
0x25332	__dyld_moninit
0x25341	__dyld_bind_fully_image_containing_address
0x2536c	__dyld_bind_objc_module
0x25384	__dyld_get_objc_module_sect_for_module
0x253ab	__dyld_register_func_for_replace_module
0x253d3	__dyld_register_func_for_unlink_module
0x253fa	__dyld_register_func_for_link_module
0x2541f	__dyld_register_func_for_add_image
0x25442	__dyld_link_module
0x25455	__dyld_install_handlers
0x2546d	__dyld_lookup_and_bind_fully
0x2548a	__dyld_lookup_and_bind_objc
0x254a6	__dyld_lookup_and_bind
0x254bd	__dyld_get_image_name
0x254d3	__dyld_get_image_vmaddr_slide
0x254f1	__dyld_get_image_header
0x25509	__dyld_image_count
0x25523	__module_info
0x25531	can't get host sched info
0x2554b	start_debug_thread called
0x25566	debug_thread %d
0x25577	debug_port %d
0x25586	Invalid argument %d passed to NXProtectZone
0x255b3	Malloc corrupted entering malloc
0x255d5	Malloc corrupted leaving malloc
0x255f6	start add 0x%x size %d free %d
0x25616	zone 0x%x 
0x25621	valloced -- start add 0x%x size %ld free 0
0x2564d	ptr not in heap
0x2565e	Malloc corrupted entering realloc
0x25681	Malloc corrupted leaving realloc
0x256a3	Malloc corrupted entering free
0x256c3	Malloc corrupted leaving free
0x256e2	n %d size 0x%x data %x 
0x256fb	**Bad heap: left child to big 0x%x
0x2571f	**Bad heap: right child to big 0x%x
0x25744	**Bad free area not marked free
0x25765	**Bad heap: free area size is 0x%x
0x25789	**Bad heap: back pointer to free heap is bad
0x257b7	**Bad heap: bad free area size
0x257d7	number of regions used %d allocated %d
0x257ff	INTERNAL
0x25808	EXTERNAL
0x25818	beginadd %x endadd %x zone 0x%x type %s 
0x25841	number of zones used %d allocated %d
0x25867	freen %d freemaxn %d 
0x2587e	The free heap ---------------
0x2589d	bad zone piece size of zero
0x258ba	Smashed zone. Header size invalid
0x258dd	back pointer number to the lastfree is bad
0x25909	back pointer to last free is bad
0x2592b	lastfree is not really free
0x25948	end of last piece did not match end of zone
0x25975	last piece in region bad
0x2598f	beginadd %x endadd %x zonep 0x%x type %s 
0x259b9	add 0x%x size 0x%x free %d lastguyfree %d
0x259e4	***bad piece at %x size of zero
0x25a05	-------- extend point %x --------
0x25a28	last piece in region is bad
0x25a45	bad zone
0x25a4f	attempt to free or realloc space not in heap
0x25a7d	internal verification of memory heap failed
0x25aaa	attempt to free or realloc space already freed
0x25ada	vm_copy failed
0x25aea	vm_deallocate failed
0x25b00	vm_allocate failed
0x25b14	memory allocation error: 
0x25b33	NSProfileServer
0x25b43	Unknown error
0x25b51	(null pointer)
0x25b69	+Infinity
0x25b73	-Infinity
0x25b7d	successful
0x25b88	invalid address
0x25b98	protection failure
0x25bab	no space available
0x25bbe	invalid argument
0x25bd7	resource shortage
0x25be9	not receiver
0x25bf6	no access
0x25c00	memory failure
0x25c0f	memory error
0x25c1c	port already in set
0x25c30	port not member of set
0x25c47	name translation already exists
0x25c67	operation aborted
0x25c79	bootstrap operation not privileged
0x25c9c	bootstrap operation name in use
0x25cbc	bootstrap unknown service
0x25cd6	bootstrap service already active
0x25cf7	bootstrap bad count
0x25d0b	bootstrap no memory
0x25d1f	invalid memory
0x25d2e	invalid port
0x25d3b	timed out
0x25d45	will notify
0x25d51	notify in progress
0x25d64	kernel refused message
0x25d7b	send interrupted
0x25d8c	send message too large
0x25da3	send message too small
0x25dba	message too large
0x25dcc	no space for message data
0x25de6	only sender remaining
0x25dfc	receive interrupted
0x25e10	port receiver changed or port became enabled
0x25e3d	Type check failure in message interface
0x25e65	Wrong return message ID
0x25e7d	Server detected error
0x25e93	Bad message ID
0x25ea2	Server found wrong arguments
0x25ebf	No reply should be sent
0x25ed7	Server raised exception
0x25eef	User specified array not large enough for return info
0x25f25	Netnameserver: name is not yours
0x25f46	Netnameserver: name not checked in
0x25f69	Netnameserver: no such host
0x25f85	Netnameserver: host not found
0x25fa3	unknown error
0x25fb1	%s: %s(%d)
0x25fbd	NetMessage
0x25fc8	msg_send
0x25fdd	getrlimit
0x267c4	$Header: thread.c,v 1.2 89/05/05 19:02:59 mrt Exp $
0x2bb48	_NXAddRegion
0x2bb55	_NXCreateChildZone
0x2bb68	_NXCreateZone
0x2bb76	_NXDefaultMallocZone
0x2bb8b	_NXMallocCheck
0x2bb9a	_NXMergeZone
0x2bba7	_NXNameZone
0x2bbb3	_NXProtectZone
0x2bbc2	_NXRemoveRegion
0x2bbd2	_NXZoneCalloc
0x2bbe0	_NXZoneFromPtr
0x2bbef	_NXZonePtrInfo
0x2bbfe	_SGS_VERS
0x2bc08	_VERS_NUM
0x2bc12	__NXMallocDumpFrees
0x2bc26	__NXMallocDumpZones
0x2bc3a	__alloc_stack
0x2bc48	__atexit
0x2bc51	__bootstrap_check_in
0x2bc66	__bootstrap_create_service
0x2bc81	__bootstrap_info
0x2bc92	__bootstrap_look_up
0x2bca6	__bootstrap_look_up_array
0x2bcc0	__bootstrap_port
0x2bcd1	__bootstrap_register
0x2bce6	__bootstrap_status
0x2bcf9	__bootstrap_subset
0x2bd14	__cleanup
0x2bd26	__cond_broadcast
0x2bd37	__cond_signal
0x2bd45	__condition_spin_limit
0x2bd5c	__condition_wait
0x2bd6d	__condition_yield_limit
0x2bd85	__cproc_create
0x2bd94	__cproc_default_stack_size
0x2bdaf	__cproc_fork_child
0x2bdc2	__cproc_init
0x2bdcf	__cproc_setup
0x2bddd	__cthread_body
0x2bdec	__cthread_count
0x2bdfc	__cthread_detach
0x2be0d	__cthread_errno
0x2be1d	__cthread_exit
0x2be2c	__cthread_exit_routine
0x2be43	__cthread_fork
0x2be52	__cthread_fork_child
0x2be67	__cthread_fork_parent
0x2be7d	__cthread_fork_prepare
0x2be94	__cthread_init
0x2bea3	__cthread_init_routine
0x2beba	__cthread_join
0x2bec9	__cthread_limit
0x2bed9	__cthread_name
0x2bee8	__cthread_set_errno_self
0x2bf01	__cthread_set_limit
0x2bf15	__cthread_set_name
0x2bf28	__cthread_set_self
0x2bf3b	__cthread_sp
0x2bf48	__cthread_stack_base
0x2bf5d	__cthread_stack_mask
0x2bf72	__cthread_yield
0x2bf82	__ctype_
0x2bf8b	__dealloc_stack
0x2bf9b	__device_master_self
0x2bfb0	__doprnt
0x2bfb9	__dyld_debug_server
0x2bfcd	__dyld_func_lookup
0x2bfe0	__dyld_init
0x2bfec	__dyld_reloc
0x2bff9	__dyld_start
0x2c00d	__event_port_by_tag
0x2c028	__f_morefiles
0x2c036	__f_prealloc
0x2c04a	__findiop
0x2c054	__flsbuf
0x2c05d	__fork_mach_init
0x2c085	__getdtablesize
0x2c095	__getrlimit
0x2c0a8	__host_priv_self
0x2c0b9	__host_self
0x2c0c5	__init_process
0x2c0d4	__initial_stack_boundary
0x2c0fb	__isatty
0x2c114	__kern_timestamp
0x2c125	__longjmp
0x2c12f	__lookupd_port
0x2c13e	__lu_fork_child
0x2c14e	__lu_port
0x2c158	__lu_running
0x2c165	__lu_setport
0x2c172	__mach_data_padding
0x2c186	__mach_error
0x2c193	__mach_error_string
0x2c1a7	__mach_errormsg
0x2c1b7	__mach_host_self
0x2c1c8	__mach_init
0x2c1d4	__mach_init_routine
0x2c1e8	__mach_msg_trap
0x2c1f8	__mach_reply_port
0x2c20a	__mach_swapon
0x2c218	__mach_task_self
0x2c229	__mach_thread_self
0x2c23c	__malloc_fork_child
0x2c250	__malloc_fork_parent
0x2c265	__malloc_fork_prepare
0x2c27b	__malloc_lock
0x2c289	__map_fd
0x2c292	__mig_dealloc_reply_port
0x2c2ab	__mig_fork_child
0x2c2bc	__mig_get_reply_port
0x2c2d1	__mig_init
0x2c2dc	__msg_receive
0x2c2ea	__msg_receive_timeout
0x2c300	__msg_receive_trap
0x2c313	__msg_rpc
0x2c31d	__msg_rpc_trap
0x2c32c	__msg_send
0x2c337	__msg_send_timeout
0x2c34a	__msg_send_trap
0x2c35a	__mutex_spin_limit
0x2c36d	__mutex_try_lock
0x2c37e	__mutex_unlock_try
0x2c391	__mutex_wait_lock
0x2c3a3	__name_server_port
0x2c3b6	__netipc_ignore
0x2c3c6	__netipc_listen
0x2c3d6	__old_mach_init_ports
0x2c3ec	__old_mach_init_ports_count
0x2c40f	__port_allocate
0x2c41f	__port_deallocate
0x2c431	__port_extract_receive
0x2c448	__port_extract_send
0x2c45c	__port_insert_receive
0x2c472	__port_insert_send
0x2c485	__port_names
0x2c492	__port_rename
0x2c4a0	__port_set_add
0x2c4af	__port_set_allocate
0x2c4c3	__port_set_backlog
0x2c4d6	__port_set_backup
0x2c4e8	__port_set_deallocate
0x2c4fe	__port_set_remove
0x2c510	__port_set_status
0x2c522	__port_status
0x2c530	__port_type
0x2c53c	__set_cthread_free_callout
0x2c557	__set_malloc_singlethreaded
0x2c573	__setjmp
0x2c57c	__spin_lock
0x2c588	__spin_unlock
0x2c596	__stack_fork_child
0x2c5a9	__stack_init
0x2c5be	__swtch_pri
0x2c5ca	__sys_errlist_0
0x2c5da	__sys_errlist_E2BIG
0x2c5ee	__sys_errlist_EACCES
0x2c603	__sys_errlist_EADDRINUSE
0x2c61c	__sys_errlist_EADDRNOTAVAIL
0x2c638	__sys_errlist_EAFNOSUPPORT
0x2c653	__sys_errlist_EAGAIN
0x2c668	__sys_errlist_EALREADY
0x2c67f	__sys_errlist_EBADARCH
0x2c696	__sys_errlist_EBADEXEC
0x2c6ad	__sys_errlist_EBADF
0x2c6c1	__sys_errlist_EBADMACHO
0x2c6d9	__sys_errlist_EBADMSG
0x2c6ef	__sys_errlist_EBUSY
0x2c703	__sys_errlist_ECHILD
0x2c718	__sys_errlist_ECONNABORTED
0x2c733	__sys_errlist_ECONNRESET
0x2c74c	__sys_errlist_EDEADLK
0x2c762	__sys_errlist_EDESTADDRREQ
0x2c77d	__sys_errlist_EDEVERR
0x2c793	__sys_errlist_EDOM
0x2c7a6	__sys_errlist_EDQUOT
0x2c7bb	__sys_errlist_EEXIST
0x2c7d0	__sys_errlist_EFAULT
0x2c7e5	__sys_errlist_EFBIG
0x2c7f9	__sys_errlist_EHOSTDOWN
0x2c811	__sys_errlist_EHOSTUNREACH
0x2c82c	__sys_errlist_EIDRM
0x2c840	__sys_errlist_EINPROGRESS
0x2c85a	__sys_errlist_EINTR
0x2c86e	__sys_errlist_EINVAL
0x2c883	__sys_errlist_EIO
0x2c895	__sys_errlist_EISCONN
0x2c8ab	__sys_errlist_EISDIR
0x2c8c0	__sys_errlist_ELOOP
0x2c8d4	__sys_errlist_EMFILE
0x2c8e9	__sys_errlist_EMLINK
0x2c8fe	__sys_errlist_EMSGSIZE
0x2c915	__sys_errlist_ENAMETOOLONG
0x2c930	__sys_errlist_ENETDOWN
0x2c947	__sys_errlist_ENETRESET
0x2c95f	__sys_errlist_ENETUNREACH
0x2c979	__sys_errlist_ENFILE
0x2c98e	__sys_errlist_ENOBUFS
0x2c9a4	__sys_errlist_ENODEV
0x2c9b9	__sys_errlist_ENOENT
0x2c9ce	__sys_errlist_ENOEXEC
0x2c9e4	__sys_errlist_ENOINIT
0x2c9fa	__sys_errlist_ENOLCK
0x2ca0f	__sys_errlist_ENOMEM
0x2ca24	__sys_errlist_ENOMSG
0x2ca39	__sys_errlist_ENOPROTOOPT
0x2ca53	__sys_errlist_ENOSPC
0x2ca68	__sys_errlist_ENOSR
0x2ca7c	__sys_errlist_ENOSTR
0x2ca91	__sys_errlist_ENOTBLK
0x2caa7	__sys_errlist_ENOTCONN
0x2cabe	__sys_errlist_ENOTDIR
0x2cad4	__sys_errlist_ENOTEMPTY
0x2caec	__sys_errlist_ENOTSOCK
0x2cb03	__sys_errlist_ENOTTY
0x2cb18	__sys_errlist_ENXIO
0x2cb2c	__sys_errlist_EOPNOTSUPP
0x2cb45	__sys_errlist_EPERM
0x2cb59	__sys_errlist_EPFNOSUPPORT
0x2cb74	__sys_errlist_EPIPE
0x2cb88	__sys_errlist_EPROCLIM
0x2cb9f	__sys_errlist_EPROTONOSUPPORT
0x2cbbd	__sys_errlist_EPROTOTYPE
0x2cbd6	__sys_errlist_EPWROFF
0x2cbec	__sys_errlist_ERANGE
0x2cc01	__sys_errlist_EREFUSED
0x2cc18	__sys_errlist_EREMOTE
0x2cc2e	__sys_errlist_EROFS
0x2cc42	__sys_errlist_ESHLIBVERS
0x2cc5b	__sys_errlist_ESHUTDOWN
0x2cc73	__sys_errlist_ESOCKTNOSUPPORT
0x2cc91	__sys_errlist_ESPIPE
0x2cca6	__sys_errlist_ESRCH
0x2ccba	__sys_errlist_ESTALE
0x2cccf	__sys_errlist_ETIME
0x2cce3	__sys_errlist_ETIMEDOUT
0x2ccfb	__sys_errlist_ETOOMANYREFS
0x2cd16	__sys_errlist_ETXTBSY
0x2cd2c	__sys_errlist_EUSERS
0x2cd41	__sys_errlist_EWOULDBLOCK
0x2cd5b	__sys_errlist_EXDEV
0x2cd6f	__task_by_pid
0x2cd7d	__task_by_unix_pid
0x2cd90	__task_create
0x2cd9e	__task_get_special_port
0x2cdb6	__task_info
0x2cdc2	__task_notify
0x2cdd0	__task_resume
0x2cdde	__task_self
0x2cdea	__task_self_
0x2cdf7	__task_set_special_port
0x2ce0f	__task_suspend
0x2ce1e	__task_terminate
0x2ce2f	__task_threads
0x2ce3e	__thread_abort
0x2ce4d	__thread_create
0x2ce5d	__thread_get_special_port
0x2ce77	__thread_get_state
0x2ce8a	__thread_info
0x2ce98	__thread_reply
0x2cea7	__thread_resume
0x2ceb7	__thread_self
0x2cec5	__thread_set_special_port
0x2cedf	__thread_set_state
0x2cef2	__thread_suspend
0x2cf03	__thread_switch
0x2cf13	__thread_terminate
0x2cf26	__threads_data_padding
0x2cf3d	__unix_pid
0x2cf48	__ur_cthread_self
0x2cf5a	__vm_allocate
0x2cf68	__vm_copy
0x2cf72	__vm_deactivate
0x2cf82	__vm_deallocate
0x2cf92	__vm_inherit
0x2cf9f	__vm_machine_attribute
0x2cfb6	__vm_page_size
0x2cfc5	__vm_protect
0x2cfd2	__vm_read
0x2cfdc	__vm_region
0x2cfe8	__vm_set_policy
0x2cff8	__vm_statistics
0x2d008	__vm_synchronize
0x2d019	__vm_write
0x2d02c	__writev
0x2d035	__xxx_PORT_ENABLED
0x2d048	__xxx_cpu_control
0x2d05a	__xxx_environment_port
0x2d071	__xxx_host_info
0x2d081	__xxx_slot_info
0x2d098	_add_error_string
0x2d0aa	_add_profil
0x2d0b6	_allocate
0x2d0c0	_allocate_with_no_error_check
0x2d0ec	_bind_lazy_symbol_reference
0x2d108	_bind_symbol_by_name
0x2d11d	_bootstrap_look_up
0x2d130	_bootstrap_port
0x2d140	_bootstrap_status
0x2d152	_bsearch
0x2d15b	_buffer_for_dylib
0x2d16d	_call_module_initializers
0x2d187	_call_registered_funcs_for_add_images
0x2d1ad	_call_registered_funcs_for_linked_modules
0x2d1df	_change_symbol_pointers_in_images
0x2d201	_check_and_report_undefineds
0x2d21e	_check_executable_for_overrides
0x2d23e	_clear_being_linked_list
0x2d257	_clear_lock
0x2d263	_clear_undefined_list
0x2d280	_dead_lock_error
0x2d291	_debug_port
0x2d29d	_debug_thread
0x2d2ab	_debug_thread_lock
0x2d2be	_debug_thread_waiting_for_lock
0x2d2dd	_dyld_bind_at_launch
0x2d2f2	_dyld_dead_lock_hang
0x2d307	_dyld_debug_trace
0x2d319	_dyld_ebadexec_only
0x2d32d	_dyld_error_print
0x2d33f	_dyld_event_MsgError
0x2d354	_dyld_framework_path
0x2d369	_dyld_image
0x2d375	_dyld_image_header
0x2d388	_dyld_image_name
0x2d399	_dyld_image_vmaddr_slide
0x2d3b2	_dyld_insert_libraries
0x2d3c9	_dyld_library_path
0x2d3dc	_dyld_lock
0x2d3e7	_dyld_mem_protect
0x2d3f9	_dyld_monaddition
0x2d40b	_dyld_prebind_debug
0x2d41f	_dyld_print_libraries
0x2d443	_error_string
0x2d451	_executable_bind_at_load
0x2d46a	_executable_prebound
0x2d47f	_executables_name
0x2d497	_external_relocation
0x2d4bc	_fprintf
0x2d4d2	_get_entry_point
0x2d4e3	_getegid
0x2d4ec	_geteuid
0x2d4fd	_getsectbynamefromheader
0x2d51e	_global_lock
0x2d52b	_host_adjust_time
0x2d53d	_host_basic_info
0x2d54e	_host_get_time
0x2d55d	_host_info
0x2d568	_host_kernel_version
0x2d57d	_host_processor_set_priv
0x2d596	_host_processor_sets
0x2d5ab	_host_processors
0x2d5bc	_host_self
0x2d5c7	_host_set_time
0x2d5d6	_launched
0x2d5e0	_library_images
0x2d5f0	_link_edit_error
0x2d601	_link_in_need_modules
0x2d617	_link_library_module
0x2d62c	_link_object_module
0x2d640	_linkedit_error_enter
0x2d656	_load_dependent_libraries
0x2d670	_load_executable_image
0x2d687	_load_library_image
0x2d69b	_local_relocation
0x2d6ad	_lock_in_multiply_defined_handler
0x2d6cf	_lock_is_set
0x2d6dc	_lookup_symbol
0x2d6eb	_mach_error
0x2d6f7	_mach_error_string
0x2d70a	_mach_init
0x2d71d	_malloc_debug
0x2d72b	_malloc_error
0x2d739	_malloc_freezedry
0x2d74b	_malloc_good_size
0x2d75d	_malloc_jumpstart
0x2d76f	_malloc_singlethreaded
0x2d786	_malloc_size
0x2d793	_map_bundle_image
0x2d7ad	_mem_prot_debug_lock
0x2d7c2	_mem_prot_lock
0x2d7d1	_memmove
0x2d7e2	_mig_dealloc_reply_port
0x2d7fa	_mig_get_reply_port
0x2d81a	_msg_receive
0x2d827	_msg_rpc
0x2d830	_msg_send
0x2d842	_multiply_defined_enter
0x2d85a	_multiply_defined_error
0x2d872	_multiply_defined_exit
0x2d889	_mutex_try_lock
0x2d899	_mutex_wait_lock
0x2d8aa	_new_buffer_for_dylib
0x2d8c0	_object_images
0x2d8dd	_port_allocate
0x2d8ec	_port_deallocate
0x2d8fd	_prebinding
0x2d911	_processor_assign
0x2d923	_processor_control
0x2d936	_processor_exit
0x2d946	_processor_get_assignment
0x2d960	_processor_info
0x2d970	_processor_set_create
0x2d986	_processor_set_default
0x2d99d	_processor_set_destroy
0x2d9b4	_processor_set_info
0x2d9c8	_processor_set_max_priority
0x2d9e4	_processor_set_policy_disable
0x2da02	_processor_set_policy_enable
0x2da1f	_processor_set_tasks
0x2da34	_processor_set_threads
0x2da4b	_processor_start
0x2da64	_profile_server
0x2da74	_profile_server_exists
0x2da8b	_protect_allocated_memory
0x2daa5	_protect_data_segment
0x2dabb	_realloc
0x2dac4	_register_func_for_add_image
0x2dae1	_register_func_for_link_module
0x2db00	_register_func_for_replace_module
0x2db22	_register_func_for_unlink_module
0x2db43	_release_lock
0x2db51	_relocate_modules_being_linked
0x2db70	_relocate_symbol_pointers_for_defined_externs
0x2db9e	_relocate_symbol_pointers_in_library_image
0x2dbc9	_relocate_symbol_pointers_in_object_image
0x2dbf3	_reset_error_string
0x2dc07	_resolve_undefineds
0x2dc1b	_send_event
0x2dc27	_server_dyld_debug_add_event_subscriber
0x2dc4f	_server_dyld_debug_bind_module
0x2dc6e	_server_dyld_debug_defining_module
0x2dc91	_server_dyld_debug_is_module_bound
0x2dcb4	_server_dyld_debug_module_name
0x2dcd3	_set_error_string
0x2dce5	_set_images_to_prebound
0x2dcfd	_set_lock
0x2dd07	_set_lock_or_in_multiply_defined_handler
0x2dd30	_setup_initial_undefined_list
0x2dd4e	_shared_pcsample_buffer
0x2dd66	_start_debug_thread
0x2dd7a	_start_profiling_for_dylib
0x2dd9b	_stop_profiling_for_dylib
0x2ddd5	_strerror
0x2dddf	_strncmp
0x2dde8	_strncpy
0x2ddf1	_strrchr
0x2ddfa	_stub_binding_helper_interface
0x2de19	_symbol_blocks
0x2de28	_sys_errlist
0x2de35	_sys_nerr
0x2de3f	_system_error
0x2de4d	_task_assign
0x2de5a	_task_assign_default
0x2de6f	_task_get_assignment
0x2de84	_task_priority
0x2de93	_task_self
0x2de9e	_task_self_
0x2deaa	_thread_assign
0x2deb9	_thread_assign_default
0x2ded0	_thread_depress_abort
0x2dee6	_thread_get_assignment
0x2defd	_thread_info
0x2df0a	_thread_max_priority
0x2df1f	_thread_policy
0x2df2e	_thread_priority
0x2df3f	_thread_reply
0x2df4d	_thread_resume
0x2df5c	_thread_self
0x2df69	_thread_suspend
0x2df79	_thread_switch
0x2df88	_thread_terminate
0x2df9a	_thread_that_has_dyld_lock
0x2dfb5	_try_to_get_lock
0x2dfc6	_try_to_use_prebound_libraries
0x2dfe5	_undefined_list
0x2dff5	_undo_external_relocation
0x2e00f	_undo_prebound_images
0x2e025	_undo_prebound_lazy_pointers
0x2e042	_unprotect_allocated_memory
0x2e05e	_unprotect_data_segment
0x2e076	_ur_cthread_self
0x2e087	_user_dyld_event_server_callback
0x2e0a8	_user_linkEdit_handler
0x2e0bf	_user_multiple_handler
0x2e0d6	_user_undefined_handler
0x2e0ee	_vadd_error_string
0x2e101	_validate_NSModule
0x2e114	_validate_NSSymbol
0x2e136	_vm_allocate
0x2e143	_vm_copy
0x2e14c	_vm_deallocate
0x2e15b	_vm_page_size
0x2e169	_vm_protect
0x2e175	_vm_region
0x2e180	_vset_error_string
0x2e193	_vsprintf
0x2e1ab	debug_lock
0x2e1b6	dyld_stub_binding_helper
0x2e1db	_pickup_environment_variables
0x2e1f9	_get_data_segment
0x2e20b	_data_seg
0x2e215	_loading_executables_libraries
0x2e234	_get_framework_name
0x2e248	_look_back_for_slash
0x2e25d	_search_for_name_in_path
0x2e276	_map_library_image
0x2e289	_map_image
0x2e294	_first_time.42
0x2e2a3	_set_segment_protections
0x2e2bc	_load_images_libraries
0x2e2d3	_check_image
0x2e2e0	_check_linkedit_info
0x2e2f5	_save_object_image_name
0x2e30d	_string_block
0x2e31b	_new_object_image
0x2e32d	_new_library_image
0x2e340	_allocate_module_states
0x2e358	_module_state_block
0x2e36c	_is_library_loaded
0x2e37f	_set_prebound_state
0x2e393	_undo_prebinding_for_library
0x2e3b0	_failed_use_prebound_libraries
0x2e3cf	_reset_module_states
0x2e3f0	_link_edit_error_class_names
0x2e40d	_print_error_class
0x2e420	_print_error_number
0x2e43a	_being_linked_list
0x2e44d	_free_list
0x2e458	_symbol_blocks_used
0x2e46c	_initialize_symbol_block
0x2e485	_new_symbol_list
0x2e496	_add_to_undefined_list
0x2e4ad	_add_to_being_linked_list
0x2e4c7	_nlist_bsearch_strings
0x2e4de	_toc_bsearch_symbols
0x2e4f3	_toc_bsearch_strings
0x2e508	_nlist_bsearch
0x2e517	_toc_bsearch
0x2e524	_relocate_symbol_pointers
0x2e53e	_check_libraries_for_definition_and_refernce
0x2e56b	_dyld_funcs
0x2e577	__dyld_image_count
0x2e58a	__dyld_get_image_header
0x2e5a2	__dyld_get_image_vmaddr_slide
0x2e5c0	__dyld_get_image_name
0x2e5d6	__dyld_lookup_and_bind
0x2e5ed	__dyld_lookup_and_bind_objc
0x2e609	__dyld_lookup_and_bind_fully
0x2e626	__dyld_install_handlers
0x2e63e	__dyld_link_module
0x2e651	__dyld_register_func_for_add_image
0x2e674	__dyld_register_func_for_link_module
0x2e699	__dyld_register_func_for_unlink_module
0x2e6c0	__dyld_register_func_for_replace_module
0x2e6e8	__dyld_get_objc_module_sect_for_module
0x2e70f	__dyld_bind_objc_module
0x2e727	__dyld_bind_fully_image_containing_address
0x2e752	__dyld_moninit
0x2e761	__dyld_fork_prepare
0x2e775	__dyld_fork_parent
0x2e788	__dyld_fork_child
0x2e79a	__dyld_fork_child_final
0x2e7b2	__dyld_fork_mach_init
0x2e7c8	__dyld_make_delayed_module_initializer_calls
0x2e7f5	__dyld_NSNameOfSymbol
0x2e80b	__dyld_NSAddressOfSymbol
0x2e824	__dyld_NSModuleForSymbol
0x2e83d	__dyld_NSLookupAndBindSymbol
0x2e85a	__dyld_NSIsSymbolNameDefined
0x2e877	__dyld_NSNameOfModule
0x2e88d	__dyld_NSLibraryNameForModule
0x2e8ab	__dyld_NSAddLibrary
0x2e8bf	__dyld_launched_prebound
0x2e8d8	_saved_dyld_mem_protect
0x2e8f0	_info.86
0x2e900	_send_timeout
0x2e90e	_rcv_timeout
0x2e91b	_event_port_list
0x2e92c	_event_MsgError
0x2e93c	_core_image
0x2e948	_lock_in_linkedit_error_handler
0x2e968	_set_dyld_data
0x2e977	_server_loop
0x2e984	_send_past_events
0x2e996	_delay_mod_init
0x2e9a6	_call_module_initializers_for_objects
0x2e9cc	_add_image_func_list
0x2e9e1	_link_module_func_list
0x2e9f8	_unlink_module_func_list
0x2ea11	_replace_module_func_list
0x2ea2b	_call_registered_funcs_for_add_images_in_objects
0x2ea5c	_call_funcs_for_add_image
0x2ea76	_call_registered_funcs_for_linked_modules_in_objects
0x2eaab	_call_funcs_for_link_module
0x2eac7	_malloc_static
0x2ead6	_MallocErrorFunc
0x2eae7	_DefaultMallocError
0x2eafb	_malloc_check
0x2eb09	_errmessage
0x2eb15	_stdmessage
0x2eb21	_heapadd
0x2eb2a	_heapremove
0x2eb3e	_downheap
0x2eb48	_malloc_init
0x2eb55	_nxdestroyzone
0x2eb64	_joinzonesnolock
0x2eb75	_newzonedatanolock
0x2eb88	_keepzonenolock
0x2eb98	_dolockordebug
0x2eba7	__valloczonenolock
0x2ebba	_break_region
0x2ebc8	_newregionnolock
0x2ebd9	_checkregionsallocation
0x2ebf1	_delregionnolock
0x2ec02	_delzonenolock
0x2ec11	_addregionnolock
0x2ec22	_findregionnolock
0x2ec34	_nxzonemalloc
0x2ec42	_mallocnofree
0x2ec50	_nxzonemallocnolock
0x2ec64	_mallocnofreenolock
0x2ec78	_morememnolock
0x2ec87	_internal_zone_extend
0x2ec9d	_nxzonerealloc
0x2ecac	_nxzonereallocnolock
0x2ecc1	_NXZoneRealloc_canyou
0x2ecd7	_nxzonefree
0x2ece3	_nxzonefreenolock
0x2ecf5	_checkfreearrayallocation
0x2ed0f	_dumpheap
0x2ed19	_checkheap
0x2ed24	_malloc_checkfreeheaps
0x2ed3b	_malloc_checkzones
0x2ed4e	_vallocnolock
0x2ed5c	_isMallocData
0x2ed6a	_vfreenolock
0x2ed77	_MallocErrorMessages
0x2ed8c	_reply_port_lock
0x2ed9d	_profile_server_port
0x2edb2	_send_request
0x2edc0	_inconsistent_data_okCheck.10
0x2edde	__dyld_debug_defining_moduleType.11
0x2ee02	_moduleType.12
0x2ee11	__X_dyld_debug_defining_module
0x2ee30	_inconsistent_data_okCheck.15
0x2ee4e	_moduleCheck.16
0x2ee5e	__dyld_debug_is_module_boundType.17
0x2ee82	_boundType.18
0x2ee90	__X_dyld_debug_is_module_bound
0x2eeaf	_inconsistent_data_okCheck.21
0x2eecd	_moduleCheck.22
0x2eedd	__dyld_debug_bind_moduleType.23
0x2eefd	__X_dyld_debug_bind_module
0x2ef18	_inconsistent_data_okCheck.26
0x2ef36	_subscriberCheck.27
0x2ef4a	__X_dyld_debug_add_event_subscriber
0x2ef6e	_inconsistent_data_okCheck.30
0x2ef8c	_moduleCheck.31
0x2ef9c	__dyld_debug_module_nameType.32
0x2efbc	_image_nameType.33
0x2efcf	_module_nameType.34
0x2efe3	__X_dyld_debug_module_name
0x2effe	_RetCodeType.37
0x2f00e	_routines.38
0x2f01b	_eventType.10
0x2f029	_RetCodeCheck.11
0x2f03a	_cpusubtype_combine
0x2f04e	_cpusubtype_findbestarch
0x2f06e	_swap_fat_arch
0x2f07d	_swap_fat_header
0x2f08e	_SWAP_DOUBLE
0x2f09b	_SWAP_FLOAT
0x2f0a7	_get_host_byte_sex
0x2f0ba	_swap_dylib_command
0x2f0ce	_swap_dylib_module
0x2f0e1	_swap_dylib_reference
0x2f0f7	_swap_dylib_table_of_contents
0x2f115	_swap_dylinker_command
0x2f12c	_swap_dysymtab_command
0x2f143	_swap_fvmfile_command
0x2f159	_swap_fvmlib_command
0x2f16e	_swap_hppa_fp_thread_state
0x2f189	_swap_hppa_frame_thread_state
0x2f1a7	_swap_hppa_integer_thread_state
0x2f1c7	_swap_i386_thread_cthreadstate
0x2f1e6	_swap_i386_thread_exceptstate
0x2f204	_swap_i386_thread_fpstate
0x2f21e	_swap_i386_thread_state
0x2f236	_swap_i860_thread_state_regs
0x2f253	_swap_ident_command
0x2f267	_swap_indirect_symbols
0x2f27e	_swap_load_command
0x2f291	_swap_m68k_thread_state_68882
0x2f2af	_swap_m68k_thread_state_regs
0x2f2cc	_swap_m68k_thread_state_user_reg
0x2f2ed	_swap_m88110_thread_state_impl_t
0x2f30e	_swap_m88k_thread_state_grf_t
0x2f32c	_swap_m88k_thread_state_user_t
0x2f34b	_swap_m88k_thread_state_xrf_t
0x2f369	_swap_m98k_thread_state_grf_t
0x2f387	_swap_mach_header
0x2f399	_swap_nlist
0x2f3a5	_swap_prebound_dylib_command
0x2f3c2	_swap_ranlib
0x2f3cf	_swap_relocation_info
0x2f3e5	_swap_section
0x2f3f3	_swap_segment_command
0x2f409	_swap_sparc_thread_state_fpu
0x2f426	_swap_sparc_thread_state_regs
0x2f444	_swap_symseg_command
0x2f459	_swap_symtab_command
0x2f46e	_swap_thread_command
0x2f483	_vm_flush_cache
0x2f493	__framesize
0x2f49f	__nested_function
0x2f4b1	__framesize
0x2f4bd	__nested_function
0x2f4cf	__framesize
0x2f4db	__nested_function
0x2f4ed	__framesize
0x2f4f9	__nested_function
0x2f50b	_RetCodeCheck.10
0x2f51c	_flavorType.13
0x2f52b	_RetCodeCheck.14
0x2f53c	_flavorType.17
0x2f54b	_RetCodeCheck.18
0x2f55c	_hostCheck.19
0x2f56a	_RetCodeCheck.22
0x2f57b	_RetCodeCheck.25
0x2f58c	_processor_cmdType.28
0x2f5a2	_RetCodeCheck.29
0x2f5b3	_RetCodeCheck.32
0x2f5c4	_default_setCheck.33
0x2f5d9	_RetCodeCheck.36
0x2f5ea	_new_setCheck.37
0x2f5fb	_new_nameCheck.38
0x2f60d	_RetCodeCheck.41
0x2f61e	_flavorType.44
0x2f62d	_RetCodeCheck.45
0x2f63e	_hostCheck.46
0x2f64c	_new_setType.49
0x2f65c	_waitType.50
0x2f669	_RetCodeCheck.51
0x2f67a	_RetCodeCheck.54
0x2f68b	_assigned_setCheck.55
0x2f6a1	_new_setType.58
0x2f6b1	_RetCodeCheck.59
0x2f6c2	_RetCodeCheck.62
0x2f6d3	_RetCodeCheck.65
0x2f6e4	_assigned_setCheck.66
0x2f6fa	_new_setType.69
0x2f70a	_assign_threadsType.70
0x2f721	_RetCodeCheck.71
0x2f732	_assign_threadsType.74
0x2f749	_RetCodeCheck.75
0x2f75a	_RetCodeCheck.78
0x2f76b	_assigned_setCheck.79
0x2f781	_RetCodeCheck.82
0x2f792	_priorityType.85
0x2f7a3	_set_maxType.86
0x2f7b3	_RetCodeCheck.87
0x2f7c4	_processor_setType.90
0x2f7da	_max_priorityType.91
0x2f7ef	_RetCodeCheck.92
0x2f800	_priorityType.95
0x2f811	_change_threadsType.96
0x2f828	_RetCodeCheck.97
0x2f839	_max_priorityType.100
0x2f84f	_change_threadsType.101
0x2f867	_RetCodeCheck.102
0x2f879	_policyType.105
0x2f889	_dataType.106
0x2f897	_RetCodeCheck.107
0x2f8a9	_policyType.110
0x2f8b9	_RetCodeCheck.111
0x2f8cb	_policyType.114
0x2f8db	_change_threadsType.115
0x2f8f3	_RetCodeCheck.116
0x2f905	_RetCodeCheck.119
0x2f917	_RetCodeCheck.122
0x2f929	_RetCodeCheck.125
0x2f93b	_set_nameType.128
0x2f94d	_RetCodeCheck.129
0x2f95f	_setCheck.130
0x2f96d	_RetCodeCheck.133
0x2f97f	_new_timeType.136
0x2f991	_RetCodeCheck.137
0x2f9a3	_new_adjustmentType.140
0x2f9bb	_RetCodeCheck.141
0x2f9cd	_old_adjustmentCheck.142
0x2f9e6	_RetCodeCheck.145
0x2f9f8	_current_timeCheck.146
0x2fa0f	__framesize
0x2fa1b	__nested_function
0x2fa2d	__framesize
0x2fa39	__nested_function
0x2fa4b	__framesize
0x2fa57	__nested_function
0x2fa69	__framesize
0x2fa75	__nested_function
0x2fa87	__framesize
0x2fa93	__nested_function
0x2faa5	__p_dconv
0x2fac3	_old_next_minbrk
0x2fad4	old_next_minbrk
0x2fae4	_old_next_curbrk
0x2faf5	old_next_curbrk
0x2fb05	_inherit_memoryType.10
0x2fb1c	_RetCodeCheck.11
0x2fb2d	_child_taskCheck.12
0x2fb41	_RetCodeCheck.15
0x2fb52	_RetCodeCheck.18
0x2fb63	_RetCodeCheck.21
0x2fb74	_addressType.24
0x2fb84	_sizeType.25
0x2fb91	_anywhereType.26
0x2fba2	_RetCodeCheck.27
0x2fbb3	_addressCheck.28
0x2fbc4	_addressType.31
0x2fbd4	_sizeType.32
0x2fbe1	_RetCodeCheck.33
0x2fbf2	_addressType.36
0x2fc02	_sizeType.37
0x2fc0f	_set_maximumType.38
0x2fc23	_new_protectionType.39
0x2fc3a	_RetCodeCheck.40
0x2fc4b	_addressType.43
0x2fc5b	_sizeType.44
0x2fc68	_new_inheritanceType.45
0x2fc80	_RetCodeCheck.46
0x2fc91	_addressType.49
0x2fca1	_sizeType.50
0x2fcae	_RetCodeCheck.51
0x2fcbf	_addressType.54
0x2fccf	_dataType.55
0x2fcdc	_RetCodeCheck.56
0x2fced	_source_addressType.59
0x2fd04	_sizeType.60
0x2fd11	_dest_addressType.61
0x2fd26	_RetCodeCheck.62
0x2fd37	_addressType.65
0x2fd47	_RetCodeCheck.66
0x2fd58	_addressCheck.67
0x2fd69	_sizeCheck.68
0x2fd77	_protectionCheck.69
0x2fd8b	_max_protectionCheck.70
0x2fda3	_inheritanceCheck.71
0x2fdb8	_is_sharedCheck.72
0x2fdcb	_object_nameCheck.73
0x2fde0	_offsetCheck.74
0x2fdf0	_RetCodeCheck.77
0x2fe01	_vm_statsCheck.78
0x2fe13	_process_idType.81
0x2fe26	_RetCodeCheck.82
0x2fe37	_result_taskCheck.83
0x2fe4c	_RetCodeCheck.86
0x2fe5d	_process_idCheck.87
0x2fe71	_src_addrType.90
0x2fe82	_dst_addrType.91
0x2fe93	_src_portType.92
0x2fea4	_dst_portType.93
0x2feb5	_protocolType.94
0x2fec6	_ipc_portType.95
0x2fed7	_RetCodeCheck.96
0x2fee8	_ipc_portType.99
0x2fef9	_RetCodeCheck.100
0x2ff0b	_RetCodeCheck.103
0x2ff1d	_infoCheck.104
0x2ff2c	_slotType.107
0x2ff3a	_RetCodeCheck.108
0x2ff4c	_infoCheck.109
0x2ff5b	_cpuType.112
0x2ff68	_runningType.113
0x2ff79	_RetCodeCheck.114
0x2ff8b	_RetCodeCheck.117
0x2ff9d	_RetCodeCheck.120
0x2ffaf	_which_portType.123
0x2ffc3	_RetCodeCheck.124
0x2ffd5	_special_portCheck.125
0x2ffec	_which_portType.128
0x30000	_special_portType.129
0x30016	_RetCodeCheck.130
0x30028	_flavorType.133
0x30038	_RetCodeCheck.134
0x3004a	_RetCodeCheck.137
0x3005c	_child_threadCheck.138
0x30073	_RetCodeCheck.141
0x30085	_RetCodeCheck.144
0x30097	_RetCodeCheck.147
0x300a9	_flavorType.150
0x300b9	_RetCodeCheck.151
0x300cb	_flavorType.154
0x300db	_new_stateType.155
0x300ee	_RetCodeCheck.156
0x30100	_which_portType.159
0x30114	_RetCodeCheck.160
0x30126	_special_portCheck.161
0x3013d	_which_portType.164
0x30151	_special_portType.165
0x30167	_RetCodeCheck.166
0x30179	_flavorType.169
0x30189	_RetCodeCheck.170
0x3019b	_RetCodeCheck.173
0x301ad	_port_nameType.176
0x301c0	_RetCodeCheck.177
0x301d2	_port_type_pCheck.178
0x301e8	_old_nameType.181
0x301fa	_new_nameType.182
0x3020c	_RetCodeCheck.183
0x3021e	_RetCodeCheck.186
0x30230	_port_nameCheck.187
0x30244	_port_nameType.190
0x30257	_RetCodeCheck.191
0x30269	_port_nameType.194
0x3027c	_backlogType.195
0x3028d	_RetCodeCheck.196
0x3029f	_port_nameType.199
0x302b2	_RetCodeCheck.200
0x302c4	_enabledCheck.201
0x302d6	_num_msgsCheck.202
0x302e9	_backlogCheck.203
0x302fb	_ownershipCheck.204
0x3030f	_receive_rightsCheck.205
0x30328	_RetCodeCheck.208
0x3033a	_set_nameCheck.209
0x3034d	_set_nameType.212
0x3035f	_RetCodeCheck.213
0x30371	_set_nameType.216
0x30383	_port_nameType.217
0x30396	_RetCodeCheck.218
0x303a8	_port_nameType.221
0x303bb	_RetCodeCheck.222
0x303cd	_set_nameType.225
0x303df	_RetCodeCheck.226
0x303f1	_my_portType.229
0x30402	_his_nameType.230
0x30414	_RetCodeCheck.231
0x30426	_his_nameType.234
0x30438	_RetCodeCheck.235
0x3044a	_his_portCheck.236
0x3045d	_my_portType.239
0x3046e	_his_nameType.240
0x30480	_RetCodeCheck.241
0x30492	_his_nameType.244
0x304a4	_RetCodeCheck.245
0x304b6	_his_portCheck.246
0x304c9	_port_nameType.249
0x304dc	_backupType.250
0x304ec	_RetCodeCheck.251
0x304fe	_previousCheck.252
0x30511	_addressType.255
0x30522	_sizeType.256
0x30530	_attributeType.257
0x30543	_valueType.258
0x30552	_RetCodeCheck.259
0x30564	_valueCheck.260
0x30574	_addressType.263
0x30585	_sizeType.264
0x30593	_RetCodeCheck.265
0x305a5	_addressType.268
0x305b6	_sizeType.269
0x305c4	_policyType.270
0x305d4	_RetCodeCheck.271
0x305e6	_addressType.274
0x305f7	_sizeType.275
0x30605	_whenType.276
0x30613	_RetCodeCheck.277
0x30625	__framesize
0x30631	__nested_function
0x30643	__framesize
0x3064f	__nested_function
0x30661	__framesize
0x3066d	__nested_function
0x3067f	_atexit_list
0x3068c	_iobglue
0x30695	_endglue
0x3069e	__framesize
0x306aa	__nested_function
0x306bc	__framesize
0x306c8	__nested_function
0x306da	_mach_init_doit
0x306ea	__framesize
0x306f6	__nested_function
0x30710	_service_nameType.10
0x30725	_RetCodeCheck.11
0x30736	_service_portCheck.12
0x3074c	_service_nameType.15
0x30761	_service_portType.16
0x30776	_RetCodeCheck.17
0x30787	_service_nameType.20
0x3079c	_RetCodeCheck.21
0x307ad	_service_portCheck.22
0x307c3	_service_namesType.25
0x307d9	_RetCodeCheck.26
0x307ea	_all_services_knownCheck.27
0x30806	_service_nameType.30
0x3081b	_RetCodeCheck.31
0x3082c	_service_activeCheck.32
0x30844	_RetCodeCheck.35
0x30855	_requestor_portType.38
0x3086c	_RetCodeCheck.39
0x3087d	_subset_portCheck.40
0x30892	_service_nameType.43
0x308a7	_RetCodeCheck.44
0x308b8	_service_portCheck.45
0x308ce	_cprocs_started
0x308de	_cproc_lock
0x308f2	_cproc_alloc
0x308ff	_cproc_continue
0x3090f	__ctype_padding
0x3092b	_ecvt_rint
0x30936	__framesize
0x30942	__nested_function
0x30954	_cthreads
0x3095e	_cthread_lock
0x3096c	_cthread_needed
0x3097c	_cthread_idle
0x3098a	_n_cprocs
0x30994	_n_cthreads
0x309a0	_max_cprocs
0x309ac	_free_cthreads
0x309bb	_cthread_free_lock
0x309ce	_initial_cthread
0x309df	_cthread_alloc
0x309ee	__cthread_free_callout_function
0x30a0e	_cthread_free
0x30a1c	_cthreads_started.8
0x30a30	_saved_self
0x30a3c	_cthread_stack_size
0x30a50	_next_stack_base
0x30a61	_initial_stack_deallocated
0x30a7c	_initial_stack_lock
0x30a90	_setup_stack
0x30a9d	__framesize
0x30aa9	__nested_function
0x30abb	__framesize
0x30ac7	__nested_function
0x30ad9	__framesize
0x30ae5	__nested_function
0x30af7	_port_valid
0x30b03	__framesize
0x30b0f	__nested_function
0x30b21	__framesize
0x30b2d	__nested_function
0x30b3f	__mh_dylinker_header
