index	value	name	type	section	description	debug	defined_external
0	0x12027750	common	0xe	11	0	0	0
1	0x12002494	_pickup_environment_variables	0xe	1	0	0	0
2	0x1200279c	_get_data_segment	0xe	1	0	0	0
3	0x12026b48	_data_seg	0xe	10	0	0	0
4	0x120263e0	_loading_executables_libraries	0xe	9	0	0	0
5	0x12003264	_get_framework_name	0xe	1	0	0	0
6	0x12003438	_look_back_for_slash	0xe	1	0	0	0
7	0x12003454	_search_for_name_in_path	0xe	1	0	0	0
8	0x12003510	_map_library_image	0xe	1	0	0	0
9	0x12003abc	_map_image	0xe	1	0	0	0
10	0x120263e8	_first_time.42	0xe	9	0	0	0
11	0x120045a8	_set_segment_protections	0xe	1	0	0	0
12	0x120046d0	_load_images_libraries	0xe	1	0	0	0
13	0x12004708	_check_image	0xe	1	0	0	0
14	0x12004bd8	_check_linkedit_info	0xe	1	0	0	0
15	0x12004fe4	_save_object_image_name	0xe	1	0	0	0
16	0x12026b4c	_string_block	0xe	10	0	0	0
17	0x12005058	_new_object_image	0xe	1	0	0	0
18	0x120050d4	_new_library_image	0xe	1	0	0	0
19	0x1200516c	_allocate_module_states	0xe	1	0	0	0
20	0x12026f50	_module_state_block	0xe	10	0	0	0
21	0x120051b0	_is_library_loaded	0xe	1	0	0	0
22	0x120054f0	_set_prebound_state	0xe	1	0	0	0
23	0x12005994	_undo_prebinding_for_library	0xe	1	0	0	0
24	0x12005a74	_failed_use_prebound_libraries	0xe	1	0	0	0
25	0x12005a8c	_reset_module_states	0xe	1	0	0	0
26	0x12027728	_left	0xe	10	0	0	0
27	0x12027724	_last	0xe	10	0	0	0
28	0x12026000	_link_edit_error_class_names	0xe	6	0	0	0
29	0x1200609c	_print_error_class	0xe	1	0	0	0
30	0x120060d4	_print_error_number	0xe	1	0	0	0
31	0x12026408	_zone	0xe	9	0	0	0
32	0x12026420	_being_linked_list	0xe	9	0	0	0
33	0x12026434	_free_list	0xe	9	0	0	0
34	0x12026448	_symbol_blocks_used	0xe	9	0	0	0
35	0x12006434	_initialize_symbol_block	0xe	1	0	0	0
36	0x120064e0	_new_symbol_list	0xe	1	0	0	0
37	0x120065a8	_add_to_undefined_list	0xe	1	0	0	0
38	0x12006618	_add_to_being_linked_list	0xe	1	0	0	0
39	0x1202772c	_nlist_bsearch_strings	0xe	10	0	0	0
40	0x12027730	_toc_bsearch_symbols	0xe	10	0	0	0
41	0x12027734	_toc_bsearch_strings	0xe	10	0	0	0
42	0x12007824	_nlist_bsearch	0xe	1	0	0	0
43	0x12007848	_toc_bsearch	0xe	1	0	0	0
44	0x12008270	_relocate_symbol_pointers	0xe	1	0	0	0
45	0x120089e8	_check_libraries_for_definition_and_refernce	0xe	1	0	0	0
46	0x12026018	_dyld_funcs	0xe	6	0	0	0
47	0x12009bb0	__dyld_image_count	0xe	1	0	0	0
48	0x12009c00	__dyld_get_image_header	0xe	1	0	0	0
49	0x12009cac	__dyld_get_image_vmaddr_slide	0xe	1	0	0	0
50	0x12009d58	__dyld_get_image_name	0xe	1	0	0	0
51	0x12009e04	__dyld_lookup_and_bind	0xe	1	0	0	0
52	0x12009e20	__dyld_lookup_and_bind_objc	0xe	1	0	0	0
53	0x12009e3c	__dyld_lookup_and_bind_fully	0xe	1	0	0	0
54	0x12009f14	__dyld_install_handlers	0xe	1	0	0	0
55	0x12009f58	__dyld_link_module	0xe	1	0	0	0
56	0x12009fb8	__dyld_register_func_for_add_image	0xe	1	0	0	0
57	0x12009fc8	__dyld_register_func_for_link_module	0xe	1	0	0	0
58	0x12009fd8	__dyld_register_func_for_unlink_module	0xe	1	0	0	0
59	0x12009fe0	__dyld_register_func_for_replace_module	0xe	1	0	0	0
60	0x12009fe8	__dyld_get_objc_module_sect_for_module	0xe	1	0	0	0
61	0x1200a1ec	__dyld_bind_objc_module	0xe	1	0	0	0
62	0x1200a640	__dyld_bind_fully_image_containing_address	0xe	1	0	0	0
63	0x1200aad8	__dyld_moninit	0xe	1	0	0	0
64	0x1200add4	__dyld_fork_prepare	0xe	1	0	0	0
65	0x1200ade0	__dyld_fork_parent	0xe	1	0	0	0
66	0x1200adec	__dyld_fork_child	0xe	1	0	0	0
67	0x1200ae28	__dyld_fork_child_final	0xe	1	0	0	0
68	0x1200ae60	__dyld_fork_mach_init	0xe	1	0	0	0
69	0x1200ae78	__dyld_make_delayed_module_initializer_calls	0xe	1	0	0	0
70	0x1200ae94	__dyld_NSNameOfSymbol	0xe	1	0	0	0
71	0x1200aef0	__dyld_NSAddressOfSymbol	0xe	1	0	0	0
72	0x1200af40	__dyld_NSModuleForSymbol	0xe	1	0	0	0
73	0x1200af78	__dyld_NSLookupAndBindSymbol	0xe	1	0	0	0
74	0x1200af98	__dyld_NSIsSymbolNameDefined	0xe	1	0	0	0
75	0x1200afe0	__dyld_NSNameOfModule	0xe	1	0	0	0
76	0x1200b068	__dyld_NSLibraryNameForModule	0xe	1	0	0	0
77	0x1200b0b4	__dyld_NSAddLibrary	0xe	1	0	0	0
78	0x1200b100	__dyld_launched_prebound	0xe	1	0	0	0
79	0x12027738	_saved_dyld_mem_protect	0xe	10	0	0	0
80	0x1202645c	_info.86	0xe	9	0	0	0
81	0x1200b344	_yeild	0xe	1	0	0	0
82	0x120223d4	_send_timeout	0xe	2	0	0	0
83	0x120223d8	_rcv_timeout	0xe	2	0	0	0
84	0x12026470	_event_port_list	0xe	9	0	0	0
85	0x12026478	_event_MsgError	0xe	9	0	0	0
86	0x1202647c	_core_image	0xe	9	0	0	0
87	0x12026488	_lock_in_linkedit_error_handler	0xe	9	0	0	0
88	0x1200b56c	_set_dyld_data	0xe	1	0	0	0
89	0x1200b67c	_server_loop	0xe	1	0	0	0
90	0x1200c18c	_send_past_events	0xe	1	0	0	0
91	0x1202649c	_delay_mod_init	0xe	9	0	0	0
92	0x1200c82c	_call_module_initializers_for_objects	0xe	1	0	0	0
93	0x120264a0	_add_image_func_list	0xe	9	0	0	0
94	0x120264a8	_link_module_func_list	0xe	9	0	0	0
95	0x120264b0	_unlink_module_func_list	0xe	9	0	0	0
96	0x120264b8	_replace_module_func_list	0xe	9	0	0	0
97	0x1200cb04	_call_registered_funcs_for_add_images_in_objects	0xe	1	0	0	0
98	0x1200cb64	_call_funcs_for_add_image	0xe	1	0	0	0
99	0x1200cda0	_call_registered_funcs_for_linked_modules_in_objects	0xe	1	0	0	0
100	0x1200ce00	_call_funcs_for_link_module	0xe	1	0	0	0
101	0x120264c0	_malloc_static	0xe	9	0	0	0
102	0x120264ec	_MallocErrorFunc	0xe	9	0	0	0
103	0x12010110	_DefaultMallocError	0xe	1	0	0	0
104	0x1200cee0	_malloc_check	0xe	1	0	0	0
105	0x1200cf00	_errmessage	0xe	1	0	0	0
106	0x1200cf28	_stdmessage	0xe	1	0	0	0
107	0x1200cf78	_heapadd	0xe	1	0	0	0
108	0x1200cfa8	_heapremove	0xe	1	0	0	0
109	0x1200d028	_upheap	0xe	1	0	0	0
110	0x1200d0ac	_downheap	0xe	1	0	0	0
111	0x1200d140	_malloc_init	0xe	1	0	0	0
112	0x1200d244	_nxdestroyzone	0xe	1	0	0	0
113	0x1200d664	_joinzonesnolock	0xe	1	0	0	0
114	0x1200d958	_newzonedatanolock	0xe	1	0	0	0
115	0x1200db68	_keepzonenolock	0xe	1	0	0	0
116	0x1200dd78	_dolockordebug	0xe	1	0	0	0
117	0x1200de70	__valloczonenolock	0xe	1	0	0	0
118	0x1200dedc	_break_region	0xe	1	0	0	0
119	0x1200df50	_newregionnolock	0xe	1	0	0	0
120	0x1200df80	_checkregionsallocation	0xe	1	0	0	0
121	0x1200dff4	_delregionnolock	0xe	1	0	0	0
122	0x1200e058	_delzonenolock	0xe	1	0	0	0
123	0x1200e0ec	_addregionnolock	0xe	1	0	0	0
124	0x1200e1e0	_findregionnolock	0xe	1	0	0	0
125	0x1200e35c	_nxzonemalloc	0xe	1	0	0	0
126	0x1200e3e0	_mallocnofree	0xe	1	0	0	0
127	0x1200e434	_nxzonemallocnolock	0xe	1	0	0	0
128	0x1200e5dc	_mallocnofreenolock	0xe	1	0	0	0
129	0x1200e66c	_morememnolock	0xe	1	0	0	0
130	0x1200e7b4	_internal_zone_extend	0xe	1	0	0	0
131	0x1200ea28	_nxzonerealloc	0xe	1	0	0	0
132	0x1200eab0	_nxzonereallocnolock	0xe	1	0	0	0
133	0x1200ec30	_NXZoneRealloc_canyou	0xe	1	0	0	0
134	0x1200ed9c	_nxzonefree	0xe	1	0	0	0
135	0x1200ee50	_nxzonefreenolock	0xe	1	0	0	0
136	0x1200f360	_checkfreearrayallocation	0xe	1	0	0	0
137	0x1200f3c8	_dumpheap	0xe	1	0	0	0
138	0x1200f4bc	_checkheap	0xe	1	0	0	0
139	0x1200f568	_malloc_checkfreeheaps	0xe	1	0	0	0
140	0x1200f730	_malloc_checkzones	0xe	1	0	0	0
141	0x1200fcd4	_vallocnolock	0xe	1	0	0	0
142	0x1200ff74	_isMallocData	0xe	1	0	0	0
143	0x12010010	_vfreenolock	0xe	1	0	0	0
144	0x12026120	_MallocErrorMessages	0xe	6	0	0	0
145	0x12026510	_reply_port_lock	0xe	9	0	0	0
146	0x12026518	_profile_server_port	0xe	9	0	0	0
147	0x12010860	_send_request	0xe	1	0	0	0
148	0x12022488	_inconsistent_data_okCheck.10	0xe	2	0	0	0
149	0x1202248c	__dyld_debug_defining_moduleType.11	0xe	2	0	0	0
150	0x12022490	_moduleType.12	0xe	2	0	0	0
151	0x12010b9c	__X_dyld_debug_defining_module	0xe	1	0	0	0
152	0x12022494	_inconsistent_data_okCheck.15	0xe	2	0	0	0
153	0x12022498	_moduleCheck.16	0xe	2	0	0	0
154	0x1202249c	__dyld_debug_is_module_boundType.17	0xe	2	0	0	0
155	0x120224a0	_boundType.18	0xe	2	0	0	0
156	0x12010c40	__X_dyld_debug_is_module_bound	0xe	1	0	0	0
157	0x120224a4	_inconsistent_data_okCheck.21	0xe	2	0	0	0
158	0x120224a8	_moduleCheck.22	0xe	2	0	0	0
159	0x120224ac	__dyld_debug_bind_moduleType.23	0xe	2	0	0	0
160	0x12010ce4	__X_dyld_debug_bind_module	0xe	1	0	0	0
161	0x120224b0	_inconsistent_data_okCheck.26	0xe	2	0	0	0
162	0x120224b4	_subscriberCheck.27	0xe	2	0	0	0
163	0x12010d78	__X_dyld_debug_add_event_subscriber	0xe	1	0	0	0
164	0x120224b8	_inconsistent_data_okCheck.30	0xe	2	0	0	0
165	0x120224bc	_moduleCheck.31	0xe	2	0	0	0
166	0x120224c0	__dyld_debug_module_nameType.32	0xe	2	0	0	0
167	0x120224c4	_image_nameType.33	0xe	2	0	0	0
168	0x120224d0	_module_nameType.34	0xe	2	0	0	0
169	0x12010df4	__X_dyld_debug_module_name	0xe	1	0	0	0
170	0x120224dc	_RetCodeType.37	0xe	2	0	0	0
171	0x1202613c	_routines.38	0xe	6	0	0	0
172	0x120224e0	_eventType.10	0xe	2	0	0	0
173	0x120224e4	_RetCodeCheck.11	0xe	2	0	0	0
174	0x1201138c	_cpusubtype_combine	0x1e	1	0	0	0
175	0x12011060	_cpusubtype_findbestarch	0x1e	1	0	0	0
176	0x12011544	_round	0x1e	1	0	0	0
177	0x120116a4	_swap_fat_arch	0x1e	1	0	0	0
178	0x12011648	_swap_fat_header	0x1e	1	0	0	0
179	0x1201155c	_SWAP_DOUBLE	0x1e	1	0	0	0
180	0x12011604	_SWAP_FLOAT	0x1e	1	0	0	0
181	0x12011630	_get_host_byte_sex	0x1e	1	0	0	0
182	0x120122e8	_swap_dylib_command	0x1e	1	0	0	0
183	0x120182b0	_swap_dylib_module	0x1e	1	0	0	0
184	0x120181dc	_swap_dylib_reference	0x1e	1	0	0	0
185	0x120184f0	_swap_dylib_table_of_contents	0x1e	1	0	0	0
186	0x120124cc	_swap_dylinker_command	0x1e	1	0	0	0
187	0x12011df4	_swap_dysymtab_command	0x1e	1	0	0	0
188	0x12012554	_swap_fvmfile_command	0x1e	1	0	0	0
189	0x1201220c	_swap_fvmlib_command	0x1e	1	0	0	0
190	0x120173f8	_swap_hppa_fp_thread_state	0x1e	1	0	0	0
191	0x12017270	_swap_hppa_frame_thread_state	0x1e	1	0	0	0
192	0x12016c20	_swap_hppa_integer_thread_state	0x1e	1	0	0	0
193	0x12016bf0	_swap_i386_thread_cthreadstate	0x1e	1	0	0	0
194	0x12016a4c	_swap_i386_thread_exceptstate	0x1e	1	0	0	0
195	0x1201632c	_swap_i386_thread_fpstate	0x1e	1	0	0	0
196	0x12016074	_swap_i386_thread_state	0x1e	1	0	0	0
197	0x12015c7c	_swap_i860_thread_state_regs	0x1e	1	0	0	0
198	0x12017de0	_swap_ident_command	0x1e	1	0	0	0
199	0x1201818c	_swap_indirect_symbols	0x1e	1	0	0	0
200	0x120118f4	_swap_load_command	0x1e	1	0	0	0
201	0x1201273c	_swap_m68k_thread_state_68882	0x1e	1	0	0	0
202	0x12012664	_swap_m68k_thread_state_regs	0x1e	1	0	0	0
203	0x120128a8	_swap_m68k_thread_state_user_reg	0x1e	1	0	0	0
204	0x12015788	_swap_m88110_thread_state_impl_t	0x1e	1	0	0	0
205	0x1201349c	_swap_m88k_thread_state_grf_t	0x1e	1	0	0	0
206	0x12015758	_swap_m88k_thread_state_user_t	0x1e	1	0	0	0
207	0x12013a78	_swap_m88k_thread_state_xrf_t	0x1e	1	0	0	0
208	0x120128d8	_swap_m98k_thread_state_grf_t	0x1e	1	0	0	0
209	0x120117c0	_swap_mach_header	0x1e	1	0	0	0
210	0x12017e3c	_swap_nlist	0x1e	1	0	0	0
211	0x120123f0	_swap_prebound_dylib_command	0x1e	1	0	0	0
212	0x12017ee0	_swap_ranlib	0x1e	1	0	0	0
213	0x12017f60	_swap_relocation_info	0x1e	1	0	0	0
214	0x12011b04	_swap_section	0x1e	1	0	0	0
215	0x12011950	_swap_segment_command	0x1e	1	0	0	0
216	0x12017b1c	_swap_sparc_thread_state_fpu	0x1e	1	0	0	0
217	0x1201766c	_swap_sparc_thread_state_regs	0x1e	1	0	0	0
218	0x12012158	_swap_symseg_command	0x1e	1	0	0	0
219	0x12011cec	_swap_symtab_command	0x1e	1	0	0	0
220	0x12012608	_swap_thread_command	0x1e	1	0	0	0
221	0x12018570	_vm_flush_cache	0x1e	1	0	0	0
222	0x0	__framesize	0x2	0	0	0	0
223	0x0	__nested_function	0x2	0	0	0	0
224	0x0	__framesize	0x2	0	0	0	0
225	0x0	__nested_function	0x2	0	0	0	0
226	0x0	__framesize	0x2	0	0	0	0
227	0x0	__nested_function	0x2	0	0	0	0
228	0x0	__framesize	0x2	0	0	0	0
229	0x0	__nested_function	0x2	0	0	0	0
230	0x120224e8	_RetCodeCheck.10	0xe	2	0	0	0
231	0x120224ec	_flavorType.13	0xe	2	0	0	0
232	0x120224f0	_RetCodeCheck.14	0xe	2	0	0	0
233	0x120224f4	_flavorType.17	0xe	2	0	0	0
234	0x120224f8	_RetCodeCheck.18	0xe	2	0	0	0
235	0x120224fc	_hostCheck.19	0xe	2	0	0	0
236	0x12022500	_RetCodeCheck.22	0xe	2	0	0	0
237	0x12022504	_RetCodeCheck.25	0xe	2	0	0	0
238	0x12022508	_processor_cmdType.28	0xe	2	0	0	0
239	0x12022514	_RetCodeCheck.29	0xe	2	0	0	0
240	0x12022518	_RetCodeCheck.32	0xe	2	0	0	0
241	0x1202251c	_default_setCheck.33	0xe	2	0	0	0
242	0x12022520	_RetCodeCheck.36	0xe	2	0	0	0
243	0x12022524	_new_setCheck.37	0xe	2	0	0	0
244	0x12022528	_new_nameCheck.38	0xe	2	0	0	0
245	0x1202252c	_RetCodeCheck.41	0xe	2	0	0	0
246	0x12022530	_flavorType.44	0xe	2	0	0	0
247	0x12022534	_RetCodeCheck.45	0xe	2	0	0	0
248	0x12022538	_hostCheck.46	0xe	2	0	0	0
249	0x1202253c	_new_setType.49	0xe	2	0	0	0
250	0x12022540	_waitType.50	0xe	2	0	0	0
251	0x12022544	_RetCodeCheck.51	0xe	2	0	0	0
252	0x12022548	_RetCodeCheck.54	0xe	2	0	0	0
253	0x1202254c	_assigned_setCheck.55	0xe	2	0	0	0
254	0x12022550	_new_setType.58	0xe	2	0	0	0
255	0x12022554	_RetCodeCheck.59	0xe	2	0	0	0
256	0x12022558	_RetCodeCheck.62	0xe	2	0	0	0
257	0x1202255c	_RetCodeCheck.65	0xe	2	0	0	0
258	0x12022560	_assigned_setCheck.66	0xe	2	0	0	0
259	0x12022564	_new_setType.69	0xe	2	0	0	0
260	0x12022568	_assign_threadsType.70	0xe	2	0	0	0
261	0x1202256c	_RetCodeCheck.71	0xe	2	0	0	0
262	0x12022570	_assign_threadsType.74	0xe	2	0	0	0
263	0x12022574	_RetCodeCheck.75	0xe	2	0	0	0
264	0x12022578	_RetCodeCheck.78	0xe	2	0	0	0
265	0x1202257c	_assigned_setCheck.79	0xe	2	0	0	0
266	0x12022580	_RetCodeCheck.82	0xe	2	0	0	0
267	0x12022584	_priorityType.85	0xe	2	0	0	0
268	0x12022588	_set_maxType.86	0xe	2	0	0	0
269	0x1202258c	_RetCodeCheck.87	0xe	2	0	0	0
270	0x12022590	_processor_setType.90	0xe	2	0	0	0
271	0x12022594	_max_priorityType.91	0xe	2	0	0	0
272	0x12022598	_RetCodeCheck.92	0xe	2	0	0	0
273	0x1202259c	_priorityType.95	0xe	2	0	0	0
274	0x120225a0	_change_threadsType.96	0xe	2	0	0	0
275	0x120225a4	_RetCodeCheck.97	0xe	2	0	0	0
276	0x120225a8	_max_priorityType.100	0xe	2	0	0	0
277	0x120225ac	_change_threadsType.101	0xe	2	0	0	0
278	0x120225b0	_RetCodeCheck.102	0xe	2	0	0	0
279	0x120225b4	_policyType.105	0xe	2	0	0	0
280	0x120225b8	_dataType.106	0xe	2	0	0	0
281	0x120225bc	_RetCodeCheck.107	0xe	2	0	0	0
282	0x120225c0	_policyType.110	0xe	2	0	0	0
283	0x120225c4	_RetCodeCheck.111	0xe	2	0	0	0
284	0x120225c8	_policyType.114	0xe	2	0	0	0
285	0x120225cc	_change_threadsType.115	0xe	2	0	0	0
286	0x120225d0	_RetCodeCheck.116	0xe	2	0	0	0
287	0x120225d4	_RetCodeCheck.119	0xe	2	0	0	0
288	0x120225d8	_RetCodeCheck.122	0xe	2	0	0	0
289	0x120225dc	_RetCodeCheck.125	0xe	2	0	0	0
290	0x120225e0	_set_nameType.128	0xe	2	0	0	0
291	0x120225e4	_RetCodeCheck.129	0xe	2	0	0	0
292	0x120225e8	_setCheck.130	0xe	2	0	0	0
293	0x120225ec	_RetCodeCheck.133	0xe	2	0	0	0
294	0x120225f0	_new_timeType.136	0xe	2	0	0	0
295	0x120225f4	_RetCodeCheck.137	0xe	2	0	0	0
296	0x120225f8	_new_adjustmentType.140	0xe	2	0	0	0
297	0x120225fc	_RetCodeCheck.141	0xe	2	0	0	0
298	0x12022600	_old_adjustmentCheck.142	0xe	2	0	0	0
299	0x12022604	_RetCodeCheck.145	0xe	2	0	0	0
300	0x12022608	_current_timeCheck.146	0xe	2	0	0	0
301	0x0	__framesize	0x2	0	0	0	0
302	0x0	__nested_function	0x2	0	0	0	0
303	0x0	__framesize	0x2	0	0	0	0
304	0x0	__nested_function	0x2	0	0	0	0
305	0x0	__framesize	0x2	0	0	0	0
306	0x0	__nested_function	0x2	0	0	0	0
307	0x0	__framesize	0x2	0	0	0	0
308	0x0	__nested_function	0x2	0	0	0	0
309	0x0	__framesize	0x2	0	0	0	0
310	0x0	__nested_function	0x2	0	0	0	0
311	0x1201bdb8	__p_dconv	0xe	1	0	0	0
312	0x1201bde4	__efmt	0xe	1	0	0	0
313	0x1201bfa4	__ffmt	0xe	1	0	0	0
314	0x1201c3d8	_btod	0xe	1	0	0	0
315	0x120266e4	_old_next_minbrk	0xe	9	0	0	0
316	0x120266e4	old_next_minbrk	0xe	9	0	0	0
317	0x120266e8	_old_next_curbrk	0xe	9	0	0	0
318	0x120266e8	old_next_curbrk	0xe	9	0	0	0
319	0x1202260c	_inherit_memoryType.10	0xe	2	0	0	0
320	0x12022610	_RetCodeCheck.11	0xe	2	0	0	0
321	0x12022614	_child_taskCheck.12	0xe	2	0	0	0
322	0x12022618	_RetCodeCheck.15	0xe	2	0	0	0
323	0x1202261c	_RetCodeCheck.18	0xe	2	0	0	0
324	0x12022620	_RetCodeCheck.21	0xe	2	0	0	0
325	0x12022624	_addressType.24	0xe	2	0	0	0
326	0x12022628	_sizeType.25	0xe	2	0	0	0
327	0x1202262c	_anywhereType.26	0xe	2	0	0	0
328	0x12022630	_RetCodeCheck.27	0xe	2	0	0	0
329	0x12022634	_addressCheck.28	0xe	2	0	0	0
330	0x12022638	_addressType.31	0xe	2	0	0	0
331	0x1202263c	_sizeType.32	0xe	2	0	0	0
332	0x12022640	_RetCodeCheck.33	0xe	2	0	0	0
333	0x12022644	_addressType.36	0xe	2	0	0	0
334	0x12022648	_sizeType.37	0xe	2	0	0	0
335	0x1202264c	_set_maximumType.38	0xe	2	0	0	0
336	0x12022650	_new_protectionType.39	0xe	2	0	0	0
337	0x12022654	_RetCodeCheck.40	0xe	2	0	0	0
338	0x12022658	_addressType.43	0xe	2	0	0	0
339	0x1202265c	_sizeType.44	0xe	2	0	0	0
340	0x12022660	_new_inheritanceType.45	0xe	2	0	0	0
341	0x12022664	_RetCodeCheck.46	0xe	2	0	0	0
342	0x12022668	_addressType.49	0xe	2	0	0	0
343	0x1202266c	_sizeType.50	0xe	2	0	0	0
344	0x12022670	_RetCodeCheck.51	0xe	2	0	0	0
345	0x12022674	_addressType.54	0xe	2	0	0	0
346	0x12022678	_dataType.55	0xe	2	0	0	0
347	0x12022684	_RetCodeCheck.56	0xe	2	0	0	0
348	0x12022688	_source_addressType.59	0xe	2	0	0	0
349	0x1202268c	_sizeType.60	0xe	2	0	0	0
350	0x12022690	_dest_addressType.61	0xe	2	0	0	0
351	0x12022694	_RetCodeCheck.62	0xe	2	0	0	0
352	0x12022698	_addressType.65	0xe	2	0	0	0
353	0x1202269c	_RetCodeCheck.66	0xe	2	0	0	0
354	0x120226a0	_addressCheck.67	0xe	2	0	0	0
355	0x120226a4	_sizeCheck.68	0xe	2	0	0	0
356	0x120226a8	_protectionCheck.69	0xe	2	0	0	0
357	0x120226ac	_max_protectionCheck.70	0xe	2	0	0	0
358	0x120226b0	_inheritanceCheck.71	0xe	2	0	0	0
359	0x120226b4	_is_sharedCheck.72	0xe	2	0	0	0
360	0x120226b8	_object_nameCheck.73	0xe	2	0	0	0
361	0x120226bc	_offsetCheck.74	0xe	2	0	0	0
362	0x120226c0	_RetCodeCheck.77	0xe	2	0	0	0
363	0x120226c4	_vm_statsCheck.78	0xe	2	0	0	0
364	0x120226c8	_process_idType.81	0xe	2	0	0	0
365	0x120226cc	_RetCodeCheck.82	0xe	2	0	0	0
366	0x120226d0	_result_taskCheck.83	0xe	2	0	0	0
367	0x120226d4	_RetCodeCheck.86	0xe	2	0	0	0
368	0x120226d8	_process_idCheck.87	0xe	2	0	0	0
369	0x120226dc	_src_addrType.90	0xe	2	0	0	0
370	0x120226e0	_dst_addrType.91	0xe	2	0	0	0
371	0x120226e4	_src_portType.92	0xe	2	0	0	0
372	0x120226e8	_dst_portType.93	0xe	2	0	0	0
373	0x120226ec	_protocolType.94	0xe	2	0	0	0
374	0x120226f0	_ipc_portType.95	0xe	2	0	0	0
375	0x120226f4	_RetCodeCheck.96	0xe	2	0	0	0
376	0x120226f8	_ipc_portType.99	0xe	2	0	0	0
377	0x120226fc	_RetCodeCheck.100	0xe	2	0	0	0
378	0x12022700	_RetCodeCheck.103	0xe	2	0	0	0
379	0x12022704	_infoCheck.104	0xe	2	0	0	0
380	0x12022708	_slotType.107	0xe	2	0	0	0
381	0x1202270c	_RetCodeCheck.108	0xe	2	0	0	0
382	0x12022710	_infoCheck.109	0xe	2	0	0	0
383	0x12022714	_cpuType.112	0xe	2	0	0	0
384	0x12022718	_runningType.113	0xe	2	0	0	0
385	0x1202271c	_RetCodeCheck.114	0xe	2	0	0	0
386	0x12022720	_RetCodeCheck.117	0xe	2	0	0	0
387	0x12022724	_RetCodeCheck.120	0xe	2	0	0	0
388	0x12022728	_which_portType.123	0xe	2	0	0	0
389	0x1202272c	_RetCodeCheck.124	0xe	2	0	0	0
390	0x12022730	_special_portCheck.125	0xe	2	0	0	0
391	0x12022734	_which_portType.128	0xe	2	0	0	0
392	0x12022738	_special_portType.129	0xe	2	0	0	0
393	0x1202273c	_RetCodeCheck.130	0xe	2	0	0	0
394	0x12022740	_flavorType.133	0xe	2	0	0	0
395	0x12022744	_RetCodeCheck.134	0xe	2	0	0	0
396	0x12022748	_RetCodeCheck.137	0xe	2	0	0	0
397	0x1202274c	_child_threadCheck.138	0xe	2	0	0	0
398	0x12022750	_RetCodeCheck.141	0xe	2	0	0	0
399	0x12022754	_RetCodeCheck.144	0xe	2	0	0	0
400	0x12022758	_RetCodeCheck.147	0xe	2	0	0	0
401	0x1202275c	_flavorType.150	0xe	2	0	0	0
402	0x12022760	_RetCodeCheck.151	0xe	2	0	0	0
403	0x12022764	_flavorType.154	0xe	2	0	0	0
404	0x12022768	_new_stateType.155	0xe	2	0	0	0
405	0x12022774	_RetCodeCheck.156	0xe	2	0	0	0
406	0x12022778	_which_portType.159	0xe	2	0	0	0
407	0x1202277c	_RetCodeCheck.160	0xe	2	0	0	0
408	0x12022780	_special_portCheck.161	0xe	2	0	0	0
409	0x12022784	_which_portType.164	0xe	2	0	0	0
410	0x12022788	_special_portType.165	0xe	2	0	0	0
411	0x1202278c	_RetCodeCheck.166	0xe	2	0	0	0
412	0x12022790	_flavorType.169	0xe	2	0	0	0
413	0x12022794	_RetCodeCheck.170	0xe	2	0	0	0
414	0x12022798	_RetCodeCheck.173	0xe	2	0	0	0
415	0x1202279c	_port_nameType.176	0xe	2	0	0	0
416	0x120227a0	_RetCodeCheck.177	0xe	2	0	0	0
417	0x120227a4	_port_type_pCheck.178	0xe	2	0	0	0
418	0x120227a8	_old_nameType.181	0xe	2	0	0	0
419	0x120227ac	_new_nameType.182	0xe	2	0	0	0
420	0x120227b0	_RetCodeCheck.183	0xe	2	0	0	0
421	0x120227b4	_RetCodeCheck.186	0xe	2	0	0	0
422	0x120227b8	_port_nameCheck.187	0xe	2	0	0	0
423	0x120227bc	_port_nameType.190	0xe	2	0	0	0
424	0x120227c0	_RetCodeCheck.191	0xe	2	0	0	0
425	0x120227c4	_port_nameType.194	0xe	2	0	0	0
426	0x120227c8	_backlogType.195	0xe	2	0	0	0
427	0x120227cc	_RetCodeCheck.196	0xe	2	0	0	0
428	0x120227d0	_port_nameType.199	0xe	2	0	0	0
429	0x120227d4	_RetCodeCheck.200	0xe	2	0	0	0
430	0x120227d8	_enabledCheck.201	0xe	2	0	0	0
431	0x120227dc	_num_msgsCheck.202	0xe	2	0	0	0
432	0x120227e0	_backlogCheck.203	0xe	2	0	0	0
433	0x120227e4	_ownershipCheck.204	0xe	2	0	0	0
434	0x120227e8	_receive_rightsCheck.205	0xe	2	0	0	0
435	0x120227ec	_RetCodeCheck.208	0xe	2	0	0	0
436	0x120227f0	_set_nameCheck.209	0xe	2	0	0	0
437	0x120227f4	_set_nameType.212	0xe	2	0	0	0
438	0x120227f8	_RetCodeCheck.213	0xe	2	0	0	0
439	0x120227fc	_set_nameType.216	0xe	2	0	0	0
440	0x12022800	_port_nameType.217	0xe	2	0	0	0
441	0x12022804	_RetCodeCheck.218	0xe	2	0	0	0
442	0x12022808	_port_nameType.221	0xe	2	0	0	0
443	0x1202280c	_RetCodeCheck.222	0xe	2	0	0	0
444	0x12022810	_set_nameType.225	0xe	2	0	0	0
445	0x12022814	_RetCodeCheck.226	0xe	2	0	0	0
446	0x12022818	_my_portType.229	0xe	2	0	0	0
447	0x1202281c	_his_nameType.230	0xe	2	0	0	0
448	0x12022820	_RetCodeCheck.231	0xe	2	0	0	0
449	0x12022824	_his_nameType.234	0xe	2	0	0	0
450	0x12022828	_RetCodeCheck.235	0xe	2	0	0	0
451	0x1202282c	_his_portCheck.236	0xe	2	0	0	0
452	0x12022830	_my_portType.239	0xe	2	0	0	0
453	0x12022834	_his_nameType.240	0xe	2	0	0	0
454	0x12022838	_RetCodeCheck.241	0xe	2	0	0	0
455	0x1202283c	_his_nameType.244	0xe	2	0	0	0
456	0x12022840	_RetCodeCheck.245	0xe	2	0	0	0
457	0x12022844	_his_portCheck.246	0xe	2	0	0	0
458	0x12022848	_port_nameType.249	0xe	2	0	0	0
459	0x1202284c	_backupType.250	0xe	2	0	0	0
460	0x12022850	_RetCodeCheck.251	0xe	2	0	0	0
461	0x12022854	_previousCheck.252	0xe	2	0	0	0
462	0x12022858	_addressType.255	0xe	2	0	0	0
463	0x1202285c	_sizeType.256	0xe	2	0	0	0
464	0x12022860	_attributeType.257	0xe	2	0	0	0
465	0x12022864	_valueType.258	0xe	2	0	0	0
466	0x12022868	_RetCodeCheck.259	0xe	2	0	0	0
467	0x1202286c	_valueCheck.260	0xe	2	0	0	0
468	0x12022870	_addressType.263	0xe	2	0	0	0
469	0x12022874	_sizeType.264	0xe	2	0	0	0
470	0x12022878	_RetCodeCheck.265	0xe	2	0	0	0
471	0x1202287c	_addressType.268	0xe	2	0	0	0
472	0x12022880	_sizeType.269	0xe	2	0	0	0
473	0x12022884	_policyType.270	0xe	2	0	0	0
474	0x12022888	_RetCodeCheck.271	0xe	2	0	0	0
475	0x1202288c	_addressType.274	0xe	2	0	0	0
476	0x12022890	_sizeType.275	0xe	2	0	0	0
477	0x12022894	_whenType.276	0xe	2	0	0	0
478	0x12022898	_RetCodeCheck.277	0xe	2	0	0	0
479	0x0	__framesize	0x2	0	0	0	0
480	0x0	__nested_function	0x2	0	0	0	0
481	0x0	__framesize	0x2	0	0	0	0
482	0x0	__nested_function	0x2	0	0	0	0
483	0x0	__framesize	0x2	0	0	0	0
484	0x0	__nested_function	0x2	0	0	0	0
485	0x120267c0	_atexit_list	0xe	9	0	0	0
486	0x1202773c	_iobglue	0xe	10	0	0	0
487	0x12027740	_endglue	0xe	10	0	0	0
488	0x0	__framesize	0x2	0	0	0	0
489	0x0	__nested_function	0x2	0	0	0	0
490	0x0	__framesize	0x2	0	0	0	0
491	0x0	__nested_function	0x2	0	0	0	0
492	0x12020254	_mach_init_doit	0xe	1	0	0	0
493	0x0	__framesize	0x2	0	0	0	0
494	0x0	__nested_function	0x2	0	0	0	0
495	0x120267c4	_rcs_id	0xe	9	0	0	0
496	0x120228a0	_service_nameType.10	0xe	2	0	0	0
497	0x120228ac	_RetCodeCheck.11	0xe	2	0	0	0
498	0x120228b0	_service_portCheck.12	0xe	2	0	0	0
499	0x120228b4	_service_nameType.15	0xe	2	0	0	0
500	0x120228c0	_service_portType.16	0xe	2	0	0	0
501	0x120228c4	_RetCodeCheck.17	0xe	2	0	0	0
502	0x120228c8	_service_nameType.20	0xe	2	0	0	0
503	0x120228d4	_RetCodeCheck.21	0xe	2	0	0	0
504	0x120228d8	_service_portCheck.22	0xe	2	0	0	0
505	0x120228dc	_service_namesType.25	0xe	2	0	0	0
506	0x120228e8	_RetCodeCheck.26	0xe	2	0	0	0
507	0x120228ec	_all_services_knownCheck.27	0xe	2	0	0	0
508	0x120228f0	_service_nameType.30	0xe	2	0	0	0
509	0x120228fc	_RetCodeCheck.31	0xe	2	0	0	0
510	0x12022900	_service_activeCheck.32	0xe	2	0	0	0
511	0x12022904	_RetCodeCheck.35	0xe	2	0	0	0
512	0x12022908	_requestor_portType.38	0xe	2	0	0	0
513	0x1202290c	_RetCodeCheck.39	0xe	2	0	0	0
514	0x12022910	_subset_portCheck.40	0xe	2	0	0	0
515	0x12022914	_service_nameType.43	0xe	2	0	0	0
516	0x12022920	_RetCodeCheck.44	0xe	2	0	0	0
517	0x12022924	_service_portCheck.45	0xe	2	0	0	0
518	0x120267f8	_cprocs_started	0xe	9	0	0	0
519	0x120267fc	_cproc_lock	0xe	9	0	0	0
520	0x12026800	_cprocs	0xe	9	0	0	0
521	0x12020d7c	_cproc_alloc	0xe	1	0	0	0
522	0x1202102c	_cproc_continue	0xe	1	0	0	0
523	0x12022a29	__ctype_padding	0xe	2	0	0	0
524	0x12026804	_buf.6	0xe	9	0	0	0
525	0x120212fc	_cvt	0xe	1	0	0	0
526	0x120215bc	_ecvt_rint	0xe	1	0	0	0
527	0x0	__framesize	0x2	0	0	0	0
528	0x0	__nested_function	0x2	0	0	0	0
529	0x12026a64	_cthreads	0xe	9	0	0	0
530	0x12026a6c	_cthread_lock	0xe	9	0	0	0
531	0x12026a74	_cthread_needed	0xe	9	0	0	0
532	0x12026a84	_cthread_idle	0xe	9	0	0	0
533	0x12026a94	_n_cprocs	0xe	9	0	0	0
534	0x12026a98	_n_cthreads	0xe	9	0	0	0
535	0x12026a9c	_max_cprocs	0xe	9	0	0	0
536	0x12026aa0	_free_cthreads	0xe	9	0	0	0
537	0x12026aa4	_cthread_free_lock	0xe	9	0	0	0
538	0x12026aa8	_initial_cthread	0xe	9	0	0	0
539	0x12021700	_cthread_alloc	0xe	1	0	0	0
540	0x12026b28	__cthread_free_callout_function	0xe	9	0	0	0
541	0x1202178c	_cthread_free	0xe	1	0	0	0
542	0x12026b2c	_cthreads_started.8	0xe	9	0	0	0
543	0x12026b30	_saved_self	0xe	9	0	0	0
544	0x12026b34	_cthread_stack_size	0xe	9	0	0	0
545	0x12026b38	_next_stack_base	0xe	9	0	0	0
546	0x12026b3c	_initial_stack_deallocated	0xe	9	0	0	0
547	0x12026b40	_initial_stack_lock	0xe	9	0	0	0
548	0x12021e10	_setup_stack	0xe	1	0	0	0
549	0x8	__framesize	0x2	0	0	0	0
550	0x0	__nested_function	0x2	0	0	0	0
551	0x0	__framesize	0x2	0	0	0	0
552	0x0	__nested_function	0x2	0	0	0	0
553	0x0	__framesize	0x2	0	0	0	0
554	0x0	__nested_function	0x2	0	0	0	0
555	0x1202221c	_port_valid	0xe	1	0	0	0
556	0x0	__framesize	0x2	0	0	0	0
557	0x0	__nested_function	0x2	0	0	0	0
558	0x0	__framesize	0x2	0	0	0	0
559	0x0	__nested_function	0x2	0	0	0	0
560	0x12000000	__mh_dylinker_header	0x1e	1	0	0	0
561	0x12010214	_NXAddRegion	0xf	1	0	0	1
562	0x1200dbd0	_NXCreateChildZone	0xf	1	0	0	1
563	0x1200d6d4	_NXCreateZone	0xf	1	0	0	1
564	0x1200cf50	_NXDefaultMallocZone	0xf	1	0	0	1
565	0x1200f534	_NXMallocCheck	0xf	1	0	0	1
566	0x1200d44c	_NXMergeZone	0xf	1	0	0	1
567	0x1201007c	_NXNameZone	0xf	1	0	0	1
568	0x1200d86c	_NXProtectZone	0xf	1	0	0	1
569	0x12010270	_NXRemoveRegion	0xf	1	0	0	1
570	0x1200e9f4	_NXZoneCalloc	0xf	1	0	0	1
571	0x1200e8b0	_NXZoneFromPtr	0xf	1	0	0	1
572	0x1200e908	_NXZonePtrInfo	0xf	1	0	0	1
573	0x120223dc	_SGS_VERS	0xf	2	0	0	1
574	0x1202247c	_VERS_NUM	0xf	2	0	0	1
575	0x1200f5c0	__NXMallocDumpFrees	0xf	1	0	0	1
576	0x1200f938	__NXMallocDumpZones	0xf	1	0	0	1
577	0x12021f2c	__alloc_stack	0xf	1	0	0	1
578	0x1201f81c	__atexit	0xf	1	0	0	1
579	0x12020478	__bootstrap_check_in	0xf	1	0	0	1
580	0x12020c50	__bootstrap_create_service	0xf	1	0	0	1
581	0x12020a3c	__bootstrap_info	0xf	1	0	0	1
582	0x120206c0	__bootstrap_look_up	0xf	1	0	0	1
583	0x120207ec	__bootstrap_look_up_array	0xf	1	0	0	1
584	0x120266cc	__bootstrap_port	0xf	9	0	0	1
585	0x120205a4	__bootstrap_register	0xf	1	0	0	1
586	0x12020910	__bootstrap_status	0xf	1	0	0	1
587	0x12020b6c	__bootstrap_subset	0xf	1	0	0	1
588	0x120222b8	__bzero	0xf	1	0	0	1
589	0x1201fa3c	__cleanup	0xf	1	0	0	1
590	0x1201f788	__close	0xf	1	0	0	1
591	0x12021100	__cond_broadcast	0xf	1	0	0	1
592	0x120210c0	__cond_signal	0xf	1	0	0	1
593	0x12026980	__condition_spin_limit	0xf	9	0	0	1
594	0x12020f04	__condition_wait	0xf	1	0	0	1
595	0x12026984	__condition_yield_limit	0xf	9	0	0	1
596	0x12020e7c	__cproc_create	0xf	1	0	0	1
597	0x1202697c	__cproc_default_stack_size	0xf	9	0	0	1
598	0x12021174	__cproc_fork_child	0xf	1	0	0	1
599	0x12020e40	__cproc_init	0xf	1	0	0	1
600	0x12020390	__cproc_setup	0xf	1	0	0	1
601	0x12021850	__cthread_body	0xf	1	0	0	1
602	0x12021c54	__cthread_count	0xf	1	0	0	1
603	0x12021ab8	__cthread_detach	0xf	1	0	0	1
604	0x12021290	__cthread_errno	0xf	1	0	0	1
605	0x12021b60	__cthread_exit	0xf	1	0	0	1
606	0x12026974	__cthread_exit_routine	0xf	9	0	0	1
607	0x120219f8	__cthread_fork	0xf	1	0	0	1
608	0x12021ce0	__cthread_fork_child	0xf	1	0	0	1
609	0x12021cb4	__cthread_fork_parent	0xf	1	0	0	1
610	0x12021c68	__cthread_fork_prepare	0xf	1	0	0	1
611	0x120217dc	__cthread_init	0xf	1	0	0	1
612	0x12026978	__cthread_init_routine	0xf	9	0	0	1
613	0x12021b04	__cthread_join	0xf	1	0	0	1
614	0x12021c28	__cthread_limit	0xf	1	0	0	1
615	0x12021bf8	__cthread_name	0xf	1	0	0	1
616	0x12021278	__cthread_set_errno_self	0xf	1	0	0	1
617	0x12021c3c	__cthread_set_limit	0xf	1	0	0	1
618	0x12021be8	__cthread_set_name	0xf	1	0	0	1
619	0x12020440	__cthread_set_self	0xf	1	0	0	1
620	0x1202046c	__cthread_sp	0xf	1	0	0	1
621	0x1202698c	__cthread_stack_base	0xf	9	0	0	1
622	0x12026970	__cthread_stack_mask	0xf	9	0	0	1
623	0x12021164	__cthread_yield	0xf	1	0	0	1
624	0x12022928	__ctype_	0xf	2	0	0	1
625	0x12022090	__dealloc_stack	0xf	1	0	0	1
626	0x1201b11c	__device_master_self	0xf	1	0	0	1
627	0x1201b15c	__doprnt	0xf	1	0	0	1
628	0x12010ee0	__dyld_debug_server	0xf	1	0	0	1
629	0x12009b38	__dyld_func_lookup	0xf	1	0	0	1
630	0x120022c8	__dyld_init	0xf	1	0	0	1
631	0x12010988	__dyld_reloc	0xf	1	0	0	1
632	0x12010b40	__dyld_start	0xf	1	0	0	1
633	0x120212bc	__ecvt	0xf	1	0	0	1
634	0x1201b10c	__event_port_by_tag	0xf	1	0	0	1
635	0x1201fa58	__exit	0xf	1	0	0	1
636	0x1201f8f0	__f_morefiles	0xf	1	0	0	1
637	0x1201f964	__f_prealloc	0xf	1	0	0	1
638	0x120212dc	__fcvt	0xf	1	0	0	1
639	0x1201f844	__findiop	0xf	1	0	0	1
640	0x1201ffa0	__flsbuf	0xf	1	0	0	1
641	0x12020234	__fork_mach_init	0xf	1	0	0	1
642	0x1201f7a8	__fstat	0xf	1	0	0	1
643	0x1201f9b8	__fwalk	0xf	1	0	0	1
644	0x1201b12c	__gcvt	0xf	1	0	0	1
645	0x12021638	__getdtablesize	0xf	1	0	0	1
646	0x120222d0	__getrlimit	0xf	1	0	0	1
647	0x1201c154	__gfmt	0xf	1	0	0	1
648	0x1201b0cc	__host_priv_self	0xf	1	0	0	1
649	0x1201b0bc	__host_self	0xf	1	0	0	1
650	0x1201b07c	__init_process	0xf	1	0	0	1
651	0x12026988	__initial_stack_boundary	0xf	9	0	0	1
652	0x12026530	__iob	0xf	9	0	0	1
653	0x12022154	__ioctl	0xf	1	0	0	1
654	0x120216d0	__isatty	0xf	1	0	0	1
655	0x120215c8	__isinf	0xf	1	0	0	1
656	0x120215fc	__isnan	0xf	1	0	0	1
657	0x1201b0ac	__kern_timestamp	0xf	1	0	0	1
658	0x1202219c	__longjmp	0xf	1	0	0	1
659	0x1201b06c	__lookupd_port	0xf	1	0	0	1
660	0x120221c8	__lu_fork_child	0xf	1	0	0	1
661	0x12026b44	__lu_port	0xf	9	0	0	1
662	0x1202225c	__lu_running	0xf	1	0	0	1
663	0x120221e0	__lu_setport	0xf	1	0	0	1
664	0x120266ec	__mach_data_padding	0xf	9	0	0	1
665	0x1201ff60	__mach_error	0xf	1	0	0	1
666	0x1201fa78	__mach_error_string	0xf	1	0	0	1
667	0x1201ff50	__mach_errormsg	0xf	1	0	0	1
668	0x1201b04c	__mach_host_self	0xf	1	0	0	1
669	0x12020244	__mach_init	0xf	1	0	0	1
670	0x120266e0	__mach_init_routine	0xf	9	0	0	1
671	0x1201b00c	__mach_msg_trap	0xf	1	0	0	1
672	0x1201b01c	__mach_reply_port	0xf	1	0	0	1
673	0x1201b09c	__mach_swapon	0xf	1	0	0	1
674	0x1201b03c	__mach_task_self	0xf	1	0	0	1
675	0x1201b02c	__mach_thread_self	0xf	1	0	0	1
676	0x120101f8	__malloc_fork_child	0xf	1	0	0	1
677	0x120101dc	__malloc_fork_parent	0xf	1	0	0	1
678	0x120101a8	__malloc_fork_prepare	0xf	1	0	0	1
679	0x12026990	__malloc_lock	0xf	9	0	0	1
680	0x1201b08c	__map_fd	0xf	1	0	0	1
681	0x12010538	__mig_dealloc_reply_port	0xf	1	0	0	1
682	0x120104a8	__mig_fork_child	0xf	1	0	0	1
683	0x120104c8	__mig_get_reply_port	0xf	1	0	0	1
684	0x120104c0	__mig_init	0xf	1	0	0	1
685	0x1201ae70	__msg_receive	0xf	1	0	0	1
686	0x12026968	__msg_receive_timeout	0xf	9	0	0	1
687	0x1201afec	__msg_receive_trap	0xf	1	0	0	1
688	0x1201aed0	__msg_rpc	0xf	1	0	0	1
689	0x1201affc	__msg_rpc_trap	0xf	1	0	0	1
690	0x1201ae18	__msg_send	0xf	1	0	0	1
691	0x12026964	__msg_send_timeout	0xf	9	0	0	1
692	0x1201afdc	__msg_send_trap	0xf	1	0	0	1
693	0x1202696c	__mutex_spin_limit	0xf	9	0	0	1
694	0x12020310	__mutex_try_lock	0xf	1	0	0	1
695	0x12020320	__mutex_unlock_try	0xf	1	0	0	1
696	0x1202032c	__mutex_wait_lock	0xf	1	0	0	1
697	0x120266c4	__name_server_port	0xf	9	0	0	1
698	0x1201d320	__netipc_ignore	0xf	1	0	0	1
699	0x1201d208	__netipc_listen	0xf	1	0	0	1
700	0x120266d8	__old_mach_init_ports	0xf	9	0	0	1
701	0x120266dc	__old_mach_init_ports_count	0xf	9	0	0	1
702	0x1201f7c8	__open	0xf	1	0	0	1
703	0x1201e78c	__port_allocate	0xf	1	0	0	1
704	0x1201e868	__port_deallocate	0xf	1	0	0	1
705	0x1201f1fc	__port_extract_receive	0xf	1	0	0	1
706	0x1201f044	__port_extract_send	0xf	1	0	0	1
707	0x1201f128	__port_insert_receive	0xf	1	0	0	1
708	0x1201ef70	__port_insert_send	0xf	1	0	0	1
709	0x1201e4cc	__port_names	0xf	1	0	0	1
710	0x1201e6b8	__port_rename	0xf	1	0	0	1
711	0x1201ece0	__port_set_add	0xf	1	0	0	1
712	0x1201eb40	__port_set_allocate	0xf	1	0	0	1
713	0x1201e92c	__port_set_backlog	0xf	1	0	0	1
714	0x1201f2e0	__port_set_backup	0xf	1	0	0	1
715	0x1201ec1c	__port_set_deallocate	0xf	1	0	0	1
716	0x1201edb4	__port_set_remove	0xf	1	0	0	1
717	0x1201ee78	__port_set_status	0xf	1	0	0	1
718	0x1201ea00	__port_status	0xf	1	0	0	1
719	0x1201e5d4	__port_type	0xf	1	0	0	1
720	0x12021774	__set_cthread_free_callout	0xf	1	0	0	1
721	0x12010174	__set_malloc_singlethreaded	0xf	1	0	0	1
722	0x12022174	__setjmp	0xf	1	0	0	1
723	0x120202ec	__spin_lock	0xf	1	0	0	1
724	0x12020304	__spin_unlock	0xf	1	0	0	1
725	0x120220f8	__stack_fork_child	0xf	1	0	0	1
726	0x12021e78	__stack_init	0xf	1	0	0	1
727	0x1201b0ec	__swtch	0xf	1	0	0	1
728	0x1201b0dc	__swtch_pri	0xf	1	0	0	1
729	0x12022a2c	__sys_errlist_0	0xf	2	0	0	1
730	0x12022aa4	__sys_errlist_E2BIG	0xf	2	0	0	1
731	0x12022b08	__sys_errlist_EACCES	0xf	2	0	0	1
732	0x12022e00	__sys_errlist_EADDRINUSE	0xf	2	0	0	1
733	0x12022e17	__sys_errlist_EADDRNOTAVAIL	0xf	2	0	0	1
734	0x12022dd0	__sys_errlist_EAFNOSUPPORT	0xf	2	0	0	1
735	0x12022ae4	__sys_errlist_EAGAIN	0xf	2	0	0	1
736	0x12022cb4	__sys_errlist_EALREADY	0xf	2	0	0	1
737	0x12023160	__sys_errlist_EBADARCH	0xf	2	0	0	1
738	0x1202313d	__sys_errlist_EBADEXEC	0xf	2	0	0	1
739	0x12022ac8	__sys_errlist_EBADF	0xf	2	0	0	1
740	0x1202319b	__sys_errlist_EBADMACHO	0xf	2	0	0	1
741	0x120230a1	__sys_errlist_EBADMSG	0xf	2	0	0	1
742	0x12022b3c	__sys_errlist_EBUSY	0xf	2	0	0	1
743	0x12022ad8	__sys_errlist_ECHILD	0xf	2	0	0	1
744	0x12022e81	__sys_errlist_ECONNABORTED	0xf	2	0	0	1
745	0x12022ea2	__sys_errlist_ECONNRESET	0xf	2	0	0	1
746	0x120230c7	__sys_errlist_EDEADLK	0xf	2	0	0	1
747	0x12022cf1	__sys_errlist_EDESTADDRREQ	0xf	2	0	0	1
748	0x12023119	__sys_errlist_EDEVERR	0xf	2	0	0	1
749	0x12022c60	__sys_errlist_EDOM	0xf	2	0	0	1
750	0x12023000	__sys_errlist_EDQUOT	0xf	2	0	0	1
751	0x12022b48	__sys_errlist_EEXIST	0xf	2	0	0	1
752	0x12022b1a	__sys_errlist_EFAULT	0xf	2	0	0	1
753	0x12022bfb	__sys_errlist_EFBIG	0xf	2	0	0	1
754	0x12022fa9	__sys_errlist_EHOSTDOWN	0xf	2	0	0	1
755	0x12022fb6	__sys_errlist_EHOSTUNREACH	0xf	2	0	0	1
756	0x120230b4	__sys_errlist_EIDRM	0xf	2	0	0	1
757	0x12022c9a	__sys_errlist_EINPROGRESS	0xf	2	0	0	1
758	0x12022a68	__sys_errlist_EINTR	0xf	2	0	0	1
759	0x12022b94	__sys_errlist_EINVAL	0xf	2	0	0	1
760	0x12022a80	__sys_errlist_EIO	0xf	2	0	0	1
761	0x12022ed5	__sys_errlist_EISCONN	0xf	2	0	0	1
762	0x12022b85	__sys_errlist_EISDIR	0xf	2	0	0	1
763	0x12022f74	__sys_errlist_ELOOP	0xf	2	0	0	1
764	0x12022bb9	__sys_errlist_EMFILE	0xf	2	0	0	1
765	0x12022c45	__sys_errlist_EMLINK	0xf	2	0	0	1
766	0x12022d0e	__sys_errlist_EMSGSIZE	0xf	2	0	0	1
767	0x12022f96	__sys_errlist_ENAMETOOLONG	0xf	2	0	0	1
768	0x12022e36	__sys_errlist_ENETDOWN	0xf	2	0	0	1
769	0x12022e5d	__sys_errlist_ENETRESET	0xf	2	0	0	1
770	0x12022e46	__sys_errlist_ENETUNREACH	0xf	2	0	0	1
771	0x12022ba5	__sys_errlist_ENFILE	0xf	2	0	0	1
772	0x12022ebb	__sys_errlist_ENOBUFS	0xf	2	0	0	1
773	0x12022b66	__sys_errlist_ENODEV	0xf	2	0	0	1
774	0x12022a3e	__sys_errlist_ENOENT	0xf	2	0	0	1
775	0x12022ab6	__sys_errlist_ENOEXEC	0xf	2	0	0	1
776	0x12023126	__sys_errlist_ENOINIT	0xf	2	0	0	1
777	0x120230eb	__sys_errlist_ENOLCK	0xf	2	0	0	1
778	0x12022af6	__sys_errlist_ENOMEM	0xf	2	0	0	1
779	0x12023086	__sys_errlist_ENOMSG	0xf	2	0	0	1
780	0x12022d3e	__sys_errlist_ENOPROTOOPT	0xf	2	0	0	1
781	0x12022c0a	__sys_errlist_ENOSPC	0xf	2	0	0	1
782	0x1202306e	__sys_errlist_ENOSR	0xf	2	0	0	1
783	0x1202304c	__sys_errlist_ENOSTR	0xf	2	0	0	1
784	0x12022b26	__sys_errlist_ENOTBLK	0xf	2	0	0	1
785	0x12022ef1	__sys_errlist_ENOTCONN	0xf	2	0	0	1
786	0x12022b75	__sys_errlist_ENOTDIR	0xf	2	0	0	1
787	0x12022fca	__sys_errlist_ENOTEMPTY	0xf	2	0	0	1
788	0x12022cd2	__sys_errlist_ENOTSOCK	0xf	2	0	0	1
789	0x12022bcd	__sys_errlist_ENOTTY	0xf	2	0	0	1
790	0x12022a8a	__sys_errlist_ENXIO	0xf	2	0	0	1
791	0x12022d90	__sys_errlist_EOPNOTSUPP	0xf	2	0	0	1
792	0x12022a34	__sys_errlist_EPERM	0xf	2	0	0	1
793	0x12022db2	__sys_errlist_EPFNOSUPPORT	0xf	2	0	0	1
794	0x12022c54	__sys_errlist_EPIPE	0xf	2	0	0	1
795	0x12022fde	__sys_errlist_EPROCLIM	0xf	2	0	0	1
796	0x12022d5f	__sys_errlist_EPROTONOSUPPORT	0xf	2	0	0	1
797	0x12022d1f	__sys_errlist_EPROTOTYPE	0xf	2	0	0	1
798	0x12023105	__sys_errlist_EPWROFF	0xf	2	0	0	1
799	0x12022c73	__sys_errlist_ERANGE	0xf	2	0	0	1
800	0x12022f61	__sys_errlist_EREFUSED	0xf	2	0	0	1
801	0x1202302a	__sys_errlist_EREMOTE	0xf	2	0	0	1
802	0x12022c2f	__sys_errlist_EROFS	0xf	2	0	0	1
803	0x1202317b	__sys_errlist_ESHLIBVERS	0xf	2	0	0	1
804	0x12022f09	__sys_errlist_ESHUTDOWN	0xf	2	0	0	1
805	0x12022d76	__sys_errlist_ESOCKTNOSUPPORT	0xf	2	0	0	1
806	0x12022c22	__sys_errlist_ESPIPE	0xf	2	0	0	1
807	0x12022a58	__sys_errlist_ESRCH	0xf	2	0	0	1
808	0x12023014	__sys_errlist_ESTALE	0xf	2	0	0	1
809	0x12023060	__sys_errlist_ETIME	0xf	2	0	0	1
810	0x12022f4c	__sys_errlist_ETIMEDOUT	0xf	2	0	0	1
811	0x12022f2a	__sys_errlist_ETOOMANYREFS	0xf	2	0	0	1
812	0x12022bec	__sys_errlist_ETXTBSY	0xf	2	0	0	1
813	0x12022ff1	__sys_errlist_EUSERS	0xf	2	0	0	1
814	0x12022c84	__sys_errlist_EWOULDBLOCK	0xf	2	0	0	1
815	0x12022b54	__sys_errlist_EXDEV	0xf	2	0	0	1
816	0x1201b05c	__task_by_pid	0xf	1	0	0	1
817	0x1201d048	__task_by_unix_pid	0xf	1	0	0	1
818	0x1201c404	__task_create	0xf	1	0	0	1
819	0x1201d828	__task_get_special_port	0xf	1	0	0	1
820	0x1201d9e0	__task_info	0xf	1	0	0	1
821	0x1201afbc	__task_notify	0xf	1	0	0	1
822	0x1201d774	__task_resume	0xf	1	0	0	1
823	0x1201af9c	__task_self	0xf	1	0	0	1
824	0x120266c0	__task_self_	0xf	9	0	0	1
825	0x1201d90c	__task_set_special_port	0xf	1	0	0	1
826	0x1201d6c0	__task_suspend	0xf	1	0	0	1
827	0x1201c4e8	__task_terminate	0xf	1	0	0	1
828	0x1201c59c	__task_threads	0xf	1	0	0	1
829	0x1201ddbc	__thread_abort	0xf	1	0	0	1
830	0x1201db78	__thread_create	0xf	1	0	0	1
831	0x1201e17c	__thread_get_special_port	0xf	1	0	0	1
832	0x1201de70	__thread_get_state	0xf	1	0	0	1
833	0x1201e334	__thread_info	0xf	1	0	0	1
834	0x1201afac	__thread_reply	0xf	1	0	0	1
835	0x1201dd08	__thread_resume	0xf	1	0	0	1
836	0x1201afcc	__thread_self	0xf	1	0	0	1
837	0x1201e260	__thread_set_special_port	0xf	1	0	0	1
838	0x1201e008	__thread_set_state	0xf	1	0	0	1
839	0x1201dc54	__thread_suspend	0xf	1	0	0	1
840	0x1201b0fc	__thread_switch	0xf	1	0	0	1
841	0x1201c680	__thread_terminate	0xf	1	0	0	1
842	0x12026994	__threads_data_padding	0xf	9	0	0	1
843	0x1201d12c	__unix_pid	0xf	1	0	0	1
844	0x12020458	__ur_cthread_self	0xf	1	0	0	1
845	0x1201c734	__vm_allocate	0xf	1	0	0	1
846	0x1201ccd8	__vm_copy	0xf	1	0	0	1
847	0x1201f6a4	__vm_deactivate	0xf	1	0	0	1
848	0x1201c83c	__vm_deallocate	0xf	1	0	0	1
849	0x1201ca08	__vm_inherit	0xf	1	0	0	1
850	0x1201f3d4	__vm_machine_attribute	0xf	1	0	0	1
851	0x120266d0	__vm_page_size	0xf	9	0	0	1
852	0x1201c910	__vm_protect	0xf	1	0	0	1
853	0x1201caec	__vm_read	0xf	1	0	0	1
854	0x1201cdbc	__vm_region	0xf	1	0	0	1
855	0x1201f5c0	__vm_set_policy	0xf	1	0	0	1
856	0x1201cf4c	__vm_statistics	0xf	1	0	0	1
857	0x1201f4ec	__vm_synchronize	0xf	1	0	0	1
858	0x1201cbec	__vm_write	0xf	1	0	0	1
859	0x12020214	__write	0xf	1	0	0	1
860	0x120223b4	__writev	0xf	1	0	0	1
861	0x120266d4	__xxx_PORT_ENABLED	0xf	9	0	0	1
862	0x1201d5ec	__xxx_cpu_control	0xf	1	0	0	1
863	0x120266c8	__xxx_environment_port	0xf	9	0	0	1
864	0x1201d3e4	__xxx_host_info	0xf	1	0	0	1
865	0x1201d4e0	__xxx_slot_info	0xf	1	0	0	1
866	0x12005eb8	_abort	0xf	1	0	0	1
867	0x12006054	_add_error_string	0xf	1	0	0	1
868	0x1201a6c4	_add_profil	0xf	1	0	0	1
869	0x12006154	_allocate	0xf	1	0	0	1
870	0x12006220	_allocate_with_no_error_check	0xf	1	0	0	1
871	0x1201f7e8	_atexit	0xf	1	0	0	1
872	0x1201857c	_atol	0xf	1	0	0	1
873	0x1200841c	_bind_lazy_symbol_reference	0xf	1	0	0	1
874	0x120087e8	_bind_symbol_by_name	0xf	1	0	0	1
875	0x120206c0	_bootstrap_look_up	0xf	1	0	0	1
876	0x120266cc	_bootstrap_port	0xf	9	0	0	1
877	0x12020910	_bootstrap_status	0xf	1	0	0	1
878	0x1201ac80	_bsearch	0xf	1	0	0	1
879	0x120105e0	_buffer_for_dylib	0xf	1	0	0	1
880	0x1200c634	_call_module_initializers	0xf	1	0	0	1
881	0x1200caa0	_call_registered_funcs_for_add_images	0xf	1	0	0	1
882	0x1200cd00	_call_registered_funcs_for_linked_modules	0xf	1	0	0	1
883	0x1200fc60	_calloc	0xf	1	0	0	1
884	0x12007f9c	_change_symbol_pointers_in_images	0xf	1	0	0	1
885	0x12005af4	_check_and_report_undefineds	0xf	1	0	0	1
886	0x1200893c	_check_executable_for_overrides	0xf	1	0	0	1
887	0x12006670	_clear_being_linked_list	0xf	1	0	0	1
888	0x120022bc	_clear_lock	0xf	1	0	0	1
889	0x12006718	_clear_undefined_list	0xf	1	0	0	1
890	0x1201f788	_close	0xf	1	0	0	1
891	0x12005da8	_dead_lock_error	0xf	1	0	0	1
892	0x12026468	_debug_port	0xf	9	0	0	1
893	0x1202646c	_debug_thread	0xf	9	0	0	1
894	0x12026398	_debug_thread_lock	0xf	9	0	0	1
895	0x12026480	_debug_thread_waiting_for_lock	0xf	9	0	0	1
896	0x120263b4	_dyld_bind_at_launch	0xf	9	0	0	1
897	0x120263b8	_dyld_dead_lock_hang	0xf	9	0	0	1
898	0x12026464	_dyld_debug_trace	0xf	9	0	0	1
899	0x120263b0	_dyld_ebadexec_only	0xf	9	0	0	1
900	0x120263f8	_dyld_error_print	0xf	9	0	0	1
901	0x1200c61c	_dyld_event_MsgError	0xf	1	0	0	1
902	0x12027750	_dyld_framework_path	0xf	11	0	0	1
903	0x1202651c	_dyld_image	0xf	9	0	0	1
904	0x12026520	_dyld_image_header	0xf	9	0	0	1
905	0x12026528	_dyld_image_name	0xf	9	0	0	1
906	0x12026524	_dyld_image_vmaddr_slide	0xf	9	0	0	1
907	0x12027754	_dyld_insert_libraries	0xf	11	0	0	1
908	0x12027758	_dyld_library_path	0xf	11	0	0	1
909	0x12026454	_dyld_lock	0xf	9	0	0	1
910	0x120263ac	_dyld_mem_protect	0xf	9	0	0	1
911	0x120263e4	_dyld_monaddition	0xf	9	0	0	1
912	0x120263bc	_dyld_prebind_debug	0xf	9	0	0	1
913	0x120263a8	_dyld_print_libraries	0xf	9	0	0	1
914	0x1202652c	_errno	0xf	9	0	0	1
915	0x12005eec	_error	0xf	1	0	0	1
916	0x12038ef8	_error_string	0xf	13	0	0	1
917	0x120263a4	_executable_bind_at_load	0xf	9	0	0	1
918	0x120263cc	_executable_prebound	0xf	9	0	0	1
919	0x12027774	_executables_name	0xf	11	0	0	1
920	0x1201abd0	_exit	0xf	1	0	0	1
921	0x120095a4	_external_relocation	0xf	1	0	0	1
922	0x12020190	_fclose	0xf	1	0	0	1
923	0x12020130	_fflush	0xf	1	0	0	1
924	0x12021658	_fprintf	0xf	1	0	0	1
925	0x1200fdb4	_free	0xf	1	0	0	1
926	0x1201f7a8	_fstat	0xf	1	0	0	1
927	0x12009b10	_get_entry_point	0xf	1	0	0	1
928	0x1201867c	_getegid	0xf	1	0	0	1
929	0x1201869c	_geteuid	0xf	1	0	0	1
930	0x120186bc	_getgid	0xf	1	0	0	1
931	0x12010404	_getsectbynamefromheader	0xf	1	0	0	1
932	0x120186dc	_getuid	0xf	1	0	0	1
933	0x12026394	_global_lock	0xf	9	0	0	1
934	0x1201a46c	_host_adjust_time	0xf	1	0	0	1
935	0x12027760	_host_basic_info	0xf	11	0	0	1
936	0x1201a55c	_host_get_time	0xf	1	0	0	1
937	0x120187e0	_host_info	0xf	1	0	0	1
938	0x12019884	_host_kernel_version	0xf	1	0	0	1
939	0x1201a20c	_host_processor_set_priv	0xf	1	0	0	1
940	0x1201a128	_host_processor_sets	0xf	1	0	0	1
941	0x120186fc	_host_processors	0xf	1	0	0	1
942	0x1201b0bc	_host_self	0xf	1	0	0	1
943	0x1201a3a4	_host_set_time	0xf	1	0	0	1
944	0x120263c8	_launched	0xf	9	0	0	1
945	0x12027780	_library_images	0xf	11	0	0	1
946	0x12005df4	_link_edit_error	0xf	1	0	0	1
947	0x120088f0	_link_in_need_modules	0xf	1	0	0	1
948	0x12006b50	_link_library_module	0xf	1	0	0	1
949	0x12006f6c	_link_object_module	0xf	1	0	0	1
950	0x1200b408	_linkedit_error_enter	0xf	1	0	0	1
951	0x12004644	_load_dependent_libraries	0xf	1	0	0	1
952	0x120028f8	_load_executable_image	0xf	1	0	0	1
953	0x12002ea4	_load_library_image	0xf	1	0	0	1
954	0x12009350	_local_relocation	0xf	1	0	0	1
955	0x12026484	_lock_in_multiply_defined_handler	0xf	9	0	0	1
956	0x120022ac	_lock_is_set	0xf	1	0	0	1
957	0x12007230	_lookup_symbol	0xf	1	0	0	1
958	0x12005f9c	_mach_error	0xf	1	0	0	1
959	0x1201fa78	_mach_error_string	0xf	1	0	0	1
960	0x12020244	_mach_init	0xf	1	0	0	1
961	0x1200fd50	_malloc	0xf	1	0	0	1
962	0x1200fb70	_malloc_debug	0xf	1	0	0	1
963	0x1200fbe4	_malloc_error	0xf	1	0	0	1
964	0x120102c4	_malloc_freezedry	0xf	1	0	0	1
965	0x1200fc48	_malloc_good_size	0xf	1	0	0	1
966	0x12010374	_malloc_jumpstart	0xf	1	0	0	1
967	0x12010198	_malloc_singlethreaded	0xf	1	0	0	1
968	0x1200fc04	_malloc_size	0xf	1	0	0	1
969	0x120038d8	_map_bundle_image	0xf	1	0	0	1
970	0x1201b08c	_map_fd	0xf	1	0	0	1
971	0x1203a010	_mem_prot_debug_lock	0xf	14	0	0	1
972	0x1203a000	_mem_prot_lock	0xf	14	0	0	1
973	0x1201acec	_memmove	0xf	1	0	0	1
974	0x1201a6e4	_memset	0xf	1	0	0	1
975	0x12010538	_mig_dealloc_reply_port	0xf	1	0	0	1
976	0x120104c8	_mig_get_reply_port	0xf	1	0	0	1
977	0x1201aa9c	_mmap	0xf	1	0	0	1
978	0x12022124	_modf	0xf	1	0	0	1
979	0x1201ae70	_msg_receive	0xf	1	0	0	1
980	0x1201aed0	_msg_rpc	0xf	1	0	0	1
981	0x1201ae18	_msg_send	0xf	1	0	0	1
982	0x1200fc54	_mstats	0xf	1	0	0	1
983	0x1200b3b0	_multiply_defined_enter	0xf	1	0	0	1
984	0x12005bdc	_multiply_defined_error	0xf	1	0	0	1
985	0x1200b3f0	_multiply_defined_exit	0xf	1	0	0	1
986	0x12020310	_mutex_try_lock	0xf	1	0	0	1
987	0x1202032c	_mutex_wait_lock	0xf	1	0	0	1
988	0x12010674	_new_buffer_for_dylib	0xf	1	0	0	1
989	0x12027a60	_object_images	0xf	11	0	0	1
990	0x1201f7c8	_open	0xf	1	0	0	1
991	0x120222f0	_perror	0xf	1	0	0	1
992	0x1201e78c	_port_allocate	0xf	1	0	0	1
993	0x1201e868	_port_deallocate	0xf	1	0	0	1
994	0x120263c4	_prebinding	0xf	9	0	0	1
995	0x1201a640	_printf	0xf	1	0	0	1
996	0x1201920c	_processor_assign	0xf	1	0	0	1
997	0x12018c90	_processor_control	0xf	1	0	0	1
998	0x12018bdc	_processor_exit	0xf	1	0	0	1
999	0x120192e0	_processor_get_assignment	0xf	1	0	0	1
1000	0x12018978	_processor_info	0xf	1	0	0	1
1001	0x12018ec0	_processor_set_create	0xf	1	0	0	1
1002	0x12018de4	_processor_set_default	0xf	1	0	0	1
1003	0x12018fa8	_processor_set_destroy	0xf	1	0	0	1
1004	0x1201905c	_processor_set_info	0xf	1	0	0	1
1005	0x12019c20	_processor_set_max_priority	0xf	1	0	0	1
1006	0x12019e8c	_processor_set_policy_disable	0xf	1	0	0	1
1007	0x12019dc8	_processor_set_policy_enable	0xf	1	0	0	1
1008	0x12019f60	_processor_set_tasks	0xf	1	0	0	1
1009	0x1201a044	_processor_set_threads	0xf	1	0	0	1
1010	0x12018b28	_processor_start	0xf	1	0	0	1
1011	0x1201aabc	_profil	0xf	1	0	0	1
1012	0x120263c0	_profile_server	0xf	9	0	0	1
1013	0x12010598	_profile_server_exists	0xf	1	0	0	1
1014	0x12006290	_protect_allocated_memory	0xf	1	0	0	1
1015	0x1200282c	_protect_data_segment	0xf	1	0	0	1
1016	0x1200fd0c	_realloc	0xf	1	0	0	1
1017	0x1200c9b4	_register_func_for_add_image	0xf	1	0	0	1
1018	0x1200cbac	_register_func_for_link_module	0xf	1	0	0	1
1019	0x1200ce90	_register_func_for_replace_module	0xf	1	0	0	1
1020	0x1200ce40	_register_func_for_unlink_module	0xf	1	0	0	1
1021	0x1200b2a0	_release_lock	0xf	1	0	0	1
1022	0x12008b74	_relocate_modules_being_linked	0xf	1	0	0	1
1023	0x1200831c	_relocate_symbol_pointers_for_defined_externs	0xf	1	0	0	1
1024	0x12007dcc	_relocate_symbol_pointers_in_library_image	0xf	1	0	0	1
1025	0x12007c08	_relocate_symbol_pointers_in_object_image	0xf	1	0	0	1
1026	0x12005ec4	_reset_error_string	0xf	1	0	0	1
1027	0x120067c0	_resolve_undefineds	0xf	1	0	0	1
1028	0x1200c550	_send_event	0xf	1	0	0	1
1029	0x1200c110	_server_dyld_debug_add_event_subscriber	0xf	1	0	0	1
1030	0x1200b9c8	_server_dyld_debug_bind_module	0xf	1	0	0	1
1031	0x1200b818	_server_dyld_debug_defining_module	0xf	1	0	0	1
1032	0x1200b8c0	_server_dyld_debug_is_module_bound	0xf	1	0	0	1
1033	0x1200be6c	_server_dyld_debug_module_name	0xf	1	0	0	1
1034	0x12005ffc	_set_error_string	0xf	1	0	0	1
1035	0x12005374	_set_images_to_prebound	0xf	1	0	0	1
1036	0x1200b118	_set_lock	0xf	1	0	0	1
1037	0x1200b208	_set_lock_or_in_multiply_defined_handler	0xf	1	0	0	1
1038	0x12006350	_setup_initial_undefined_list	0xf	1	0	0	1
1039	0x12004408	_shared_pcsample_buffer	0xf	1	0	0	1
1040	0x1200b448	_start_debug_thread	0xf	1	0	0	1
1041	0x12010708	_start_profiling_for_dylib	0xf	1	0	0	1
1042	0x1201aadc	_stat	0xf	1	0	0	1
1043	0x120107b4	_stop_profiling_for_dylib	0xf	1	0	0	1
1044	0x1201aafc	_strcat	0xf	1	0	0	1
1045	0x1201ab2c	_strchr	0xf	1	0	0	1
1046	0x1201ab54	_strcmp	0xf	1	0	0	1
1047	0x1201ab80	_strcpy	0xf	1	0	0	1
1048	0x1201abe8	_strerror	0xf	1	0	0	1
1049	0x1201a684	_strncmp	0xf	1	0	0	1
1050	0x1201af60	_strncpy	0xf	1	0	0	1
1051	0x1201abac	_strrchr	0xf	1	0	0	1
1052	0x12002290	_stub_binding_helper_interface	0xf	1	0	0	1
1053	0x12027c70	_symbol_blocks	0xf	12	0	0	1
1054	0x12026150	_sys_errlist	0xf	6	0	0	1
1055	0x1202289c	_sys_nerr	0xf	2	0	0	1
1056	0x12005f3c	_system_error	0xf	1	0	0	1
1057	0x12019610	_task_assign	0xf	1	0	0	1
1058	0x120196e4	_task_assign_default	0xf	1	0	0	1
1059	0x120197a8	_task_get_assignment	0xf	1	0	0	1
1060	0x12019b4c	_task_priority	0xf	1	0	0	1
1061	0x1201af9c	_task_self	0xf	1	0	0	1
1062	0x120266c0	_task_self_	0xf	9	0	0	1
1063	0x120193bc	_thread_assign	0xf	1	0	0	1
1064	0x12019480	_thread_assign_default	0xf	1	0	0	1
1065	0x1201a2f0	_thread_depress_abort	0xf	1	0	0	1
1066	0x12019534	_thread_get_assignment	0xf	1	0	0	1
1067	0x1201e334	_thread_info	0xf	1	0	0	1
1068	0x12019a78	_thread_max_priority	0xf	1	0	0	1
1069	0x12019cf4	_thread_policy	0xf	1	0	0	1
1070	0x120199a4	_thread_priority	0xf	1	0	0	1
1071	0x1201afac	_thread_reply	0xf	1	0	0	1
1072	0x1201dd08	_thread_resume	0xf	1	0	0	1
1073	0x1201afcc	_thread_self	0xf	1	0	0	1
1074	0x1201dc54	_thread_suspend	0xf	1	0	0	1
1075	0x1201b0fc	_thread_switch	0xf	1	0	0	1
1076	0x1201c680	_thread_terminate	0xf	1	0	0	1
1077	0x12026458	_thread_that_has_dyld_lock	0xf	9	0	0	1
1078	0x1200229c	_try_to_get_lock	0xf	1	0	0	1
1079	0x120059c4	_try_to_use_prebound_libraries	0xf	1	0	0	1
1080	0x1202640c	_undefined_list	0xf	9	0	0	1
1081	0x12009864	_undo_external_relocation	0xf	1	0	0	1
1082	0x12005658	_undo_prebound_images	0xf	1	0	0	1
1083	0x12009270	_undo_prebound_lazy_pointers	0xf	1	0	0	1
1084	0x120062f0	_unprotect_allocated_memory	0xf	1	0	0	1
1085	0x12002890	_unprotect_data_segment	0xf	1	0	0	1
1086	0x12020458	_ur_cthread_self	0xf	1	0	0	1
1087	0x12010f6c	_user_dyld_event_server_callback	0xf	1	0	0	1
1088	0x12026404	_user_linkEdit_handler	0xf	9	0	0	1
1089	0x12026400	_user_multiple_handler	0xf	9	0	0	1
1090	0x120263fc	_user_undefined_handler	0xf	9	0	0	1
1091	0x12006068	_vadd_error_string	0xf	1	0	0	1
1092	0x12007b38	_validate_NSModule	0xf	1	0	0	1
1093	0x1200787c	_validate_NSSymbol	0xf	1	0	0	1
1094	0x1200fc84	_valloc	0xf	1	0	0	1
1095	0x1200ffc4	_vfree	0xf	1	0	0	1
1096	0x1201c734	_vm_allocate	0xf	1	0	0	1
1097	0x1201ccd8	_vm_copy	0xf	1	0	0	1
1098	0x1201c83c	_vm_deallocate	0xf	1	0	0	1
1099	0x120266d0	_vm_page_size	0xf	9	0	0	1
1100	0x1201c910	_vm_protect	0xf	1	0	0	1
1101	0x1201cdbc	_vm_region	0xf	1	0	0	1
1102	0x12006010	_vset_error_string	0xf	1	0	0	1
1103	0x1201ac18	_vsprintf	0xf	1	0	0	1
1104	0x12020214	_write	0xf	1	0	0	1
1105	0x1201adf2	cerror	0xf	1	0	0	1
1106	0x120263a0	debug_lock	0xf	9	0	0	1
1107	0x12010b9a	dyld_stub_binding_helper	0xf	1	0	0	1
1108	0x1202639c	lock	0xf	9	0	0	1
