source_candidate_start	source_candidate_name	branch_address	original_bytes	computed_target	target_relation	target_candidate_start	target_candidate_name
0xf00038c4	syscall	0xf00038e8	30bffeee	0xf00034a0	other_candidate	0xf00034a0	sys_rtt
0xf00038ec	machcall	0xf0003910	30bffee4	0xf00034a0	other_candidate	0xf00034a0	sys_rtt
0xf0003914	fault	0xf00039b8	30bffeba	0xf00034a0	other_candidate	0xf00034a0	sys_rtt
0xf0004e70	level10	0xf0004e94	30bffb00	0xf0003a94	other_candidate	0xf00039bc	interrupt
0xf000c714	_exit	0xf000c734	30bffffe	0xf000c72c	same_candidate	0xf000c714	_exit
0xf0072110	_idle_thread_continue	0xf0072344	30bfff7e	0xf007213c	same_candidate	0xf0072110	_idle_thread_continue
0xf00723dc	_sched_thread_continue	0xf007241c	30bffff3	0xf00723e8	same_candidate	0xf00723dc	_sched_thread_continue
0xf0075a8c	_reaper_thread_continue	0xf0075b78	30bfffc9	0xf0075a9c	same_candidate	0xf0075a8c	_reaper_thread_continue
0xf007656c	_swapin_thread_continue	0xf007664c	30bfffcc	0xf007657c	same_candidate	0xf007656c	_swapin_thread_continue
0xf0079d2c	_kern_server_main	0xf007a344	30bfff37	0xf007a020	same_candidate	0xf0079d2c	_kern_server_main
0xf0095c18	_srmmu_mmu_sys_ovf	0xf0095c68	30bdb5f3	0xf0003434	other_candidate	0xf0003434	st_chk_flt
0xf0095c6c	_srmmu_mmu_sys_unf	0xf0095cc4	30bdb647	0xf00035e0	other_candidate	0xf00035e0	sr_chk_flt
0xf0095cc8	_srmmu_mmu_wo	0xf0095d18	308002e8	0xf00968b8	other_candidate	0xf00968b8	wo_chk_flt
0xf009a028	_system_power_down	0xf009a038	30800000	0xf009a038	same_candidate	0xf009a028	_system_power_down
0xf00c84b4	sub_F00C84B4	0xf00c8718	30bfff6e	0xf00c84d0	same_candidate	0xf00c84b4	sub_F00C84B4
