option	macro	header	value	status	evidence
mach_assert	MACH_ASSERT	mach_assert.h	0	hypothesis	ipc/ipc_right.c:2587 and ipc/mach_port.c:1598 #else branches: original passes the strings directly to _panic (0x150331, 0x155cdd); Darwin RELEASE tags lack <test>
mach_fixpri	MACH_FIXPRI	mach_fixpri.h	1	confirmed	original _thread_policy 0x1688f4 has the MACH_FIXPRI branch shape (kern/thread.c:2214-2259 branch, #else 2260-2264: lock, POLICY_FIXEDPRI quantum from tick, compute_priority) rather than the #else return; RELEASE tag fixpri; CONFIRMED by bytes: kern/priority.c OBJECT_MATCH (plan 38.2) contains the MACH_FIXPRI policy tests (cmp policy,2 at 0x160f04, 0x160fe6, 0x161044) and sched_data quantum (0x160ffc)
simple_clock	SIMPLE_CLOCK	simple_clock.h	0	hypothesis	changed 1 -> 0 (plan 117-119): the original has no _sched_usec (Darwin kern/sched_prim.c:99-101 defines it under SIMPLE_CLOCK); kern/thread.c _thread_info matches only without the #if SIMPLE_CLOCK drift compensation (s5p92-probe-thread 42/42); kern/sched_prim.c _sched_init/_recompute_priorities shrink toward the original with 0 (s5p91-probe-a). Counter-evidence kept: _sched_usec_elapsed 0x160714 exists (Darwin kern/mach_clock.c:176 has it only under SIMPLE_CLOCK; body differs from Darwin) - to be re-checked when mach_clock is adopted. Only #if uses; RELEASE tag simple_clock (prior 1)
stat_time	STAT_TIME	stat_time.h	1	hypothesis	original _clock_interrupt 0x15bc30 begins with timer_bump of user/system timers and _timer_normalize (kern/mach_clock.c:112-123 STAT_TIME branch); RELEASE lacks <timing>; supporting: kern/priority.c (plan 38.2) USAGE_THRESHOLD compare 0x7ffffff at 0x1610f5 = 1<<(PRI_SHIFT 18 + 2 + 7), PRI_SHIFT 18 is the STAT_TIME definition (kern/sched.h:81)
cpus	NCPUS	cpus.h	1	confirmed	_machine_slot (kern/machine.c:86 machine_slot[NCPUS]) occupies 32 B in __common = one 32 B struct (Python); clock_interrupt uses cpu 0 constants; CONFIRMED by bytes: kern/priority.c OBJECT_MATCH (plan 38.2) takes the !(NCPUS > 1) quantum path (0x160ea3 stores min_quantum into default_pset.set_quantum) - with machine_slot[NCPUS] = 32 B gives NCPUS = 1
mach_ipc_compat	MACH_IPC_COMPAT	mach_ipc_compat.h	1	hypothesis	60 usable functions/strings wholly inside #if MACH_IPC_COMPAT and unique in the tree are present in the original (09_validation/reconstruction/s4a2-option-evidence-20261001.tsv), e.g. _ipc_right_copyin_compat 0x14fecc, _msg_send_trap 0x1542b0; thread offsets not usable (struct version differs, plan 23.2); RELEASE tag ipc_compat
mach_ipc_debug	MACH_IPC_DEBUG	mach_ipc_debug.h	1	hypothesis	_ipc_hash_info 0x146d54 and _ipc_marequest_info 0x14a5bc (defined only under MACH_IPC_DEBUG, ipc/ipc_hash.c:660, ipc/ipc_marequest.c:477) present; RELEASE tag ipc_debug
old_vm_code	OLD_VM_CODE	old_vm_code.h	1	hypothesis	offset probe s4a2-probe-3 (DRIVERKIT=1): OLD_VM_CODE=1 gives vm_object Lock 0x10/ref_count 0x18 and vm_map ref_count 0x30/ref_lock 0x34, matching _vm_object_reference 0x178c30 and _vm_map_reference 0x1747a8 (0 gives 0x8/0x10 and 0x2c/0x30); vm_object.ref_count is 16-bit in the original (header version differs); RELEASE lacks newvm
mach_host	MACH_HOST	mach_host.h	0	confirmed	_pset_deallocate 0x1616f0 panics with "pset_deallocate: default_pset destroyed" when ref_count reaches 0 and has no MACH_HOST cleanup (kern/processor.c:376-378 #if !MACH_HOST branch); RELEASE lacks host; CONFIRMED by bytes: kern/host.c (!MACH_HOST branch of host_processor_sets, :341-375) OBJECT_MATCH, plan 37.2 (value 0; any #if-false value is equivalent here)
driverkit	DRIVERKIT	driverkit.h	1	hypothesis	11 source files listed "optional driverkit" in conf/files:513-525 (driverServerServer.c at :522 is generated, not embedded) have their paths embedded in the original (e.g. driverkit/KernLock.m); _vol_check_manual_poll 0x1859a0, _vol_check_set_poll 0x1859c8 (DRIVERKIT-only, bsd/dev/vol.c); original simple locks are real spin locks (kern/lock.h:66 MACH_SLOCKS); RELEASE tag driverkit
norma_task	NORMA_TASK	norma_task.h	0	hypothesis	_task_create 0x165a20 lies in the task.c run (S2-A seq 193) and _task_create_local is absent; NORMA_TASK=1 renames the task.c definition to task_create_local (kern/task.c:76-78); no norma sources in the tree
new_vm_code	NEW_VM_CODE	new_vm_code.h	0	undetermined	no evidence: only macros in vm/vm_map.h:446-461; RELEASE prior 0
mach_pagemap	MACH_PAGEMAP	mach_pagemap.h	0	hypothesis	build value 0 (plan 90, 90.1): only #if uses in C/H (vm/vm_object.h:78-80, :212-214), so 0 equals undefined; MACH_PAGEMAP 1 needs vm/vm_external.h, absent from Darwin; vm_object.c O3c OBJECT_MATCH with 0 (s5p63-probe-1); historical value not established by bytes; not in MASTER (config default 0)
mach_vm_debug	MACH_VM_DEBUG	mach_vm_debug.h	0	undetermined	only absence (15 items, e.g. _vm_page_total_pages); not in MASTER
norma_vm	NORMA_VM	norma_vm.h	0	hypothesis	build value 0 (plan 90, 90.1): only #if uses in C/H (vm/vm_object.h:82-90 type-only, vm/vm_object.c:60-62 include only), so 0 equals undefined, as in every earlier build; vm_object.c O3c OBJECT_MATCH with 0 (s5p63-probe-1); historical value not established by bytes; RELEASE prior 0
mach_ldebug	MACH_LDEBUG	mach_ldebug.h	0	undetermined	original _panic has no mach_ldebug store and no _mach_ldebug symbol, but panic differs from Darwin (absence only); with DRIVERKIT=1 MACH_SLOCKS is true regardless; RELEASE lacks test
mach_xp	MACH_XP	mach_xp.h	0	confirmed	Darwin conf/MASTER.i386:72 RELEASE tags lack <xp> (MASTER:134 options MACH_XP # <xp>); original has the !MACH_XP symbols _vm_user_init 0x17c4e0, _vm_alloc_lock 0x1f64c0 (vm_user.c:61-63), _vm_map_lookup_done 0x1783d8 and lacks vm_map_verify (vm_map.c:60 USE_VERSIONS = MACH_XP); _vm_mem_init calls _vm_user_init at 0x173aca (vm_init.c #else MACH_XP); CONFIRMED by bytes: vm/vm_init.c OBJECT_MATCH (plan 39.2) - the MACH_XP branch is empty, the original calls vm_user_init
mach_old_vm_copy	MACH_OLD_VM_COPY	mach_old_vm_copy.h	1	confirmed	Darwin conf/MASTER:145 options MACH_OLD_VM_COPY # <!newvm> and RELEASE tags lack newvm; CONFIRMED by bytes: ipc/mach_port.c OBJECT_MATCH (plan 58.2) references _vm_move, _vm_map_pageable and _ipc_soft_map (MACH_OLD_VM_COPY branches of mach_port_names/mach_port_get_set_status; the #else branches call vm_map_wire/vm_map_unwire/vm_map_copyin)
mach_kdb	MACH_KDB	mach_kdb.h	0	hypothesis	Darwin conf/MASTER* has no MACH_KDB option (registered in conf/files:50); users kern/exception.c:87-92 and :300-311 (debug_user_with_kdb, thread_kdb_return, db_printf) and the include in bsd/sys/reboot.h:65; the original has no _debug_user_with_kdb, _thread_kdb_return, _db_printf symbols and no "No exception server, calling kdb" string; byte confirmation pending exception.c (plan 67)
norma_ether	NORMA_ETHER	norma_ether.h	0	hypothesis	Darwin conf/MASTER:139 tag <norma_ether>, absent from the RELEASE tags (MASTER.i386:72); only kern/machine.c:58 includes the header and the value is unused, so bytes cannot confirm it (plan 67)
pc_support	PC_SUPPORT	pc_support.h	1	confirmed	Darwin conf/files.i386:6 OPTIONS/pc_support, MASTER.i386:91 <pc> in the RELEASE tags (MASTER.i386:72); original has _PCcreate/_PCexception/_PCresume; CONFIRMED by bytes: machdep/i386/catch.c OBJECT_MATCH (plan 76) needs the PC_SUPPORT branches (references _PCexception, _PCcallMonitor through PCmiscInline.h)
fp_emul	FP_EMUL	fp_emul.h	0	confirmed	Darwin conf/files.i386:5 OPTIONS/fp_emul, MASTER.i386:90 <fp> absent from the RELEASE tags (MASTER.i386:72); none of the 140 .globl names of machdep/i386/fp_emul/*.s is in the original symbol table; byte check pending fp_support.c (plan 76); CONFIRMED by bytes: machdep/i386/fp_support.c (plan 77) - the #if FP_EMUL branches add an FPU_EMUL store (line 120) and an e80387 call (line 158), and the functions holding them are full L1 MATCH with FP_EMUL 0
mach_nbc	MACH_NBC	mach_nbc.h	1	hypothesis	Darwin conf/files:54 OPTIONS/mach_nbc, conf/MASTER:131 <nbc> present in the RELEASE tags (MASTER.i386:72); users kern/mapfs.c, kern/mach_loader.c, vm/vnode_pager.c and BSD file systems; not yet confirmed by bytes (plan 76)
uxpr	UXPR	uxpr.h	1	hypothesis	Darwin conf/files:75 OPTIONS/uxpr, MASTER.i386:92 <uxpr> in the RELEASE tags (MASTER.i386:72); conf/files:529 driverkit/ddm.c optional uxpr, whose globals _uxprGlobal, _xpr_lock, _xprLocked are in the original (plan 81)
xpr_debug	XPR_DEBUG	xpr_debug.h	0	hypothesis	Darwin conf/files:67 OPTIONS/xpr_debug, MASTER:142 <xpr_debug> only in the DEBUG tags (MASTER.i386:74), not RELEASE; original IOInitDDM calls _IOMalloc at 0x184964 = the #else XPR_DEBUG branch of driverkit/ddm.c:100-111; no direct calls to _IOAddDDMEntry (plan 81.1)
mach_net	MACH_NET	mach_net.h	1	hypothesis	original _setup_main calls _mach_net_init (0x15c8ac) exactly where Darwin kern/mach_init.c:108-110 does under #if MACH_NET (s5p84-probe-2); Darwin conf/files:56 OPTIONS/mach_net, conf/MASTER:133 <mach_net>; only #if uses (ipc_kmsg, ipc_kobject, mach_net, mach_init; none adopted elsewhere); plan 111
mach_debug	MACH_DEBUG	mach_debug.h	1	hypothesis	functions inside #if MACH_DEBUG lie in the original objects of the same files (kern/thread.c stack_usage..thread_stats at 0x168afc-0x168e80, kern/zalloc.c host_zone_info 0x16baf8 / host_zone_free_space_info 0x16be1c, kern/kernel_stack.c stack_statistics 0x15b49c) and globals _stack_check_usage/_stack_max_usage/_stack_usage_lock exist; kernel_stack.c with 1 matches the original byte for byte (s5p87-probe-1); Darwin conf/files:43, MASTER:122; plan 112, 114
kernobjc	KERNOBJC	kernobjc.h	1	hypothesis	RELEASE tag kernobjc (Darwin conf/MASTER.i386:72, MASTER:185); kern/thread.c imports the header but does not use the value; users init_main.c, kern_server.c (not adopted); no byte evidence yet
kernel_stack	KERNEL_STACK	kernel_stack.h	1	hypothesis	kern/thread.c with 1 matches the original 42/42 (s5p92-probe-thread); with 0 it gains stack_alloc/stack_free/stack_collect/stack_alloc_try/stack_statistics, which the original has in the kernel_stack object (s5p93-ctl-thread-ks0); RELEASE tag kernstack (MASTER:187); only user kern/thread.c
hw_footprint	HW_FOOTPRINT	hw_footprint.h	0	hypothesis	kern/thread.c _thread_create matches without the #if HW_FOOTPRINT last_processor assignment (s5p92-probe-thread); absent from the RELEASE tags (MASTER:117 <hw_foot>); users kern/thread.c, kern/sched_prim.c
norma_ipc	NORMA_IPC	norma_ipc.h	0	hypothesis	absent: original symbol table has no norma_* symbols (03_original/x86/inventory/symbols.tsv grep); option not in Darwin 0.1; needed by Mach4 candidate sources (plan 137.1)
mach_pcsample	MACH_PCSAMPLE	mach_pcsample.h	0	hypothesis	absent: original symbol table has no pc_sample symbols (03_original/x86/inventory/symbols.tsv grep); option not in Darwin 0.1; needed by Mach4 candidate sources (plan 137.1)
mach_ipc_test	MACH_IPC_TEST	mach_ipc_test.h	0	hypothesis	absent: original symbol table has no ipc_test symbols (03_original/x86/inventory/symbols.tsv grep); option not in Darwin 0.1; needed by Mach4 candidate sources (plan 137.1)
mach_machine_routines	MACH_MACHINE_ROUTINES	mach_machine_routines.h	0	hypothesis	absent: original symbol table has no machine_routines symbols (03_original/x86/inventory/symbols.tsv grep); option not in Darwin 0.1; needed by Mach4 candidate sources (plan 137.1)
nfs_server	NFS_SERVER	nfs_server.h	1	hypothesis	original _rfsdisptab, _nfs_svc; NeXTMach config header used by mk-108.1 BSD sources (plan 140.1)
nfs_client	NFS_CLIENT	nfs_client.h	1	hypothesis	original _nfs_vnodeops, _async_daemon; NeXTMach config header used by mk-108.1 BSD sources (plan 140.1)
sun_rpc	SUN_RPC	sun_rpc.h	1	hypothesis	original _svckudp*, _clntkudp*; NeXTMach config header used by mk-108.1 BSD sources (plan 140.1)
ether	NETHER	ether.h	1	hypothesis	original _arpinput; NeXTMach config header used by mk-108.1 BSD sources (plan 140.1)
loop	NLOOP	loop.h	1	hypothesis	original _loattach; NeXTMach config header used by mk-108.1 BSD sources (plan 140.1)
en	NEN	en.h	1	hypothesis	original _en_recv_pkt, _en_send_pkt (hypothesis); NeXTMach config header used by mk-108.1 BSD sources (plan 140.1)
quota	QUOTA	quota.h	0	hypothesis	no quota functions (_chkdq/_getinoquota/_quotactl absent); COUNTER-EVIDENCE: variables _dquot, _dquotNDQUOT (NeXTMach conf/param.c:144-146 under #if QUOTA), _ndquot, _ndqb exist; decide per object (plan 140.2)
sun_lock	SUN_LOCK	sun_lock.h	1	hypothesis	original _spec_lockctl (NeXTMach specfs/spec_vnodeops.c:732 under #if SUN_LOCK), _lf_lockctl, _lf_svnode_hash, _flock; corrected from 0 after codex QS61 (plan 140.2)
secure_nfs	SECURE_NFS	secure_nfs.h	0	hypothesis	no _authdes*; NeXTMach config header used by mk-108.1 BSD sources (plan 140.1)
nfsmeas	NNFSMEAS	nfsmeas.h	0	hypothesis	no _nfsmeas*; NeXTMach config header used by mk-108.1 BSD sources (plan 140.1)
imp	NIMP	imp.h	0	hypothesis	no _impopen; NeXTMach config header used by mk-108.1 BSD sources (plan 140.1)
hy	NHY	hy.h	0	hypothesis	no _hyattach; NeXTMach config header used by mk-108.1 BSD sources (plan 140.1)
od	NOD	od.h	0	hypothesis	no _odattach/_odopen; NeXTMach config header used by mk-108.1 BSD sources (plan 140.1)
dli	DLI	dli.h	0	hypothesis	no _dli*; NeXTMach config header used by mk-108.1 BSD sources (plan 140.1)
gdb	GDB	gdb.h	0	hypothesis	no _gdb*/_kgdb* (i386 uses kdp; hypothesis); NeXTMach config header used by mk-108.1 BSD sources (plan 140.1)
pty	NPTY	pty.h	32	hypothesis	NeXTMach conf/MASTER.next:118 pseudo-device pty 32 (hypothesis; check against tty_pty data); NeXTMach config header used by mk-108.1 BSD sources (plan 140.1)
cputypes	-	cputypes.h	-	hypothesis	config output for cpu "i386"; no generator source; target BSD files have no cpu-macro conditions (hypothesis: empty header); NeXTMach config header used by mk-108.1 BSD sources (plan 140.1)
sun_nfs	SUN_NFS	sun_nfs.h	1	hypothesis	original _nfs_vfsops, _nfs_svc (NFS present); the real-machine SDK /NextDeveloper/Headers/bsd/nfs/nfs_mount.h:2-3 imports <sun_nfs.h> under KERNEL_BUILD (so the original build had this config header); NeXTMach conf/files:258 OPTIONS/sun_nfs, nfs/nfs_mount.h:2; no active SUN_NFS test in 07 or staged headers (plan 281)
maxusers	MAXUSERS	confdep.h	8	confirmed	conf/param.c (plan 397, 398) values in the original __data: nport 42 = NPROC/2, ncallout 184 = 16+2*NPROC, nchsize 308 = NINODE*11/10, ncsize 140 = NPROC+16+MAXUSERS+32 with NPROC = 20+8*MAXUSERS -> MAXUSERS 8 (python); param object OBJECT_MATCH (s6p397-pm2)
