# plan 421: m68k object candidates for split x86 objects and m68k-only __text groups (bracket by one x86 object, or NeXTMach mk-108.1 file = weak); end is an upper bound (m2_m68k_regroup.py)
kind	label	start	end_upper	bytes	groups	first_run	last_run	x86_objects	unmapped_groups	gaps	support	prologue_contradictions	file_in_several_units	source_order_lis	source_order_names	inner_boundaries_418	inner_decided_418
file	next/locore.s	0x40013d6	0x400221e	3656	50	3	13	x86-fault_copy,x86-locore,x86-memmove,x86-memset,x86-pcb	37	22	file+asm prologue	0	1	30	30	10	10
file	fpsp/skeleton.sa	0x400221e	0x4002220	2	1	13	13		1	0	file	0	1	1	1	0	0
file	bsd/tty_pty.c	0x4011122	0x40111f8	214	1	43	43		1	0	file	0	0	1	1	0	0
file	vm/vm_unix.c	0x4061b0e	0x40622a4	1942	22	211	214	x86-fault_copy,x86-vm_unix	2	0	file	0	0	22	22	3	3
file	next/autoconf.c	0x4065bbc	0x406632c	1904	10	218	218		10	0	file	0	0	10	10	0	0
file	nextdev/bus.c	0x406632c	0x4066410	228	2	218	218		2	0	file	0	0	2	2	0	0
file	nextdev/ev.c	0x40678ce	0x4068710	3650	11	218	218		11	2	file	0	0	9	9	0	0
file	nextdev/ev_ioctl.c	0x4068710	0x4068fa2	2194	2	218	218		2	0	file	0	0	2	2	0	0
file	nextdev/ev_kbd.c	0x4068fa2	0x4069eb8	3862	21	218	218		21	1	file	0	0	20	20	0	0
file	nextdev/ev_mouse.c	0x406a0d0	0x406a86a	1946	13	218	218		13	4	file	0	0	9	9	0	0
file	nextdev/fd_cmds.c	0x406aa70	0x406b546	2774	8	218	218		8	0	file	0	0	8	8	0	0
file	nextdev/fd_driver.c	0x406b546	0x406c55c	4118	11	218	218		11	1	file	0	0	10	10	0	0
file	nextdev/fd_io.c	0x406c55c	0x406d6b6	4442	15	218	218		15	2	file	0	0	13	13	0	0
file	nextdev/fd_subr.c	0x406d6b6	0x406f0fe	6728	29	218	218		29	0	file	0	0	29	29	0	0
file	nextdev/km.c	0x406f0fe	0x407050a	5132	19	219	227	x86-km	8	2	file	0	1	17	17	8	8
file	nextdev/km.c	0x4070664	0x4072264	7168	21	229	231	x86-km	19	1	file	0	1	20	20	2	2
file	next/mem.c	0x4072264	0x4072282	30	1	231	231		1	0	file	0	1	1	1	0	0
file	next/mem.c	0x4072440	0x407247e	62	1	233	233		1	0	file	0	1	1	1	0	0
file	nextdev/monitor.s	0x407247e	0x40725e2	356	7	233	233		7	0	file+asm prologue	0	0	7	7	0	0
file	nextdev/nbic.c	0x4072672	0x40726d0	94	1	233	233		1	0	file	0	0	1	1	0	0
file	nextdev/np.c	0x40726d0	0x4074a6c	9116	36	233	233		36	0	file	0	0	36	36	0	0
file	nextdev/od.c	0x4074a6c	0x407aa4c	24544	56	233	233		56	1	file	0	0	55	55	0	0
file	nextdev/sc.c	0x407bb06	0x407bd9c	662	1	233	233		1	0	file	0	0	1	1	0	0
file	nextdev/scsi.c	0x407bd9c	0x407ce8c	4336	13	233	233		13	0	file	0	0	13	13	0	0
file	nextdev/sd.c	0x407e5de	0x407f3c4	3558	1	235	235		1	0	file	0	0	1	1	0	0
file	nextdev/sf_access.c	0x407f3c4	0x407f70e	842	3	235	235		3	0	file	0	0	3	3	0	0
file	nextdev/snd_device.c	0x407ff14	0x4080556	1602	13	237	237		13	0	file	0	0	12	13	0	0
file	nextdev/snd_dspcmd.c	0x4080556	0x408103e	2792	4	237	237		4	0	file	0	0	4	4	0	0
file	nextdev/snd_dspdev.c	0x408103e	0x4082764	5926	6	237	237		6	0	file	0	0	6	6	0	0
file	nextdev/snd_dspqueue.c	0x4082764	0x40842fe	7066	15	237	237		15	0	file	0	0	15	15	0	0
file	nextdev/snd_link.c	0x40842fe	0x408503e	3392	6	237	237		6	1	file	0	0	5	5	0	0
file	nextdev/snd_rcv.c	0x408503e	0x4085056	24	1	237	237		1	0	file	0	0	1	1	0	0
file	nextdev/snd_reply.c	0x4085056	0x4085920	2250	20	237	237		20	1	file	0	0	19	19	0	0
file	nextdev/snd_server.c	0x40859d6	0x4085cc0	746	1	237	237		1	0	file	0	0	1	1	0	0
file	nextdev/snd_stream.c	0x4087272	0x408833a	4296	9	237	237		9	0	file	0	0	9	9	0	0
file	nextdev/snd_unix.c	0x408833a	0x4088614	730	1	237	237		1	0	file	0	0	1	1	0	0
file	nextdev/st.c	0x4088614	0x4089786	4466	5	237	237		5	0	file	0	0	5	5	0	0
file	nextdev/video.c	0x4089786	0x408b300	7034	12	237	237		12	1	file	0	0	11	11	0	0
file	nextdev/zs.c	0x408b300	0x408d686	9094	10	237	237		10	0	file	0	0	10	10	0	0
file	nextdev/zscom.c	0x408d706	0x408da60	858	5	237	237		5	0	file	0	0	5	5	0	0
file	nextif/if_bus.c	0x408da60	0x408dc68	520	5	237	237		5	0	file	0	0	5	5	0	0
file	nextif/if_en.c	0x408dc68	0x408fd9e	8502	23	237	237		23	7	file	0	0	16	16	0	0
file	nextif/in_bootp.c	0x408fd9e	0x408ffb0	530	2	237	237		2	0	file	0	0	2	2	0	0
x86	x86-in_bootp	0x408ffb0	0x4090c8a	3290	12	238	240	x86-in_bootp	10	0	bracket	0	0	0	0	2	2
file	next/clock.c	0x40910d6	0x4091ea2	3532	22	244	244		22	1	file	0	0	21	21	0	0
x86	x86-machine_clock	0x4091ea2	0x40922cc	1066	11	245	249	x86-machine_clock	2	0	bracket	0	0	0	0	4	4
file	next/us_timer.c	0x409237a	0x4092436	188	1	250	250		1	0	file	0	0	1	1	0	0
file	next/libc.s	0x4092c50	0x4092c60	16	1	257	257		1	0	file+asm prologue	0	1	1	1	0	0
file	next/libc.s	0x4092d1a	0x4092d2c	18	1	259	259	x86-memmove	0	0	file+asm prologue	0	1	1	1	0	0
file	next/libc.s	0x4092df6	0x4092e76	128	2	261	262	x86-memset	1	0	file+asm prologue	0	1	2	2	1	1
file	next/libc.s	0x4092faa	0x4093006	92	1	264	264		1	0	file	0	1	1	1	0	0
file	next/machargs.c	0x40935f8	0x40936a4	172	1	274	274		1	0	file	0	0	1	1	0	0
file	next/machdep.c	0x40936a4	0x40937ac	264	2	274	274		2	0	file	0	1	2	2	0	0
file	kern/thread.c	0x40937ac	0x40937c8	28	1	274	274		1	0	file	0	0	1	1	0	0
file	next/machdep.c	0x40937e6	0x4094202	2588	9	275	278	x86-machdep	6	2	file	0	1	7	7	3	3
file	next/machdep.c	0x4094758	0x4094a7c	804	7	280	284	x86-machdep,x86-unix_signal	3	0	file	0	1	7	7	4	4
file	next/next_table.c	0x40951ec	0x4095460	628	2	288	288	x86-machdep	0	0	file	0	0	2	2	0	0
file	next/nextdbg.c	0x40954b2	0x40964f2	4160	11	289	289		11	8	file	0	0	3	3	0	0
file	next/nextdbgasm.s	0x4096736	0x40967be	136	4	289	289		4	0	file	0	0	4	4	0	0
file	next/pcb.c	0x4096924	0x4096e20	1276	13	290	290	x86-pcb	0	8	file	0	0	4	5	0	0
file	next/pmap.c	0x4096e20	0x4097446	1574	5	291	291		5	1	file	0	1	4	4	0	0
x86	x86-pmap	0x4097446	0x4098fa0	7002	38	292	304	x86-pmap	7	0	bracket+static bridge	0	0	0	0	12	12
file	next/pmap.c	0x4098fa0	0x40990ba	282	1	305	305		1	0	file	0	1	1	1	0	0
file	next/trap.c	0x40996b8	0x409a044	2444	1	308	308		1	0	file	0	1	1	1	0	0
x86	x86-trap	0x409a044	0x409a4aa	1126	4	309	311	x86-trap	1	0	bracket	0	0	0	0	2	2
file	next/trap.c	0x409a574	0x409a6fa	390	1	312	312		1	0	file	0	1	1	1	0	0
file	next/locore.s	0x409a6fa	0x409a7ea	240	1	312	312		1	0	file	0	1	1	1	0	0
file	fpsp/bindec.sa	0x409ac0c	0x409b168	1372	2	316	316		2	0	file	0	0	2	2	0	0
file	fpsp/binstr.sa	0x409b168	0x409b1cc	100	1	316	316		1	0	file	0	0	1	1	0	0
file	fpsp/decbin.sa	0x409b50a	0x409b810	774	7	316	316		7	0	file	0	0	7	7	0	0
file	fpsp/do_func.sa	0x409b810	0x409bd9a	1418	31	316	316		31	4	file	0	1	27	27	0	0
file	fpsp/gen_except.sa	0x409bd9a	0x409c132	920	1	316	316		1	0	file	0	0	1	1	0	0
file	fpsp/get_op.sa	0x409c44a	0x409c9b2	1384	3	316	316		3	0	file	0	0	3	3	0	0
file	fpsp/kernel_ex.sa	0x409c9b2	0x409ce7e	1228	13	316	316		13	3	file	0	0	10	10	0	0
file	fpsp/res_func.sa	0x409ce7e	0x409e6aa	6188	2	316	316		2	0	file	0	0	2	2	0	0
file	fpsp/util.sa	0x409e6aa	0x409ec3c	1426	5	316	316		5	0	file	0	1	3	5	0	0
file	fpsp/sacos.sa	0x409ec3c	0x409ed06	202	2	316	316		2	0	file	0	0	2	2	0	0
file	fpsp/sasin.sa	0x409ed06	0x409f660	2394	2	316	316		2	0	file	0	0	2	2	0	0
file	fpsp/satan.sa	0x409f660	0x409f8e2	642	2	316	316		2	0	file	0	0	2	2	0	0
file	fpsp/satanh.sa	0x409f8e2	0x409f968	134	2	316	316		2	0	file	0	0	2	2	0	0
file	fpsp/do_func.sa	0x409f968	0x409fd86	1054	1	316	316		1	0	file	0	1	1	1	0	0
file	fpsp/scosh.sa	0x409fd86	0x40a02f8	1394	2	316	316		2	0	file	0	0	2	2	0	0
file	fpsp/setox.sa	0x40a02f8	0x40a07ec	1268	4	316	316		4	0	file	0	0	4	4	0	0
file	fpsp/do_func.sa	0x40a07ec	0x40a089c	176	4	316	316		4	0	file	0	1	3	4	0	0
file	fpsp/sint.sa	0x40a089c	0x40a08ac	16	1	316	316		1	0	file	0	1	1	1	0	0
file	fpsp/do_func.sa	0x40a08ac	0x40a090c	96	1	316	316		1	0	file	0	1	1	1	0	0
file	fpsp/sint.sa	0x40a090c	0x40a0a5a	334	2	316	316		2	0	file	0	1	2	2	0	0
file	fpsp/skeleton.sa	0x40a0a6a	0x40a0d54	746	20	316	316		20	8	file	0	1	12	12	0	0
file	fpsp/slog2.sa	0x40a0d54	0x40a16c2	2414	4	316	316		4	0	file	0	0	4	4	0	0
file	fpsp/slogn.sa	0x40a16c2	0x40a1a9a	984	4	316	316		4	0	file	0	0	4	4	0	0
file	fpsp/do_func.sa	0x40a1a9a	0x40a1c62	456	1	316	316		1	0	file	0	1	1	1	0	0
file	fpsp/srem_mod.sa	0x40a1c62	0x40a2062	1024	2	316	316		2	0	file	0	0	2	2	0	0
file	fpsp/ssin.sa	0x40a2062	0x40a2744	1762	6	316	316		6	0	file	0	0	6	6	0	0
file	fpsp/ssinh.sa	0x40a2744	0x40a28b6	370	2	316	316		2	0	file	0	0	2	2	0	0
file	fpsp/stan.sa	0x40a2cc6	0x40a2ff4	814	2	316	316		2	0	file	0	0	2	2	0	0
file	fpsp/stanh.sa	0x40a2ff4	0x40a314e	346	2	316	316		2	0	file	0	0	2	2	0	0
file	fpsp/sto_res.sa	0x40a314e	0x40a36ae	1376	2	316	316		2	0	file	0	0	2	2	0	0
file	fpsp/stwotox.sa	0x40a36ae	0x40a3938	650	4	316	316		4	0	file	0	0	4	4	0	0
file	fpsp/tbldo.sa	0x40a3938	0x40a40b8	1920	1	316	316		1	0	file	0	0	1	1	0	0
file	fpsp/util.sa	0x40a40b8	0x40a4712	1626	9	316	316		9	0	file	0	1	9	9	0	0
file	fpsp/x_store.sa	0x40a4712	0x40a47ba	168	1	316	316		1	0	file	0	1	1	1	0	0
file	fpsp/x_bsun.sa	0x40a47ba	0x40a47f4	58	1	316	316		1	0	file	0	0	1	1	0	0
file	fpsp/x_fline.sa	0x40a47f4	0x40a48d2	222	1	316	316		1	0	file	0	0	1	1	0	0
file	fpsp/x_operr.sa	0x40a48d2	0x40a4c48	886	1	316	316		1	0	file	0	0	1	1	0	0
file	fpsp/x_ovfl.sa	0x40a4c48	0x40a4dce	390	1	316	316		1	0	file	0	0	1	1	0	0
file	fpsp/x_snan.sa	0x40a4dce	0x40a5024	598	1	316	316		1	0	file	0	0	1	1	0	0
file	fpsp/x_store.sa	0x40a5024	0x40a520e	490	4	316	316		4	0	file	0	1	4	4	0	0
file	fpsp/x_unfl.sa	0x40a520e	0x40a5420	530	1	316	316		1	0	file	0	0	1	1	0	0
file	fpsp/x_unimp.sa	0x40a5420	0x40a5492	114	2	316	316		2	0	file	0	0	2	2	0	0
file	fpsp/x_unsupp.sa	0x40a5492	0x40a5510	126	1	316	316		1	0	file	0	0	1	1	0	0
