# plan 415: m68k __TEXT,__text candidate runs by external-symbol name match with the 402 rebuilt x86 objects; end is an upper bound; not a boundary or source determination (m2_m68k_text_map.py)
seq	start	end_upper	bytes_upper	last_symbol_address	x86_n	x86_object	addresses	names	first_symbol	last_symbol	object_class
0	0x4000310	0x4000318	8	0x4000310	209	x86-start	1	1	_start	_start	contiguous
1	0x4000318	0x40013c4	4268	0x4000318		unmapped	1	1	_intstacks	_intstacks	
2	0x40013c4	0x40013d6	18	0x40013c4	316	x86-intr	1	1	_curipl	_curipl	contiguous
3	0x40013d6	0x400159a	452	0x400158a		unmapped	12	12	_pflush_super	_set_vbr	
4	0x400159a	0x400182c	658	0x4001742	54	x86-fault_copy	6	9	_ALLOW_FAULT_START	_copywithin	split
5	0x400182c	0x400184e	34	0x400183c		unmapped	2	3	_FAULT_ERROR	_fast_setjmp	
6	0x400184e	0x400186e	32	0x400185e	304	x86-locore	2	2	_setjmp	_longjmp	split
7	0x400186e	0x40018c8	90	0x40018c4		unmapped	4	6	_probe_rb	_simple_lock_try	
8	0x40018c8	0x40018ce	6	0x40018c8	7	x86-memmove	1	1	_ovbcopy	_ovbcopy	split
9	0x40018ce	0x40018d8	10	0x40018ce	9	x86-memset	1	1	_blkclr	_blkclr	split
10	0x40018d8	0x4001b16	574	0x4001a8a		unmapped	4	4	__switch_context	__stack_handoff	
11	0x4001b16	0x4001b30	26	0x4001b2c	304	x86-locore	2	2	__return_with_state	__stack_attach	split
12	0x4001b30	0x4001b3e	14	0x4001b30	196	x86-pcb	1	1	_call_continuation	_call_continuation	split
13	0x4001b3e	0x4002284	1862	0x4002262		unmapped	20	20	std_trap	_mon_exit	
14	0x4002284	0x4002916	1682	0x40028fa	146	x86-cmu_syscalls	3	3	_rpause	_table_fsparam	contiguous
15	0x4002916	0x4002fec	1750	0x4002fa2	171	x86-init_main	7	7	_task_name	_cinit	contiguous
16	0x4002fec	0x40033d2	998	0x400336a	79	x86-kern_acct	3	3	_sysacct	_compress	contiguous
17	0x40033d2	0x40037b4	994	0x400375e	172	x86-kern_clock	8	8	_hardclock	_add_profil	contiguous
18	0x40037b4	0x4003c0a	1110	0x40037b4	169	x86-kern_core	1	1	_core	_core	contiguous
19	0x4003c0a	0x40048d6	3276	0x400481e	147	x86-kern_descrip	23	23	_getdtablesize	_expand_fdlist	contiguous
20	0x40048d6	0x40054a6	3024	0x40053ba	208	x86-kern_exec	5	5	_execv	_check_exec_access	contiguous
21	0x40054a6	0x4006164	3262	0x40060ea	154	x86-kern_exit	9	9	_rexit	_init_process	contiguous
22	0x4006164	0x4006720	1468	0x4006700	145	x86-kern_fork	12	12	_fork	_switch_unix_context	contiguous
23	0x4006720	0x4006bac	1164	0x4006ba4	143	x86-kern_mman	12	12	_sbrk	_ovadvise	contiguous
24	0x4006bac	0x40072cc	1824	0x400725a	334	x86-kern_proc	18	18	_spgrp	_delete_posix_proc	contiguous
25	0x40072cc	0x4007e9e	3026	0x4007d80	153	x86-kern_prot	27	27	_proc_from_thread	_setpgid	contiguous
26	0x4007e9e	0x400843e	1440	0x40083e8	144	x86-kern_resource	7	7	_getpriority	_ruadd	contiguous
27	0x400843e	0x4008932	1268	0x40088ee	168	x86-kern_shutdown	5	5	_boot	_fd_shutdown	contiguous
28	0x4008932	0x4009a34	4354	0x4009a00	170	x86-kern_sig	17	17	_sigvec	_sigpending	contiguous
29	0x4009a34	0x4009c36	514	0x4009b82	99	x86-kern_subr	3	3	_uiomove	_uwritec	contiguous
30	0x4009c36	0x400a278	1602	0x400a258	148	x86-kern_synch	8	8	_sleep	_rqinit	contiguous
31	0x400a278	0x400a968	1776	0x400a938	98	x86-kern_time	14	14	_gettimeofday	_timevalfix	contiguous
32	0x400a968	0x400ab9a	562	0x400a968	174	x86-kern_uname	1	1	_uname	_uname	contiguous
33	0x400ab9a	0x400ad9a	512	0x400ad30	138	x86-kern_xxx	7	7	_gethostid	_reboot	contiguous
34	0x400ad9a	0x400af8c	498	0x400ad9a	140	x86-mach_process	1	1	_ptrace	_ptrace	contiguous
35	0x400af8c	0x400aff6	106	0x400af8c	139	x86-mach_signal	1	1	_thread_psignal	_thread_psignal	contiguous
36	0x400aff6	0x400b358	866	0x400b2a6	127	x86-subr_log	6	6	_logopen	_logioctl	contiguous
37	0x400b358	0x400beaa	2898	0x400bd94	159	x86-subr_prf	14	14	_printf	_logchar	contiguous
38	0x400beaa	0x400bf6e	196	0x400bf58	100	x86-subr_xxx	9	9	_nodev	_max	contiguous
39	0x400bf6e	0x400c918	2474	0x400c8a4	128	x86-sys_generic	13	13	_read	_selwakeup	contiguous
40	0x400c918	0x400cbbe	678	0x400cb98	106	x86-sys_socket	5	5	_soo_rw	_soo_close	contiguous
41	0x400cbbe	0x4010140	13698	0x4010136	345	x86-tty	40	40	_ttysetspec	_nullioctl	contiguous
42	0x4010140	0x4011122	4066	0x4010d6a	331	x86-tty_pty	16	16	_pty_init	_ptyioctl	contiguous
43	0x4011122	0x40111f8	214	0x4011122		unmapped	1	1	_ptsputc	_ptsputc	
44	0x40111f8	0x4011916	1822	0x40118b2	129	x86-tty_subr	10	10	_getc	_catq	contiguous
45	0x4011916	0x4011ae8	466	0x4011a96	107	x86-tty_tty	5	5	_syopen	_syselect	contiguous
46	0x4011ae8	0x4011d6a	642	0x4011d00	95	x86-uipc_domain	6	6	_domaininit	_pffasttimo	contiguous
47	0x4011d6a	0x401288c	2850	0x40127cc	113	x86-uipc_mbuf	17	17	_mbinit	_mcldup	contiguous
48	0x401288c	0x40128d8	76	0x401288c	80	x86-uipc_pipe	1	1	_piconnect	_piconnect	contiguous
49	0x40128d8	0x4013cfa	5154	0x4013c7e	152	x86-uipc_socket	17	17	_socreate	_sohasoutofband	contiguous
50	0x4013cfa	0x4014908	3086	0x401483c	132	x86-uipc_socket2	24	24	_soisconnecting	_sbdroprecord	contiguous
51	0x4014908	0x4015c82	4986	0x4015c50	126	x86-uipc_syscalls	22	22	_socket	_getsock	contiguous
52	0x4015c82	0x40167b6	2868	0x4016798	112	x86-uipc_usrreq	16	16	_uipc_usrreq	_unp_discard	contiguous
53	0x40167b6	0x4017608	3666	0x40175e0	328	x86-vfs	20	20	_smount	_vfs_putnum	contiguous
54	0x4017608	0x40185a2	3994	0x40184f6	151	x86-vfs_bio	23	23	_bread	_binval	contiguous
55	0x40185a2	0x4018c5a	1720	0x4018ac8	130	x86-vfs_dnlc	9	9	_dnlc_init	_dnlc_purge1	contiguous
56	0x4018c5a	0x40193de	1924	0x401931a	111	x86-vfs_io	8	8	_vno_rw	_vno_bsd_unlock	contiguous
57	0x40193de	0x4019ab2	1748	0x401942e	123	x86-vfs_lookup	2	2	_lookupname	_lookuppn	contiguous
58	0x4019ab2	0x4019cee	572	0x4019cce	108	x86-vfs_pathname	8	8	_pn_alloc	_pn_free	contiguous
59	0x4019cee	0x401afe4	4854	0x401afae	125	x86-vfs_syscalls	36	36	_chdir	_getvnodefp	contiguous
60	0x401afe4	0x401b914	2352	0x401b8fa	110	x86-vfs_vnode	10	10	_vn_rdwr	_vattr_null	contiguous
61	0x401b914	0x401b9dc	200	0x401b914	137	x86-vfs_xxx	1	1	_ustat	_ustat	contiguous
62	0x401b9dc	0x401bbd2	502	0x401bb7c	167	x86-kern_physio	2	2	_physio	_physstrat	contiguous
63	0x401bbd2	0x401bc16	68	0x401bc0c	87	x86-af	3	3	_null_init	_null_netmatch	contiguous
64	0x401bc16	0x401c186	1392	0x401c170	120	x86-if	12	12	_ifinit	_address_known	contiguous
65	0x401c186	0x401c2bc	310	0x401c276	164	x86-if_loop	4	4	_logetbuf	_loattach	contiguous
66	0x401c2bc	0x401c900	1604	0x401c8d4	122	x86-if_venip	5	5	_VENIP_PRIVATE	_venip_config	contiguous
67	0x401c900	0x401cab2	434	0x401ca9c	88	x86-netbuf	12	12	_nb_alloc	_nb_grow_bot	contiguous
68	0x401cab2	0x401d0c0	1550	0x401d020	327	x86-netif	31	31	_if_output	_if_output_mbuf	contiguous
69	0x401d0c0	0x401d160	160	0x401d12a	105	x86-netisr	2	2	_netisr_thread_continue	_netisr_thread	contiguous
70	0x401d160	0x401d362	514	0x401d332	102	x86-raw_cb	5	5	_raw_attach	_raw_connaddr	contiguous
71	0x401d362	0x401d7e8	1158	0x401d5e0	101	x86-raw_usrreq	5	5	_raw_init	_raw_usrreq	contiguous
72	0x401d7e8	0x401dd88	1440	0x401dd28	96	x86-route	6	6	_rtalloc	_rtinit	contiguous
73	0x401dd88	0x401ec40	3768	0x401ebec	330	x86-if_ether	11	11	_arptimer	_ether_sprintf	contiguous
74	0x401ec40	0x401f898	3160	0x401f810	329	x86-in	15	15	_inet_hash	_in_delmulti	contiguous
75	0x401f898	0x401ff48	1712	0x401feae	116	x86-in_pcb	11	11	_in_pcballoc	_in_pcblookup	contiguous
76	0x401ff48	0x4020922	2522	0x402075c	119	x86-ip_icmp	7	7	_icmp_error	_icmp_sendMaskPacket	contiguous
77	0x4020922	0x4021a7a	4440	0x40216c8	337	x86-ip_input	14	14	_ip_init	_ip_forward	contiguous
78	0x4021a7a	0x4022844	3530	0x40227e4	314	x86-ip_output	9	9	_ip_output	_ip_mloopback	contiguous
79	0x4022844	0x4022adc	664	0x40229c0	117	x86-raw_ip	3	3	_rip_input	_rip_ctloutput	contiguous
80	0x4022adc	0x4022bae	210	0x4022adc	104	x86-tcp_debug	1	1	_tcp_trace	_tcp_trace	contiguous
81	0x4022bae	0x4024044	5270	0x4023f24	306	x86-tcp_input	6	6	_tcp_reass	_tcp_mss	contiguous
82	0x4024044	0x402466a	1574	0x40245ea	121	x86-tcp_output	2	2	_tcp_output	_tcp_setpersist	contiguous
83	0x402466a	0x4024af4	1162	0x4024ada	115	x86-tcp_subr	10	10	_tcp_init	_tcp_quench	contiguous
84	0x4024af4	0x4024e2a	822	0x4024c2c	103	x86-tcp_timer	4	4	_tcp_fasttimo	_tcp_timers	contiguous
85	0x4024e2a	0x402546e	1604	0x40253f2	114	x86-tcp_usrreq	5	5	_tcp_usrreq	_tcp_usrclosed	contiguous
86	0x402546e	0x4025be0	1906	0x40259b8	118	x86-udp_usrreq	6	6	_udp_init	_udp_usrreq	contiguous
87	0x4025be0	0x402616c	1420	0x4025fe2	347	x86-igmp	6	6	_igmp_init	_igmp_sendreport	contiguous
88	0x402616c	0x402618a	30	0x4026180	179	x86-ip_mroute	3	3	_ip_mrouter_cmd	_ip_mforward	contiguous
89	0x402618a	0x4026652	1224	0x402652a	142	x86-nfs_client	9	9	_nfs_validate_caches	_nattr_to_vattr	contiguous
90	0x4026652	0x4026734	226	0x4026660	136	x86-nfs_common	2	2	_nfstsize	_vattr_to_nattr	contiguous
91	0x4026734	0x4026e70	1852	0x4026dfa	91	x86-nfs_export	8	8	_exportfs	_exportfree	contiguous
92	0x4026e70	0x40289ce	7006	0x4026e70	199	x86-nfs_server	1	1	_nfs_svc	_nfs_svc	contiguous
93	0x40289ce	0x402a920	8018	0x4029716	355	x86-nfs_subr	17	17	_nfs_netboot_prealloc	_rlock_timeout	contiguous
94	0x402a920	0x402aeec	1484	0x402a920	356	x86-nfs_vfsops	1	1	_nfs_badop	_nfs_badop	contiguous
95	0x402aeec	0x402cc8c	7584	0x402c502	357	x86-nfs_vnodeops	4	4	_nfswrite	_sync_vp_invalidate	contiguous
96	0x402cc8c	0x402d85a	3022	0x402d828	131	x86-nfs_xdr	17	17	_xdr_fhandle	_xdr_statfs	contiguous
97	0x402d85a	0x402da64	522	0x402da4e	109	x86-auth_kern	6	6	_authkern_create	_authkern_destroy	contiguous
98	0x402da64	0x402dbd2	366	0x402daec	97	x86-authunix_prot	2	2	_xdr_authunix_parms	_xdr_authkern	contiguous
99	0x402dbd2	0x402e612	2624	0x402e510	135	x86-clnt_kudp	14	14	_clntkudp_once	_clntkudp_destroy	contiguous
100	0x402e612	0x402e652	64	0x402e612	81	x86-clnt_perror	1	1	_clnt_sperrno	_clnt_sperrno	contiguous
101	0x402e652	0x402e804	434	0x402e750	332	x86-pmap_kgetport	2	2	_pmap_kgetport	_getport_loop	contiguous
102	0x402e804	0x402e858	84	0x402e804	134	x86-pmap_prot	1	1	_xdr_pmap	_xdr_pmap	contiguous
103	0x402e858	0x402e990	312	0x402e92c	173	x86-pmap_krmt	2	2	_xdr_rmtcall_args	_xdr_rmtcallres	contiguous
104	0x402e990	0x402ec64	724	0x402e990	90	x86-rpc_callmsg	1	1	_xdr_callmsg	_xdr_callmsg	contiguous
105	0x402ec64	0x402f1ba	1366	0x402f126	89	x86-rpc_prot	7	7	_xdr_opaque_auth	__seterr_reply	contiguous
106	0x402f1ba	0x402f378	446	0x402f2a0	82	x86-subr_kudp	2	2	_ku_recvfrom	_ku_sendto_mbuf	contiguous
107	0x402f378	0x402f7a0	1064	0x402f75c	333	x86-svc	12	12	_xprt_register	_svc_run	contiguous
108	0x402f7a0	0x402f804	100	0x402f7fa	83	x86-svc_auth	2	2	__authenticate	__svcauth_null	contiguous
109	0x402f804	0x402f94a	326	0x402f940	84	x86-svc_auth_unix	2	2	__svcauth_unix	__svcauth_short	contiguous
110	0x402f94a	0x402fdd6	1164	0x402fcfa	94	x86-svc_kudp	9	9	_svckudp_create	_svckudp_dup	contiguous
111	0x402fdd6	0x403032a	1364	0x4030262	326	x86-xdr	15	15	_xdr_void	_xdr_string	contiguous
112	0x403032a	0x40303fc	210	0x403032a	92	x86-xdr_array	1	1	_xdr_array	_xdr_array	contiguous
113	0x40303fc	0x4030796	922	0x403076c	85	x86-xdr_mbuf	11	11	_xdrmbuf_init	_xdrmbuf_inline	contiguous
114	0x4030796	0x403091e	392	0x4030796	86	x86-xdr_mem	1	1	_xdrmem_create	_xdrmem_create	contiguous
115	0x403091e	0x4030994	118	0x403091e	93	x86-xdr_reference	1	1	_xdr_reference	_xdr_reference	contiguous
116	0x4030994	0x4030b9e	522	0x4030b46	162	x86-bootparam_xdr	9	9	_xdr_bp_machine_name_t	_xdr_bp_getfile_res	contiguous
117	0x4030b9e	0x403154c	2478	0x4030b9e	163	x86-mountxdr	1	1	_xdr_fhstatus	_xdr_fhstatus	contiguous
118	0x403154c	0x403164a	254	0x403154c	133	x86-fifo_vnodeops	1	1	_fifosp	_fifosp	contiguous
119	0x403164a	0x4031bd6	1420	0x4031b6c	161	x86-spec_subr	10	10	_bdevvp	_smark	contiguous
120	0x4031bd6	0x403235c	1926	0x4031bd6	336	x86-spec_vfsops	1	1	_spec_badop	_spec_badop	contiguous
121	0x403235c	0x40326ac	848	0x403261c	307	x86-spec_vnodeops	7	7	_spec_setattr	_spec_realvp	contiguous
122	0x40326ac	0x40335f0	3908	0x4032a72	384	x86-swapfs	3	3	_logswap	_uncompress_data	contiguous
123	0x40335f0	0x4034ff4	6660	0x4034fcc	155	x86-ufs_alloc	17	17	_alloc	_fserr	contiguous
124	0x4034ff4	0x40354be	1226	0x4034ff4	124	x86-ufs_bmap	1	1	_bmap	_bmap	contiguous
125	0x40354be	0x4037142	7300	0x4036942	308	x86-ufs_dir	5	5	_dirlook	_blkatoff	contiguous
126	0x4037142	0x40373e4	674	0x40373b8	149	x86-ufs_dsort	7	7	_disksort_enter	_disksort_free	contiguous
127	0x40373e4	0x40385e4	4608	0x4038522	156	x86-ufs_inode	15	15	_new_inode	_iaccess	contiguous
128	0x40385e4	0x4038e5a	2166	0x40385e4	309	x86-ufs_lockf	1	1	_lf_lockctl	_lf_lockctl	contiguous
129	0x4038e5a	0x4039e24	4042	0x4039542	150	x86-ufs_subr	12	12	_update	_locc	contiguous
130	0x4039e24	0x403b6a2	6270	0x4039e24	157	x86-ufs_vfsops	1	1	_sbupdate	_sbupdate	contiguous
131	0x403b6a2	0x403bff6	2388	0x403bfda	158	x86-ufs_vnodeops	2	2	_rdwri	_ufs_nlinks	contiguous
132	0x403bff6	0x403c7e4	2030	0x403c4a0	44	x86-ipc_entry	7	7	_ipc_entry_tree_collision	_ipc_entry_grow_table	contiguous
133	0x403c7e4	0x403cc0c	1064	0x403cbb6	35	x86-ipc_hash	11	11	_ipc_hash_lookup	_ipc_hash_info	contiguous
134	0x403cc0c	0x403cda2	406	0x403cd3c	190	x86-ipc_init	2	2	_ipc_bootstrap	_ipc_init	contiguous
135	0x403cda2	0x403ee7c	8410	0x403ebb4	192	x86-ipc_kmsg	25	25	_ipc_kmsg_enqueue	_ipc_kmsg_copyout_compat	contiguous
136	0x403ee7c	0x403f286	1034	0x403f228	42	x86-ipc_marequest	6	6	_ipc_marequest_init	_ipc_marequest_info	contiguous
137	0x403f286	0x403f8e6	1632	0x403f710	189	x86-ipc_mqueue	7	7	_ipc_mqueue_init	_ipc_mqueue_receive	contiguous
138	0x403f8e6	0x4040158	2162	0x4040098	46	x86-ipc_notify	16	16	_ipc_notify_init_port_deleted	_ipc_notify_port_destroyed_compat	contiguous
139	0x4040158	0x4040b40	2536	0x4040a30	43	x86-ipc_object	20	20	_ipc_object_reference	_ipc_object_copyout_name_compat	contiguous
140	0x4040b40	0x40415c0	2688	0x404155e	45	x86-ipc_port	29	29	_ipc_port_timestamp	_ipc_port_copyout_receiver	contiguous
141	0x40415c0	0x40417d8	536	0x4041784	36	x86-ipc_pset	6	6	_ipc_pset_alloc	_ipc_pset_destroy	contiguous
142	0x40417d8	0x4042ea4	5836	0x4042d50	47	x86-ipc_right	19	19	_ipc_right_lookup_write	_ipc_right_copyin_header	contiguous
143	0x4042ea4	0x4043208	868	0x4042fe4	34	x86-ipc_space	5	5	_ipc_space_reference	_ipc_space_destroy	contiguous
144	0x4043208	0x4043964	1884	0x4043936	40	x86-ipc_splay	11	11	_ipc_splay_tree_init	_ipc_splay_traverse_finish	contiguous
145	0x4043964	0x4043b1a	438	0x4043ae6	22	x86-ipc_table	5	5	_ipc_table_fill	_ipc_table_free	contiguous
146	0x4043b1a	0x4043bd2	184	0x4043b90	5	x86-ipc_thread	3	3	_ipc_thread_enqueue	_ipc_thread_rmqueue	contiguous
147	0x4043bd2	0x404437e	1964	0x4044324	49	x86-mach_debug	6	6	_mach_port_get_srights	_mach_port_kernel_object	contiguous
148	0x404437e	0x4045ee4	7014	0x4045dd6	191	x86-mach_msg	12	12	_mach_msg_send	_msg_receive_continue	contiguous
149	0x4045ee4	0x40473ca	5350	0x404739e	48	x86-mach_port	40	40	_mach_port_names_helper	_port_extract_receive	contiguous
150	0x40473ca	0x40475aa	480	0x40473d2	141	x86-ast	2	2	_ast_init	_ast_check	contiguous
151	0x40475aa	0x4047f76	2508	0x4047f10	186	x86-exception	10	10	_exception_with_continuation	_exception_raise_continue_fast	contiguous
152	0x4047f76	0x40481fa	644	0x40481ce	23	x86-host	5	5	_host_processors	_host_processor_set_priv	contiguous
153	0x40481fa	0x404863e	1092	0x4048604	41	x86-ipc_host	19	19	_ipc_host_init	_convert_pset_name_to_port	contiguous
154	0x404863e	0x40488c6	648	0x4048874	187	x86-ipc_kobject	4	4	_ipc_kobject_server	_ipc_kobject_notify	contiguous
155	0x40488c6	0x40491f0	2346	0x40491c0	188	x86-ipc_mig	10	10	_mach_msg_send_from_kernel	_mig_strncpy	contiguous
156	0x40491f0	0x404952e	830	0x4049424	38	x86-ipc_sched	5	5	_thread_go	_thread_handoff	contiguous
157	0x404952e	0x4049ea4	2422	0x4049e8e	50	x86-ipc_tt	32	32	_ipc_task_init	_space_deallocate	contiguous
158	0x4049ea4	0x404a11a	630	0x404a110	51	x86-ipc_xxx	11	11	_host_priv_self	_task_secure	contiguous
159	0x404a11a	0x404a416	764	0x404a40e	324	x86-kalloc	10	10	_kalloc_init	_malloc_good_size	contiguous
160	0x404a416	0x404ab32	1820	0x404aac6	325	x86-kernel_stack	13	13	_initKernelStacks	_stack_statistics	contiguous
161	0x404ab32	0x404afe2	1200	0x404afae	39	x86-lock	16	16	_simple_lock_alloc	_lock_clear_recursive	contiguous
162	0x404afe2	0x404b3a6	964	0x404b31e	339	x86-mach_clock	9	9	_clock_interrupt	_mach_clock_bootstrap	contiguous
163	0x404b3a6	0x404b526	384	0x404b3a6	21	x86-mach_factor	1	1	_compute_mach_factor	_compute_mach_factor	contiguous
164	0x404b526	0x404b970	1098	0x404b89a	71	x86-mach_header	14	14	_getlastaddr	_getfakefvmseg	contiguous
165	0x404b970	0x404ba90	288	0x404b970	72	x86-mach_init	1	1	_setup_main	_setup_main	contiguous
166	0x404ba90	0x404bb96	262	0x404ba90	184	x86-mach_fat	1	1	_fatfile_getarch	_fatfile_getarch	contiguous
167	0x404bb96	0x404c95e	3528	0x404bb96	185	x86-mach_loader	1	1	_load_machfile	_load_machfile	contiguous
168	0x404c95e	0x404cdfc	1182	0x404cc66	352	x86-mach_net	7	7	_netipc_msg_send	_receive_ip_datagram	contiguous
169	0x404cdfc	0x404cf06	266	0x404cefc	56	x86-machine	6	6	_xxx_host_info	_processor_assign	contiguous
170	0x404cf06	0x404e174	4718	0x404dffa	78	x86-mfs_prim	32	32	_mfs_init	_vm_set_error	contiguous
171	0x404e174	0x404e3a8	564	0x404e2e4	341	x86-miniMon	3	3	_miniMonInit	_safe_prf	contiguous
172	0x404e3a8	0x404e420	120	0x404e3f8		unmapped	2	2	_ns_callout_init	_ns_timer_init	
173	0x404e420	0x404eb90	1904	0x404ea98	338	x86-ns_timer	17	17	_ns_hardclock_init	_us_untimeout	contiguous
174	0x404eb90	0x404ecb6	294	0x404ec9a	340	x86-power	7	7	_power_callout	_kern_PMRestoreDefaults	contiguous
175	0x404ecb6	0x404eea6	496	0x404ecb6	24	x86-priority	1	1	_thread_quantum_update	_thread_quantum_update	contiguous
176	0x404eea6	0x404f77a	2260	0x404f75c	55	x86-processor	27	27	_pset_sys_bootstrap	_processor_set_threads	contiguous
177	0x404f77a	0x404f872	248	0x404f856	76	x86-queue	7	7	_enqueue_head	_remque	contiguous
178	0x404f872	0x4050542	3280	0x404f872	181	x86-kdp	1	1	_kdp_packet	_kdp_packet	contiguous
179	0x4050542	0x4050658	278	0x405062c	351	x86-kdp_udp	2	2	_kdp_raise_exception	_kdp_reset	contiguous
180	0x4050658	0x40518c6	4718	0x40518b6	74	x86-sched_prim	35	35	_wait_queue_init	_thread_block	contiguous
181	0x40518c6	0x4051db2	1260	0x4051bf8	77	x86-syscall_subr	10	10	_swtch_continue	_map_fd	contiguous
182	0x4051db2	0x4051dc6	20	0x4051dbc	69	x86-syscall_sw	2	2	_null_port	_kern_invalid	contiguous
183	0x4051dc6	0x40527a0	2522	0x405278a	70	x86-task	21	21	_task_init	_current_map_EXTERNAL	contiguous
184	0x40527a0	0x4053d98	5624	0x4053d8a	73	x86-thread	42	42	_stack_privilege	_current_thread_EXTERNAL	contiguous
185	0x4053d98	0x4053ef8	352	0x4053ede	33	x86-thread_swap	5	5	_swapper_init	_swapin_thread	contiguous
186	0x4053ef8	0x4054aaa	2994	0x40546ce	350	x86-callout	14	14	_calloutInitialize	_calloutEntryRemove	contiguous
187	0x4054aaa	0x4054b72	200	0x4054aaa	37	x86-time_stamp	1	1	_kern_timestamp	_kern_timestamp	contiguous
188	0x4054b72	0x4054fe2	1136	0x4054d22	60	x86-timer	6	6	_init_timers	_timer_delta	contiguous
189	0x4054fe2	0x4056360	4990	0x4056040	270	x86-zalloc	19	19	_zinit	_host_zone_free_space_info	contiguous
190	0x4056360	0x405723c	3804	0x40571f2	273	x86-kern_server	23	23	_kern_server_main	_kern_serv_kernel_task_port	contiguous
191	0x405723c	0x4057d74	2872	0x405769a	317	x86-kern_notify	4	4	_notify_server_loop	_get_kern_port	contiguous
192	0x4057d74	0x4057e20	172	0x4057d74	271	x86-kern_server_handler	1	1	_kern_serv_handler	_kern_serv_handler	contiguous
193	0x4057e20	0x405813c	796	0x4058032	272	x86-kern_server_reply_user	3	3	_kern_serv_panic	_kern_serv_log_data	contiguous
194	0x405813c	0x405917e	4162	0x405813c	265	x86-exc_server	1	1	_exc_server	_exc_server	contiguous
195	0x405917e	0x4059bf0	2674	0x40591f8	266	x86-mach_host_server	2	2	_mach_host_server	_mach_host_server_routine	contiguous
196	0x4059bf0	0x405b72e	6974	0x4059c6a	267	x86-mach_port_server	2	2	_mach_port_server	_mach_port_server_routine	contiguous
197	0x405b72e	0x405c08a	2396	0x405b7a8	268	x86-mach_server	2	2	_mach_server	_mach_server_routine	contiguous
198	0x405c08a	0x405c28a	512	0x405c104	269	x86-mach_debug_server	2	2	_mach_debug_server	_mach_debug_server_routine	contiguous
199	0x405c28a	0x405c43c	434	0x405c2d2	335	x86-ux_exception	2	2	_ux_handler_init	_catch_exception_raise	contiguous
200	0x405c43c	0x405d3d4	3992	0x405d292	66	x86-vm_fault	5	5	_vm_fault	_vm_fault_wire_fast	contiguous
201	0x405d3d4	0x405d592	446	0x405d3d4	25	x86-vm_init	1	1	_vm_mem_init	_vm_mem_init	contiguous
202	0x405d592	0x405dd16	1924	0x405dcba	175	x86-vm_kern	13	13	_kmem_alloc	_kmem_free_wakeup	contiguous
203	0x405dd16	0x405f73c	6694	0x405f72c	75	x86-vm_map	29	29	_vm_map_init	_vm_map_pmap_EXTERNAL	contiguous
204	0x405f73c	0x405f8de	418	0x405f86e	32	x86-vm_mem_region	5	5	_vm_mem_ppi	_vm_alloc_from_regions	contiguous
205	0x405f8de	0x4060422	2884	0x4060418	64	x86-vm_object	25	25	_vm_object_init	_vm_object_name	contiguous
206	0x4060422	0x406087c	1114	0x406070e	68	x86-vm_pageout	2	2	_vm_pageout_scan	_vm_pageout	contiguous
207	0x406087c	0x4060a50	468	0x406094e	4	x86-vm_pager	6	6	_vm_pager_init	_vm_pager_has_page	contiguous
208	0x4060a50	0x4060d52	770	0x4060d10	65	x86-vm_policy	4	4	_vm_policy_apply	_vm_deactivate	contiguous
209	0x4060d52	0x406188c	2874	0x406187c	67	x86-vm_resident	17	17	_vm_set_page_size	_vm_page_to_phys	contiguous
210	0x406188c	0x4061b0e	642	0x406188c	59	x86-vm_synchronize	1	1	_vm_synchronize	_vm_synchronize	contiguous
211	0x4061b0e	0x4061c4e	320	0x4061b9c	160	x86-vm_unix	3	3	_useracc	_vsunlock	split
212	0x4061c4e	0x4061d3c	238	0x4061d16	54	x86-fault_copy	6	6	_subyte	_fuword	split
213	0x4061d3c	0x4061d86	74	0x4061d60		unmapped	2	2	_suiword	_fuiword	
214	0x4061d86	0x406232c	1446	0x40622b2	160	x86-vm_unix	13	13	_swapon	_gc_control	split
215	0x406232c	0x4062790	1124	0x406272a	52	x86-vm_user	11	11	_vm_user_init	_vm_copy	contiguous
216	0x4062790	0x406386e	4318	0x4063834	343	x86-vnode_pager	19	19	_vnode_pager_vput	_vnode_pager_init	contiguous
217	0x406386e	0x4064216	2472	0x4064180	373	x86-vol	10	10	_volopen	_vol_start_thread	contiguous
218	0x4064216	0x406f0fe	44776	0x406ee78		unmapped	155	155	_adb_initialize	_vol_check_timeout	
219	0x406f0fe	0x406f1a8	170	0x406f0fe	368	x86-km	1	1	_kminit	_kminit	split
220	0x406f1a8	0x406f1f0	72	0x406f1a8		unmapped	1	1	_kminit2	_kminit2	
221	0x406f1f0	0x406f458	616	0x406f428	368	x86-km	5	5	_kmopen	_kmselect	split
222	0x406f458	0x406f6b6	606	0x406f542		unmapped	2	2	_kmstart	_kmoutput	
223	0x406f6b6	0x406fe0e	1880	0x406f6b6	368	x86-km	1	1	_kmpopup	_kmpopup	split
224	0x406fe0e	0x406fe72	100	0x406fe0e		unmapped	1	1	_km_big	_km_big	
225	0x406fe72	0x40702aa	1080	0x4070056	368	x86-km	2	2	_kmrestore	_kmioctl	split
226	0x40702aa	0x4070448	414	0x4070392		unmapped	4	4	_km_input	_kmintr_process	
227	0x4070448	0x407057c	308	0x407050a	368	x86-km	3	3	_kmputc	_kmgetc_silent	split
228	0x407057c	0x4070664	232	0x407057c	369	x86-kmDevice	1	1	_kmtrygetc	_kmtrygetc	contiguous
229	0x4070664	0x4071624	4032	0x407153c		unmapped	10	10	_kybd_process	_km_clear_eol	
230	0x4071624	0x4071754	304	0x4071704	368	x86-km	2	2	_alert	_alert_done	split
231	0x4071754	0x4072282	2862	0x4072264		unmapped	10	10	_alert_lock_screen	_mmopen	
232	0x4072282	0x4072440	446	0x40722b8	176	x86-mem	3	3	_mmread	_mmrw	contiguous
233	0x4072440	0x407ce8c	43596	0x407c51e		unmapped	119	119	_mmmmap	_scsi_sensemsg	
234	0x407ce8c	0x407e5de	5970	0x407de86	370	x86-SCSIDiskKern	7	7	_sdopen	_sdioctl	contiguous
235	0x407e5de	0x407f70e	4400	0x407f584		unmapped	4	4	_sdchecklabel	_sfa_abort	
236	0x407f70e	0x407ff14	2054	0x407fb84	371	x86-SCSIGenericKern	3	3	_sgopen	_sgioctl	contiguous
237	0x407ff14	0x408ffb0	65692	0x408feee		unmapped	141	141	_snd_device_init	_in_bootp_buildpacket	
238	0x408ffb0	0x409011a	362	0x408ffb0	305	x86-in_bootp	1	1	_in_bootp_bptombuf	_in_bootp_bptombuf	split
239	0x409011a	0x4090ac6	2476	0x40909b2		unmapped	10	10	_in_bootp_timeout	_in_bootp_setaddress	
240	0x4090ac6	0x4090c8a	452	0x4090ac6	305	x86-in_bootp	1	1	_in_bootp	_in_bootp	split
241	0x4090c8a	0x4090d00	118	0x4090cf8	349	x86-APM_i386	9	9	_PMConnect	_PMUpdateClock	contiguous
242	0x4090d00	0x4091080	896	0x4090d4c		unmapped	2	2	__ashldi3	__bdiv	
243	0x4091080	0x40910d6	86	0x4091080	26	x86-checksum_16	1	1	_checksum_16	_checksum_16	contiguous
244	0x40910d6	0x4091ea2	3532	0x4091cc0		unmapped	22	22	_rtc_set_clr	_rtc_real_blkread	
245	0x4091ea2	0x4091ef2	80	0x4091eea	385	x86-machine_clock	2	2	_hardclock_init	_statclock_init	split
246	0x4091ef2	0x4091fca	216	0x4091ef2		unmapped	1	1	_m68k_hardclock	_m68k_hardclock	
247	0x4091fca	0x409227e	692	0x409226e	385	x86-machine_clock	6	6	_clock_timer_init	_set_timer_expire_func	split
248	0x409227e	0x409228e	16	0x409227e		unmapped	1	1	__set_timer_expire_func	__set_timer_expire_func	
249	0x409228e	0x40922cc	62	0x409228e	385	x86-machine_clock	1	1	_set_timer	_set_timer	split
250	0x40922cc	0x4092436	362	0x409237a		unmapped	3	3	__set_timer	_delay	
251	0x4092436	0x4092778	834	0x4092732	197	x86-cons	7	7	_cnopen	_cnputc	contiguous
252	0x4092778	0x40927d4	92	0x4092778	166	x86-dkbad	1	1	_isbad	_isbad	contiguous
253	0x40927d4	0x40928a8	212	0x40927d4	177	x86-in_cksum	1	1	_in_cksum	_in_cksum	contiguous
254	0x40928a8	0x409295e	182	0x40928a8		unmapped	1	1	_oc_cksum	_oc_cksum	
255	0x409295e	0x40929c6	104	0x40929be	63	x86-kdp_machdep	13	13	_kdp_exception	_kdp_flush_cache	contiguous
256	0x40929c6	0x4092a1a	84	0x40929ec	2	x86-kern_machdep	2	2	_check_cpu_subtype	_grade_cpu_subtype	contiguous
257	0x4092a1a	0x4092c60	582	0x4092c50		unmapped	6	6	_kpmon_null	_abs	
258	0x4092c60	0x4092d1a	186	0x4092c60	1	x86-memcmp	1	1	_bcmp	_bcmp	contiguous
259	0x4092d1a	0x4092d2c	18	0x4092d1a	7	x86-memmove	1	1	_memmove	_memmove	split
260	0x4092d2c	0x4092df6	202	0x4092d2c	6	x86-memcpy	1	1	_bcopy	_bcopy	contiguous
261	0x4092df6	0x4092e12	28	0x4092df6		unmapped	1	1	_bytecopy	_bytecopy	
262	0x4092e12	0x4092e76	100	0x4092e12	9	x86-memset	1	1	_bzero	_bzero	split
263	0x4092e76	0x4092faa	308	0x4092e76	20	x86-ffs	1	1	_ffs	_ffs	contiguous
264	0x4092faa	0x4093006	92	0x4092faa		unmapped	1	1	_msb	_msb	
265	0x4093006	0x4093036	48	0x4093006	19	x86-index	1	1	_index	_index	contiguous
266	0x4093036	0x409305c	38	0x4093036	14	x86-strncpy	1	1	_strncpy	_strncpy	contiguous
267	0x409305c	0x4093078	28	0x409305c	15	x86-strcat	1	1	_strcat	_strcat	contiguous
268	0x4093078	0x40930a0	40	0x4093078	17	x86-strcmp	1	1	_strcmp	_strcmp	contiguous
269	0x40930a0	0x40930b6	22	0x40930a0	13	x86-strcpy	1	1	_strcpy	_strcpy	contiguous
270	0x40930b6	0x40930e6	48	0x40930b6	18	x86-strncmp	1	1	_strncmp	_strncmp	contiguous
271	0x40930e6	0x40930fa	20	0x40930e6	12	x86-strlen	1	1	_strlen	_strlen	contiguous
272	0x40930fa	0x4093192	152	0x4093146		unmapped	2	2	__lshldi3	__lshrdi3	
273	0x4093192	0x40935f8	1126	0x409350c	346	x86-i386_init	4	4	_getargs	_getval	contiguous
274	0x40935f8	0x40937c8	464	0x40937ac		unmapped	4	4	_machparam	_kernel_thread_noblock	
275	0x40937c8	0x409382c	100	0x40937e6	342	x86-machdep	2	2	_halt_thread	_reboot_mach	split
276	0x409382c	0x4093976	330	0x409382c		unmapped	1	1	_nmi	_nmi	
277	0x4093976	0x4093e66	1264	0x4093e4a	342	x86-machdep	2	2	_mini_mon	_nmi_prf	split
278	0x4093e66	0x4094202	924	0x4094080		unmapped	5	5	_softint_sched	_softint_run	
279	0x4094202	0x4094758	1366	0x4094332	183	x86-unix_startup	2	2	_startup_early	_startup	contiguous
280	0x4094758	0x40947be	102	0x4094758		unmapped	1	1	_as_tune	_as_tune	
281	0x40947be	0x409497e	448	0x40948de	182	x86-unix_signal	2	2	_sendsig	_sigreturn	split
282	0x409497e	0x4094990	18	0x409497e	342	x86-machdep	1	1	_halt_cpu	_halt_cpu	split
283	0x4094990	0x40949e0	80	0x40949b8		unmapped	2	2	_light_on	_light_off	
284	0x40949e0	0x4094a7c	156	0x40949e0	342	x86-machdep	1	1	_addupc	_addupc	split
285	0x4094a7c	0x4094ab2	54	0x4094aaa	319	x86-miniMonMachdep	6	6	_miniMonReboot	_miniMonPutchar	contiguous
286	0x4094ab2	0x4094afe	76	0x4094ab2	182	x86-unix_signal	1	1	_machine_exception	_machine_exception	split
287	0x4094afe	0x40951ec	1774	0x4094afe		unmapped	1	1	_m68k_init	_m68k_init	
288	0x40951ec	0x4095460	628	0x4095456	342	x86-machdep	2	2	_machine_table	_machine_table_setokay	split
289	0x4095460	0x40967be	4958	0x40967aa		unmapped	19	19	_m68k_dbginit	_dbg_longjmp	
290	0x40967be	0x4096e20	1634	0x4096dcc	196	x86-pcb	18	18	_stack_attach	_pcb_terminate	split
291	0x4096e20	0x4097446	1574	0x40973f4		unmapped	5	5	_pmap_pte	_pmap_size	
292	0x4097446	0x4097b58	1810	0x4097af4	383	x86-pmap	5	5	_pmap_map	_pmap_destroy	split
293	0x4097b58	0x4097c1a	194	0x4097b58		unmapped	1	1	_pmap_free_maps	_pmap_free_maps	
294	0x4097c1a	0x4097c50	54	0x4097c1a	383	x86-pmap	1	1	_pmap_reference	_pmap_reference	split
295	0x4097c50	0x4097e6c	540	0x4097c50		unmapped	1	1	_pmap_remove_range	_pmap_remove_range	
296	0x4097e6c	0x4097fba	334	0x4097e9c	383	x86-pmap	2	2	_pmap_remove	_pmap_remove_all	split
297	0x4097fba	0x40980d6	284	0x4097fba		unmapped	1	1	_pmap_collapse	_pmap_collapse	
298	0x40980d6	0x40982a6	464	0x409827e	383	x86-pmap	3	3	_pmap_copy_on_write	_pmap_enter	split
299	0x40982a6	0x409865e	952	0x40982a6		unmapped	1	1	_pmap_enter_mapping	_pmap_enter_mapping	
300	0x409865e	0x40988b0	594	0x40987f8	383	x86-pmap	3	3	_pmap_change_wiring	_pmap_resident_extract	split
301	0x40988b0	0x4098b48	664	0x4098a14		unmapped	2	2	_pmap_expand_kernel	_pmap_expand	
302	0x4098b48	0x4098e4c	772	0x4098dbe	383	x86-pmap	10	10	_pmap_copy	_pmap_is_modified	split
303	0x4098e4c	0x4098ebc	112	0x4098e4c		unmapped	1	1	_pmap_phys_to_index	_pmap_phys_to_index	
304	0x4098ebc	0x4098fa0	228	0x4098f7e	383	x86-pmap	7	7	_pmap_page_protect	_uncompress_data_to_phys	split
305	0x4098fa0	0x40990ba	282	0x4098fa0		unmapped	1	1	_pmap_tt	_pmap_tt	
306	0x40990ba	0x4099184	202	0x40990fc	342	x86-machdep	3	3	_md_prepare_for_shutdown	_md_do_shutdown	split
307	0x4099184	0x40996b8	1332	0x4099556	366	x86-swapgeneric	4	4	_setconf	_initrootnet	contiguous
308	0x40996b8	0x409a044	2444	0x40996b8		unmapped	1	1	_trap	_trap	
309	0x409a044	0x409a2dc	664	0x409a216	353	x86-trap	2	2	_unix_syscall	_unix_syscall_return	split
310	0x409a2dc	0x409a2fe	34	0x409a2dc		unmapped	1	1	_do_trace	_do_trace	
311	0x409a2fe	0x409a4aa	428	0x409a2fe	353	x86-trap	1	1	_check_for_ast	_check_for_ast	split
312	0x409a4aa	0x409a8ba	1040	0x409a7ea		unmapped	4	4	_traceback	_bmap_parity_error	
313	0x409a8ba	0x409aa2e	372	0x409aa1e	165	x86-ufs_machdep	2	2	_allocbuf	_bfree	contiguous
314	0x409aa2e	0x409aaf6	200	0x409aa92		unmapped	2	2	__udivdi3	__umoddi3	
315	0x409aaf6	0x409ac0c	278	0x409aaf6	321	x86-vm_machdep	1	1	_pagemove	_pagemove	contiguous
316	0x409ac0c	0x40a5510	43268	0x40a5492		unmapped	176	176	bindec	fpsp_unsupp	
317	0x40a5510	0x40a55ea	218	0x40a5510	288	x86-port_allocate	1	1	_port_allocate_EXTERNAL	_port_allocate_EXTERNAL	contiguous
318	0x40a55ea	0x40a56ae	196	0x40a55ea	289	x86-port_deallocate	1	1	_port_deallocate_EXTERNAL	_port_deallocate_EXTERNAL	contiguous
319	0x40a56ae	0x40a5780	210	0x40a56ae	290	x86-port_set_add	1	1	_port_set_add_EXTERNAL	_port_set_add_EXTERNAL	contiguous
320	0x40a5780	0x40a585a	218	0x40a5780	291	x86-port_set_allocate	1	1	_port_set_allocate_EXTERNAL	_port_set_allocate_EXTERNAL	contiguous
321	0x40a585a	0x40a591e	196	0x40a585a	292	x86-port_set_deallocate	1	1	_port_set_deallocate_EXTERNAL	_port_set_deallocate_EXTERNAL	contiguous
322	0x40a591e	0x40a59ee	208	0x40a591e	293	x86-task_set_special_port	1	1	_task_set_special_port_EXTERNAL	_task_set_special_port_EXTERNAL	contiguous
323	0x40a59ee	0x40a5ad4	230	0x40a59ee	294	x86-thread_get_special_port	1	1	_thread_get_special_port_EXTERNAL	_thread_get_special_port_EXTERNAL	contiguous
324	0x40a5ad4	0x40a5ba4	208	0x40a5ad4	295	x86-thread_set_special_port	1	1	_thread_set_special_port_EXTERNAL	_thread_set_special_port_EXTERNAL	contiguous
325	0x40a5ba4	0x40a5c76	210	0x40a5ba4	296	x86-vm_deallocate	1	1	_vm_deallocate_EXTERNAL	_vm_deallocate_EXTERNAL	contiguous
326	0x40a5c76	0x40a5d7e	264	0x40a5c76	297	x86-vm_read	1	1	_vm_read_EXTERNAL	_vm_read_EXTERNAL	contiguous
