# plan 419: m68k __data/__const candidate object runs by anchors (x86-defined external data symbols, accepted code-referenced addresses); next_first is only an upper bound (m2_m68k_data_map.py)
section	seq	first_anchor	last_anchor	next_first	owner	anchors_a	anchors_b	owner_split
__DATA,__data	0	0x40ada18	0x40adac8	0x40adb34	unmapped#287	0	2	1
__DATA,__data	1	0x40adb34	0x40adb50	0x40adb54	x86-init_main	5	4	0
__DATA,__data	2	0x40adb54	0x40ae114	0x40ae118	x86-init_sysent	2	0	0
__DATA,__data	3	0x40ae118	0x40ae11c	0x40ae120	x86-kern_acct	2	0	0
__DATA,__data	4	0x40ae120	0x40ae120	0x40ae124	x86-kern_descrip	1	0	0
__DATA,__data	5	0x40ae124	0x40ae228	0x40ae232	x86-kern_exec	3	1	0
__DATA,__data	6	0x40ae232	0x40ae232	0x40ae236	x86-kern_fork	0	1	0
__DATA,__data	7	0x40ae236	0x40ae236	0x40ae23a	x86-kern_prot	1	0	0
__DATA,__data	8	0x40ae23a	0x40ae23a	0x40ae23e	x86-kern_shutdown	1	0	0
__DATA,__data	9	0x40ae23e	0x40ae23e	0x40ae242	x86-subr_log	1	0	0
__DATA,__data	10	0x40ae242	0x40ae242	0x40ae24e	x86-sys_generic	0	1	0
__DATA,__data	11	0x40ae24e	0x40ae24e	0x40ae25e	x86-sys_socket	1	0	0
__DATA,__data	12	0x40ae25e	0x40ae4aa	0x40ae4ac	x86-tty	6	3	0
__DATA,__data	13	0x40ae4ac	0x40ae68c	0x40ae694	x86-tty_conf	2	0	0
__DATA,__data	14	0x40ae694	0x40ae71e	0x40ae73e	x86-uipc_proto	2	0	0
__DATA,__data	15	0x40ae73e	0x40ae73e	0x40ae742	x86-uipc_socket2	1	0	0
__DATA,__data	16	0x40ae742	0x40ae75e	0x40ae762	x86-uipc_usrreq	5	3	0
__DATA,__data	17	0x40ae762	0x40ae782	0x40ae796	x86-vfs	1	1	0
__DATA,__data	18	0x40ae796	0x40ae836	0x40ae83a	x86-vfs_conf	2	0	0
__DATA,__data	19	0x40ae83a	0x40ae83a	0x40ae83e	x86-vfs_dnlc	1	0	0
__DATA,__data	20	0x40ae83e	0x40ae83e	0x40ae84e	x86-vfs_io	1	0	0
__DATA,__data	21	0x40ae84e	0x40ae84e	0x40ae866	x86-vfs_lookup	1	0	0
__DATA,__data	22	0x40ae866	0x40ae866	0x40ae8ee	x86-af	1	0	0
__DATA,__data	23	0x40ae8ee	0x40ae8ee	0x40ae8f2	x86-if	1	0	0
__DATA,__data	24	0x40ae8f2	0x40ae8f2	0x40ae8f6	x86-route	1	0	0
__DATA,__data	25	0x40ae8f6	0x40ae944	0x40ae956	x86-if_ether	10	5	0
__DATA,__data	26	0x40ae956	0x40ae956	0x40ae95a	x86-in	1	0	0
__DATA,__data	27	0x40ae95a	0x40ae95a	0x40ae95e	x86-in_pcb	1	0	0
__DATA,__data	28	0x40ae95e	0x40aeaa0	0x40aeab4	x86-in_proto	2	0	0
__DATA,__data	29	0x40aeab4	0x40aeb2c	0x40aeb30	x86-ip_input	8	3	0
__DATA,__data	30	0x40aeb30	0x40aeb52	0x40aeb54	x86-raw_ip	3	3	0
__DATA,__data	31	0x40aeb54	0x40aeb58	0x40aeb5c	x86-tcp_input	2	0	0
__DATA,__data	32	0x40aeb5c	0x40aeb69	0x40aeb6c	x86-tcp_output	2	1	0
__DATA,__data	33	0x40aeb6c	0x40aeb74	0x40aeb78	x86-tcp_subr	3	2	0
__DATA,__data	34	0x40aeb78	0x40aeb84	0x40aebb8	x86-tcp_timer	4	1	0
__DATA,__data	35	0x40aebb8	0x40aebbc	0x40aebc0	x86-tcp_usrreq	2	0	0
__DATA,__data	36	0x40aebc0	0x40aebdc	0x40aebe0	x86-udp_usrreq	5	2	0
__DATA,__data	37	0x40aebe0	0x40aec04	0x40aec08	x86-igmp	0	4	0
__DATA,__data	38	0x40aec08	0x40aec0c	0x40aec10	x86-ip_mroute	2	0	0
__DATA,__data	39	0x40aec10	0x40aedd4	0x40aedd8	x86-nfs_server	7	0	0
__DATA,__data	40	0x40aedd8	0x40aee5c	0x40aee5e	x86-nfs_subr	6	3	0
__DATA,__data	41	0x40aee5e	0x40aee7e	0x40aee82	x86-nfs_vfsops	1	2	0
__DATA,__data	42	0x40aee82	0x40aef16	0x40aef1a	x86-nfs_vnodeops	4	0	0
__DATA,__data	43	0x40aef1a	0x40aef5a	0x40aef6a	x86-nfs_xdr	5	0	0
__DATA,__data	44	0x40aef6a	0x40aef6a	0x40aef7e	x86-auth_kern	0	1	0
__DATA,__data	45	0x40aef7e	0x40aef7e	0x40aef96	x86-clnt_kudp	1	0	0
__DATA,__data	46	0x40aef96	0x40aef96	0x40af01e	x86-clnt_perror	0	1	0
__DATA,__data	47	0x40af01e	0x40af022	0x40af026	x86-pmap_kgetport	0	2	0
__DATA,__data	48	0x40af026	0x40af026	0x40af03e	x86-rpc_prot	0	1	0
__DATA,__data	49	0x40af03e	0x40af042	0x40af046	x86-subr_kudp	2	0	0
__DATA,__data	50	0x40af046	0x40af046	0x40af052	x86-svc_auth	0	1	0
__DATA,__data	51	0x40af052	0x40af052	0x40af06a	x86-svc_kudp	1	0	0
__DATA,__data	52	0x40af06a	0x40af06a	0x40af06e	x86-xdr	0	1	0
__DATA,__data	53	0x40af06e	0x40af06e	0x40af08e	x86-xdr_mbuf	1	0	0
__DATA,__data	54	0x40af08e	0x40af08e	0x40af0ae	x86-xdr_mem	0	1	0
__DATA,__data	55	0x40af0ae	0x40af0ae	0x40af0be	x86-bootparam_xdr	0	1	0
__DATA,__data	56	0x40af0be	0x40af0be	0x40af14a	x86-fifo_vnodeops	1	0	0
__DATA,__data	57	0x40af14a	0x40af14a	0x40af166	x86-spec_vfsops	1	0	0
__DATA,__data	58	0x40af166	0x40af166	0x40af1f2	x86-spec_vnodeops	1	0	0
__DATA,__data	59	0x40af1f2	0x40af22e	0x40af2ba	x86-swapfs	9	1	0
__DATA,__data	60	0x40af2ba	0x40af2d6	0x40af2d8	x86-ufs_dir	2	6	0
__DATA,__data	61	0x40af2d8	0x40af2fa	0x40af31e	x86-ufs_inode	3	0	0
__DATA,__data	62	0x40af31e	0x40af326	0x40af336	x86-ufs_subr	2	1	0
__DATA,__data	63	0x40af336	0x40af57e	0x40af5a2	x86-ufs_tables	5	0	0
__DATA,__data	64	0x40af5a2	0x40af5c6	0x40af5ca	x86-ufs_vfsops	2	2	0
__DATA,__data	65	0x40af5ca	0x40af65a	0x40af65e	x86-ufs_vnodeops	3	0	0
__DATA,__data	66	0x40af65e	0x40af738	0x40af748	x86-param	14	0	0
__DATA,__data	67	0x40af748	0x40af758	0x40af75c	x86-ipc_init	5	0	0
__DATA,__data	68	0x40af75c	0x40af75c	0x40af760	x86-ipc_marequest	1	0	0
__DATA,__data	69	0x40af760	0x40af764	0x40af768	x86-ipc_table	2	0	0
__DATA,__data	70	0x40af768	0x40af778	0x40af77c	x86-counters	5	0	0
__DATA,__data	71	0x40af77c	0x40af784	0x40af788	x86-exception	3	0	0
__DATA,__data	72	0x40af788	0x40af788	0x40af78c	x86-ipc_kobject	0	1	0
__DATA,__data	73	0x40af78c	0x40af78c	0x40af794	x86-ipc_xxx	1	0	0
__DATA,__data	74	0x40af794	0x40af794	0x40af7d4	x86-kalloc	1	0	0
__DATA,__data	75	0x40af7d4	0x40af7dc	0x40af7e0	x86-kernel_stack	0	3	0
__DATA,__data	76	0x40af7e0	0x40af7e0	0x40af7e4	x86-lock	1	0	0
__DATA,__data	77	0x40af7e4	0x40af804	0x40af808	x86-mach_clock	8	0	0
__DATA,__data	78	0x40af808	0x40af820	0x40af82c	x86-mach_factor	2	1	0
__DATA,__data	79	0x40af82c	0x40af888	0x40af8a8	x86-mach_header	0	6	0
__DATA,__data	80	0x40af8a8	0x40af8b0	0x40af8bc	x86-mach_net	0	3	0
__DATA,__data	81	0x40af8bc	0x40af8d8	0x40af8dc	x86-mfs_prim	8	0	0
__DATA,__data	82	0x40af8dc	0x40af8dc	0x40af93c	x86-miniMon	1	0	0
__DATA,__data	83	0x40af93c	0x40af940	0x40af944	x86-ns_timer	0	2	0
__DATA,__data	84	0x40af944	0x40af944	0x40af948	x86-power	0	1	0
__DATA,__data	85	0x40af948	0x40af948	0x40af984	x86-kdp	0	1	0
__DATA,__data	86	0x40af984	0x40af984	0x40af9a0	x86-kdp_udp	0	1	0
__DATA,__data	87	0x40af9a0	0x40afaa8	0x40afaac	x86-sched_prim	4	0	0
__DATA,__data	88	0x40afaac	0x40aff0c	0x40aff10	x86-syscall_sw	2	0	0
__DATA,__data	89	0x40aff10	0x40aff10	0x40aff14	x86-task	1	0	0
__DATA,__data	90	0x40aff14	0x40aff28	0x40aff2c	x86-thread	6	0	0
__DATA,__data	91	0x40aff2c	0x40aff2c	0x40aff30	x86-callout	0	1	0
__DATA,__data	92	0x40aff30	0x40aff4c	0x40aff50	x86-zalloc	8	0	0
__DATA,__data	93	0x40aff50	0x40aff7c	0x40aff80	x86-kern_notify	1	11	0
__DATA,__data	94	0x40aff80	0x40b0104	0x40b0108	x86-mach_host_server	0	57	0
__DATA,__data	95	0x40b0108	0x40b020c	0x40b0210	x86-mach_port_server	0	48	0
__DATA,__data	96	0x40b0210	0x40b0590	0x40b0594	x86-mach_server	0	122	0
__DATA,__data	97	0x40b0594	0x40b06b4	0x40b06b8	x86-mach_debug_server	0	52	0
__DATA,__data	98	0x40b06b8	0x40b06c0	0x40b06c4	x86-vm_object	3	0	0
__DATA,__data	99	0x40b06c4	0x40b06c8	0x40b06cc	x86-vm_pageout	2	0	0
__DATA,__data	100	0x40b06cc	0x40b06e4	0x40b06e8	x86-vm_resident	7	0	0
__DATA,__data	101	0x40b06e8	0x40b06e8	0x40b06ec	x86-vnode_pager	0	1	0
__DATA,__data	102	0x40b06ec	0x40b0828	0x40b087c	x86-vol	1	18	0
__DATA,__data	103	0x40b087c	0x40b1224	0x40b1232	x86-conf	4	0	0
__DATA,__data	104	0x40b1232	0x40b14ad	0x40b14b2	unmapped#218	0	24	0
__DATA,__data	105	0x40b14b2	0x40b14b2	0x40b1932	x86-VGAConsole	1	0	0
__DATA,__data	106	0x40b1932	0x40b1bc2	0x40b1c10	x86-kmDevice	2	0	0
__DATA,__data	107	0x40b1c10	0x40b202a	0x40b21c4	unmapped#233	0	39	0
__DATA,__data	108	0x40b21c4	0x40b245a	0x40b28da	unmapped#237	0	63	0
__DATA,__data	109	0x40b28da	0x40b28de	0x40b28ee	unmapped#257	0	2	0
__DATA,__data	110	0x40b28ee	0x40b28f6	0x40b2b82	x86-i386_init	1	2	0
__DATA,__data	111	0x40b2b82	0x40b2b8e	0x40b2b92	x86-unix_startup	3	1	0
__DATA,__data	112	0x40b2b92	0x40b2b92	0x40b2baa	x86-miniMonMachdep	1	0	0
__DATA,__data	113	0x40b2baa	0x40b2baa	0x40b2c9a	unmapped#287	0	1	1
__DATA,__data	114	0x40b2c9a	0x40b2c9a	0x40b30c4	unmapped#308	0	1	0
__DATA,__data	115	0x40b30c4	0x40b30c4	0x40b3110	x86-ioconf	1	0	0
__DATA,__data	116	0x40b3110	0x40b3119	0x40b317c	x86-vers	4	0	0
__TEXT,__const	0	0x40ace76	0x40ace76	0x40acf46	x86-sys_generic	0	1	0
__TEXT,__const	1	0x40acf46	0x40acf46	0x40acf58	x86-if_loop	0	1	0
__TEXT,__const	2	0x40acf58	0x40acf58	0x40acf6e	x86-if_venip	0	1	0
__TEXT,__const	3	0x40acf6e	0x40acfd6	0x40acfe6	x86-netif	9	1	0
__TEXT,__const	4	0x40acfe6	0x40acfe6	0x40ad962	x86-kern_server	1	0	0
