# plan 423: m68k object candidates (M2) -- kinds x86 (name match), bracket, file (weak, NeXTMach 1990 file), unassigned, data-only; start/end lo==hi means exact (m2_m68k_objects.py)
id	kind	label	basis	start_lo	start_hi	end_lo	end_hi	bytes_min	bytes_max	external_symbols	entries	unnamed_entries	x86_objects	data_runs	note
m68k-001	x86	x86-start	plan 415 name match (contiguous)	0x4000310	0x4000310	0x4000310	0x4000318	0	8	1	0	0	x86-start	0	
m68k-002	unassigned	unassigned (run 1)	none	0x4000310	0x4000318	0x4000318	0x40013c4	0	4276	1	0	0		0	
m68k-003	x86	x86-intr	plan 415 name match (contiguous)	0x4000318	0x40013c4	0x40013d6	0x40013d6	18	4286	1	1	0	x86-intr	0	
m68k-004	file	next/locore.s	file+asm prologue	0x40013d6	0x40013d6	0x400221e	0x400221e	3656	3656	56	50	0	x86-fault_copy,x86-locore,x86-memmove,x86-memset,x86-pcb	0	
m68k-005	file	fpsp/skeleton.sa	file	0x400221e	0x400221e	0x4002220	0x4002220	2	2	1	1	0		0	
m68k-006	unassigned	unassigned (run 13)	none	0x4002220	0x4002220	0x4002284	0x4002284	100	100	4	4	0		0	
m68k-007	x86	x86-cmu_syscalls	plan 415 name match (contiguous)	0x4002284	0x4002284	0x4002916	0x4002916	1682	1682	3	3	0	x86-cmu_syscalls	0	
m68k-008	x86	x86-init_main	plan 415 name match (contiguous)	0x4002916	0x4002916	0x4002fec	0x4002fec	1750	1750	7	7	0	x86-init_main	1	
m68k-009	x86	x86-kern_acct	plan 415 name match (contiguous)	0x4002fec	0x4002fec	0x40033d2	0x40033d2	998	998	3	3	0	x86-kern_acct	1	
m68k-010	x86	x86-kern_clock	plan 415 name match (contiguous)	0x40033d2	0x40033d2	0x40037b4	0x40037b4	994	994	8	8	0	x86-kern_clock	0	
m68k-011	x86	x86-kern_core	plan 415 name match (contiguous)	0x40037b4	0x40037b4	0x4003c0a	0x4003c0a	1110	1110	1	1	0	x86-kern_core	0	
m68k-012	x86	x86-kern_descrip	plan 415 name match (contiguous)	0x4003c0a	0x4003c0a	0x40048d6	0x40048d6	3276	3276	23	23	0	x86-kern_descrip	1	
m68k-013	x86	x86-kern_exec	plan 415 name match (contiguous)	0x40048d6	0x40048d6	0x40054a6	0x40054a6	3024	3024	5	6	1	x86-kern_exec	1	
m68k-014	x86	x86-kern_exit	plan 415 name match (contiguous)	0x40054a6	0x40054a6	0x4006164	0x4006164	3262	3262	9	9	0	x86-kern_exit	0	
m68k-015	x86	x86-kern_fork	plan 415 name match (contiguous)	0x4006164	0x4006164	0x4006720	0x4006720	1468	1468	12	12	0	x86-kern_fork	1	
m68k-016	x86	x86-kern_mman	plan 415 name match (contiguous)	0x4006720	0x4006720	0x4006bac	0x4006bac	1164	1164	12	12	0	x86-kern_mman	0	
m68k-017	x86	x86-kern_proc	plan 415 name match (contiguous)	0x4006bac	0x4006bac	0x40072cc	0x40072cc	1824	1824	18	19	1	x86-kern_proc	0	
m68k-018	x86	x86-kern_prot	plan 415 name match (contiguous)	0x40072cc	0x40072cc	0x4007e9e	0x4007e9e	3026	3026	27	27	0	x86-kern_prot	1	
m68k-019	x86	x86-kern_resource	plan 415 name match (contiguous)	0x4007e9e	0x4007e9e	0x400843e	0x400843e	1440	1440	7	7	0	x86-kern_resource	0	
m68k-020	x86	x86-kern_shutdown	plan 415 name match (contiguous)	0x400843e	0x400843e	0x4008932	0x4008932	1268	1268	5	5	0	x86-kern_shutdown	1	
m68k-021	x86	x86-kern_sig	plan 415 name match (contiguous)	0x4008932	0x4008932	0x4009a34	0x4009a34	4354	4354	17	17	0	x86-kern_sig	0	
m68k-022	x86	x86-kern_subr	plan 415 name match (contiguous)	0x4009a34	0x4009a34	0x4009c36	0x4009c36	514	514	3	3	0	x86-kern_subr	0	
m68k-023	x86	x86-kern_synch	plan 415 name match (contiguous)	0x4009c36	0x4009c36	0x400a278	0x400a278	1602	1602	8	8	0	x86-kern_synch	0	
m68k-024	x86	x86-kern_time	plan 415 name match (contiguous)	0x400a278	0x400a278	0x400a968	0x400a968	1776	1776	14	14	0	x86-kern_time	0	
m68k-025	x86	x86-kern_uname	plan 415 name match (contiguous)	0x400a968	0x400a968	0x400ab9a	0x400ab9a	562	562	1	1	0	x86-kern_uname	0	
m68k-026	x86	x86-kern_xxx	plan 415 name match (contiguous)	0x400ab9a	0x400ab9a	0x400ad9a	0x400ad9a	512	512	7	7	0	x86-kern_xxx	0	
m68k-027	x86	x86-mach_process	plan 415 name match (contiguous)	0x400ad9a	0x400ad9a	0x400af8c	0x400af8c	498	498	1	1	0	x86-mach_process	0	
m68k-028	x86	x86-mach_signal	plan 415 name match (contiguous)	0x400af8c	0x400af8c	0x400aff6	0x400aff6	106	106	1	1	0	x86-mach_signal	0	
m68k-029	x86	x86-subr_log	plan 415 name match (contiguous)	0x400aff6	0x400aff6	0x400b358	0x400b358	866	866	6	7	1	x86-subr_log	1	
m68k-030	x86	x86-subr_prf	plan 415 name match (contiguous)	0x400b358	0x400b358	0x400beaa	0x400beaa	2898	2898	14	18	4	x86-subr_prf	0	
m68k-031	x86	x86-subr_xxx	plan 415 name match (contiguous)	0x400beaa	0x400beaa	0x400bf6e	0x400bf6e	196	196	9	9	0	x86-subr_xxx	0	
m68k-032	x86	x86-sys_generic	plan 415 name match (contiguous)	0x400bf6e	0x400bf6e	0x400c918	0x400c918	2474	2474	13	13	0	x86-sys_generic	2	
m68k-033	x86	x86-sys_socket	plan 415 name match (contiguous)	0x400c918	0x400c918	0x400cbbe	0x400cbbe	678	678	5	5	0	x86-sys_socket	1	
m68k-034	x86	x86-tty	plan 415 name match (contiguous)	0x400cbbe	0x400cbbe	0x4010140	0x4010140	13698	13698	40	40	0	x86-tty	1	
m68k-035	x86	x86-tty_pty	plan 415 name match (contiguous)	0x4010140	0x4010140	0x40110a0	0x40110a0	3936	3936	16	16	0	x86-tty_pty	0	
m68k-036	file	bsd/tty_pty.c	file	0x40110a0	0x40110a0	0x40111f8	0x40111f8	344	344	1	2	1		0	
m68k-037	x86	x86-tty_subr	plan 415 name match (contiguous)	0x40111f8	0x40111f8	0x4011916	0x4011916	1822	1822	10	10	0	x86-tty_subr	0	
m68k-038	x86	x86-tty_tty	plan 415 name match (contiguous)	0x4011916	0x4011916	0x4011ae8	0x4011ae8	466	466	5	5	0	x86-tty_tty	0	
m68k-039	x86	x86-uipc_domain	plan 415 name match (contiguous)	0x4011ae8	0x4011ae8	0x4011d6a	0x4011d6a	642	642	6	6	0	x86-uipc_domain	0	
m68k-040	x86	x86-uipc_mbuf	plan 415 name match (contiguous)	0x4011d6a	0x4011d6a	0x401288c	0x401288c	2850	2850	17	18	1	x86-uipc_mbuf	0	
m68k-041	x86	x86-uipc_pipe	plan 415 name match (contiguous)	0x401288c	0x401288c	0x40128d8	0x40128d8	76	76	1	1	0	x86-uipc_pipe	0	
m68k-042	x86	x86-uipc_socket	plan 415 name match (contiguous)	0x40128d8	0x40128d8	0x4013cfa	0x4013cfa	5154	5154	17	17	0	x86-uipc_socket	0	
m68k-043	x86	x86-uipc_socket2	plan 415 name match (contiguous)	0x4013cfa	0x4013cfa	0x4014908	0x4014908	3086	3086	24	24	0	x86-uipc_socket2	1	
m68k-044	x86	x86-uipc_syscalls	plan 415 name match (contiguous)	0x4014908	0x4014908	0x4015c82	0x4015c82	4986	4986	22	22	0	x86-uipc_syscalls	0	
m68k-045	x86	x86-uipc_usrreq	plan 415 name match (contiguous)	0x4015c82	0x4015c82	0x40167b6	0x40167b6	2868	2868	16	16	0	x86-uipc_usrreq	1	
m68k-046	x86	x86-vfs	plan 415 name match (contiguous)	0x40167b6	0x40167b6	0x4017608	0x4017608	3666	3666	20	20	0	x86-vfs	1	
m68k-047	x86	x86-vfs_bio	plan 415 name match (contiguous)	0x4017608	0x4017608	0x40185a2	0x40185a2	3994	3994	23	27	4	x86-vfs_bio	0	
m68k-048	x86	x86-vfs_dnlc	plan 415 name match (contiguous)	0x40185a2	0x40185a2	0x4018c5a	0x4018c5a	1720	1720	9	11	2	x86-vfs_dnlc	1	
m68k-049	x86	x86-vfs_io	plan 415 name match (contiguous)	0x4018c5a	0x4018c5a	0x40193de	0x40193de	1924	1924	8	8	0	x86-vfs_io	1	
m68k-050	x86	x86-vfs_lookup	plan 415 name match (contiguous)	0x40193de	0x40193de	0x4019ab2	0x4019ab2	1748	1748	2	3	1	x86-vfs_lookup	1	
m68k-051	x86	x86-vfs_pathname	plan 415 name match (contiguous)	0x4019ab2	0x4019ab2	0x4019cee	0x4019cee	572	572	8	8	0	x86-vfs_pathname	0	
m68k-052	x86	x86-vfs_syscalls	plan 415 name match (contiguous)	0x4019cee	0x4019cee	0x401afe4	0x401afe4	4854	4854	36	36	0	x86-vfs_syscalls	0	
m68k-053	x86	x86-vfs_vnode	plan 415 name match (contiguous)	0x401afe4	0x401afe4	0x401b914	0x401b914	2352	2352	10	10	0	x86-vfs_vnode	0	
m68k-054	x86	x86-vfs_xxx	plan 415 name match (contiguous)	0x401b914	0x401b914	0x401b9dc	0x401b9dc	200	200	1	1	0	x86-vfs_xxx	0	
m68k-055	x86	x86-kern_physio	plan 415 name match (contiguous)	0x401b9dc	0x401b9dc	0x401bbd2	0x401bbd2	502	502	2	2	0	x86-kern_physio	0	
m68k-056	x86	x86-af	plan 415 name match (contiguous)	0x401bbd2	0x401bbd2	0x401bc16	0x401bc16	68	68	3	3	0	x86-af	1	
m68k-057	x86	x86-if	plan 415 name match (contiguous)	0x401bc16	0x401bc16	0x401c186	0x401c186	1392	1392	12	12	0	x86-if	1	
m68k-058	x86	x86-if_loop	plan 415 name match (contiguous)	0x401c186	0x401c186	0x401c2bc	0x401c2bc	310	310	4	4	0	x86-if_loop	1	
m68k-059	x86	x86-if_venip	plan 415 name match (contiguous)	0x401c2bc	0x401c2bc	0x401c8ea	0x401c8ea	1582	1582	5	11	6	x86-if_venip	1	
m68k-060	x86	x86-netbuf	plan 415 name match (contiguous)	0x401c8ea	0x401c8ea	0x401cab2	0x401cab2	456	456	12	13	1	x86-netbuf	0	
m68k-061	x86	x86-netif	plan 415 name match (contiguous)	0x401cab2	0x401cab2	0x401d0c0	0x401d0c0	1550	1550	31	34	3	x86-netif	1	
m68k-062	x86	x86-netisr	plan 415 name match (contiguous)	0x401d0c0	0x401d0c0	0x401d160	0x401d160	160	160	2	2	0	x86-netisr	0	
m68k-063	x86	x86-raw_cb	plan 415 name match (contiguous)	0x401d160	0x401d160	0x401d362	0x401d362	514	514	5	5	0	x86-raw_cb	0	
m68k-064	x86	x86-raw_usrreq	plan 415 name match (contiguous)	0x401d362	0x401d362	0x401d7e8	0x401d7e8	1158	1158	5	5	0	x86-raw_usrreq	0	
m68k-065	x86	x86-route	plan 415 name match (contiguous)	0x401d7e8	0x401d7e8	0x401dd88	0x401dd88	1440	1440	6	6	0	x86-route	1	
m68k-066	x86	x86-if_ether	plan 415 name match (contiguous)	0x401dd88	0x401dd88	0x401ec40	0x401ec40	3768	3768	11	11	0	x86-if_ether	1	
m68k-067	x86	x86-in	plan 415 name match (contiguous)	0x401ec40	0x401ec40	0x401f898	0x401f898	3160	3160	15	15	0	x86-in	1	
m68k-068	x86	x86-in_pcb	plan 415 name match (contiguous)	0x401f898	0x401f898	0x401ff48	0x401ff48	1712	1712	11	11	0	x86-in_pcb	1	
m68k-069	x86	x86-ip_icmp	plan 415 name match (contiguous)	0x401ff48	0x401ff48	0x4020922	0x4020922	2522	2522	7	7	0	x86-ip_icmp	0	
m68k-070	x86	x86-ip_input	plan 415 name match (contiguous)	0x4020922	0x4020922	0x4021a7a	0x4021a7a	4440	4440	14	14	0	x86-ip_input	1	
m68k-071	x86	x86-ip_output	plan 415 name match (contiguous)	0x4021a7a	0x4021a7a	0x4022844	0x4022844	3530	3530	9	9	0	x86-ip_output	0	
m68k-072	x86	x86-raw_ip	plan 415 name match (contiguous)	0x4022844	0x4022844	0x4022adc	0x4022adc	664	664	3	3	0	x86-raw_ip	1	
m68k-073	x86	x86-tcp_debug	plan 415 name match (contiguous)	0x4022adc	0x4022adc	0x4022bae	0x4022bae	210	210	1	1	0	x86-tcp_debug	0	
m68k-074	x86	x86-tcp_input	plan 415 name match (contiguous)	0x4022bae	0x4022bae	0x4024044	0x4024044	5270	5270	6	6	0	x86-tcp_input	1	
m68k-075	x86	x86-tcp_output	plan 415 name match (contiguous)	0x4024044	0x4024044	0x402466a	0x402466a	1574	1574	2	2	0	x86-tcp_output	1	
m68k-076	x86	x86-tcp_subr	plan 415 name match (contiguous)	0x402466a	0x402466a	0x4024af4	0x4024af4	1162	1162	10	10	0	x86-tcp_subr	1	
m68k-077	x86	x86-tcp_timer	plan 415 name match (contiguous)	0x4024af4	0x4024af4	0x4024e2a	0x4024e2a	822	822	4	4	0	x86-tcp_timer	1	
m68k-078	x86	x86-tcp_usrreq	plan 415 name match (contiguous)	0x4024e2a	0x4024e2a	0x402546e	0x402546e	1604	1604	5	5	0	x86-tcp_usrreq	1	
m68k-079	x86	x86-udp_usrreq	plan 415 name match (contiguous)	0x402546e	0x402546e	0x4025be0	0x4025be0	1906	1906	6	6	0	x86-udp_usrreq	1	
m68k-080	x86	x86-igmp	plan 415 name match (contiguous)	0x4025be0	0x4025be0	0x402616c	0x402616c	1420	1420	6	8	2	x86-igmp	1	
m68k-081	x86	x86-ip_mroute	plan 415 name match (contiguous)	0x402616c	0x402616c	0x402618a	0x402618a	30	30	3	3	0	x86-ip_mroute	1	
m68k-082	x86	x86-nfs_client	plan 415 name match (contiguous)	0x402618a	0x402618a	0x4026652	0x4026652	1224	1224	9	11	2	x86-nfs_client	0	
m68k-083	x86	x86-nfs_common	plan 415 name match (contiguous)	0x4026652	0x4026652	0x4026734	0x4026734	226	226	2	2	0	x86-nfs_common	0	
m68k-084	x86	x86-nfs_export	plan 415 name match (contiguous)	0x4026734	0x4026734	0x4026e70	0x4026e70	1852	1852	8	8	0	x86-nfs_export	0	
m68k-085	x86	x86-nfs_server	plan 415 name match (contiguous)	0x4026e70	0x4026e70	0x402872e	0x402872e	6334	6334	1	31	30	x86-nfs_server	1	
m68k-086	x86	x86-nfs_subr	plan 415 name match (contiguous)	0x402872e	0x402872e	0x40297da	0x40297da	4268	4268	17	26	9	x86-nfs_subr	1	
m68k-087	x86	x86-nfs_vfsops	plan 415 name match (contiguous)	0x40297da	0x40297da	0x402a9f6	0x402a9f6	4636	4636	1	15	14	x86-nfs_vfsops	1	
m68k-088	x86	x86-nfs_vnodeops	plan 415 name match (contiguous)	0x402a9f6	0x402a9f6	0x402cc8c	0x402cc8c	8854	8854	4	39	35	x86-nfs_vnodeops	1	
m68k-089	x86	x86-nfs_xdr	plan 415 name match (contiguous)	0x402cc8c	0x402cc8c	0x402d85a	0x402d85a	3022	3022	17	26	9	x86-nfs_xdr	1	
m68k-090	x86	x86-auth_kern	plan 415 name match (contiguous)	0x402d85a	0x402d85a	0x402da64	0x402da64	522	522	6	6	0	x86-auth_kern	1	
m68k-091	x86	x86-authunix_prot	plan 415 name match (contiguous)	0x402da64	0x402da64	0x402dbd2	0x402dbd2	366	366	2	2	0	x86-authunix_prot	0	
m68k-092	x86	x86-clnt_kudp	plan 415 name match (contiguous)	0x402dbd2	0x402dbd2	0x402e612	0x402e612	2624	2624	14	17	3	x86-clnt_kudp	1	
m68k-093	x86	x86-clnt_perror	plan 415 name match (contiguous)	0x402e612	0x402e612	0x402e652	0x402e652	64	64	1	1	0	x86-clnt_perror	1	
m68k-094	x86	x86-pmap_kgetport	plan 415 name match (contiguous)	0x402e652	0x402e652	0x402e804	0x402e804	434	434	2	2	0	x86-pmap_kgetport	1	
m68k-095	x86	x86-pmap_prot	plan 415 name match (contiguous)	0x402e804	0x402e804	0x402e858	0x402e858	84	84	1	1	0	x86-pmap_prot	0	
m68k-096	x86	x86-pmap_krmt	plan 415 name match (contiguous)	0x402e858	0x402e858	0x402e990	0x402e990	312	312	2	2	0	x86-pmap_krmt	0	
m68k-097	x86	x86-rpc_callmsg	plan 415 name match (contiguous)	0x402e990	0x402e990	0x402ec64	0x402ec64	724	724	1	1	0	x86-rpc_callmsg	0	
m68k-098	x86	x86-rpc_prot	plan 415 name match (contiguous)	0x402ec64	0x402ec64	0x402f1ba	0x402f1ba	1366	1366	7	9	2	x86-rpc_prot	1	
m68k-099	x86	x86-subr_kudp	plan 415 name match (contiguous)	0x402f1ba	0x402f1ba	0x402f378	0x402f378	446	446	2	2	0	x86-subr_kudp	1	
m68k-100	x86	x86-svc	plan 415 name match (contiguous)	0x402f378	0x402f378	0x402f7a0	0x402f7a0	1064	1064	12	13	1	x86-svc	0	
m68k-101	x86	x86-svc_auth	plan 415 name match (contiguous)	0x402f7a0	0x402f7a0	0x402f804	0x402f804	100	100	2	2	0	x86-svc_auth	1	
m68k-102	x86	x86-svc_auth_unix	plan 415 name match (contiguous)	0x402f804	0x402f804	0x402f94a	0x402f94a	326	326	2	2	0	x86-svc_auth_unix	0	
m68k-103	x86	x86-svc_kudp	plan 415 name match (contiguous)	0x402f94a	0x402f94a	0x402fdd6	0x402fdd6	1164	1164	9	11	2	x86-svc_kudp	1	
m68k-104	x86	x86-xdr	plan 415 name match (contiguous)	0x402fdd6	0x402fdd6	0x403032a	0x403032a	1364	1364	15	15	0	x86-xdr	1	
m68k-105	x86	x86-xdr_array	plan 415 name match (contiguous)	0x403032a	0x403032a	0x40303fc	0x40303fc	210	210	1	1	0	x86-xdr_array	0	
m68k-106	x86	x86-xdr_mbuf	plan 415 name match (contiguous)	0x40303fc	0x40303fc	0x4030796	0x4030796	922	922	11	11	0	x86-xdr_mbuf	1	
m68k-107	x86	x86-xdr_mem	plan 415 name match (contiguous)	0x4030796	0x4030796	0x403091e	0x403091e	392	392	1	9	8	x86-xdr_mem	1	
m68k-108	x86	x86-xdr_reference	plan 415 name match (contiguous)	0x403091e	0x403091e	0x4030994	0x4030994	118	118	1	1	0	x86-xdr_reference	0	
m68k-109	x86	x86-bootparam_xdr	plan 415 name match (contiguous)	0x4030994	0x4030994	0x4030b9e	0x4030b9e	522	522	9	9	0	x86-bootparam_xdr	1	
m68k-110	x86	x86-mountxdr	plan 415 name match (contiguous)	0x4030b9e	0x4030b9e	0x4030be4	0x4030be4	70	70	1	1	0	x86-mountxdr	0	
m68k-111	x86	x86-fifo_vnodeops	plan 415 name match (contiguous)	0x4030be4	0x4030be4	0x403164a	0x403164a	2662	2662	1	13	12	x86-fifo_vnodeops	1	
m68k-112	x86	x86-spec_subr	plan 415 name match (contiguous)	0x403164a	0x403164a	0x4031bd6	0x4031bd6	1420	1420	10	12	2	x86-spec_subr	0	
m68k-113	x86	x86-spec_vfsops	plan 415 name match (contiguous)	0x4031bd6	0x4031bd6	0x4031c6a	0x4031c6a	148	148	1	3	2	x86-spec_vfsops	1	
m68k-114	x86	x86-spec_vnodeops	plan 415 name match (contiguous)	0x4031c6a	0x4031c6a	0x40326ac	0x40326ac	2626	2626	7	19	12	x86-spec_vnodeops	1	
m68k-115	x86	x86-swapfs	plan 415 name match (contiguous)	0x40326ac	0x40326ac	0x40335f0	0x40335f0	3908	3908	3	29	26	x86-swapfs	1	
m68k-116	x86	x86-ufs_alloc	plan 415 name match (contiguous)	0x40335f0	0x40335f0	0x4034ff4	0x4034ff4	6660	6660	17	17	0	x86-ufs_alloc	0	
m68k-117	x86	x86-ufs_bmap	plan 415 name match (contiguous)	0x4034ff4	0x4034ff4	0x40354be	0x40354be	1226	1226	1	1	0	x86-ufs_bmap	0	
m68k-118	x86	x86-ufs_dir	plan 415 name match (contiguous)	0x40354be	0x40354be	0x4036d3e	0x4036d3e	6272	6272	5	16	11	x86-ufs_dir	1	
m68k-119	x86	x86-ufs_dsort	plan 415 name match (contiguous)	0x4036d3e	0x4036d3e	0x40373e4	0x40373e4	1702	1702	7	13	6	x86-ufs_dsort	0	
m68k-120	x86	x86-ufs_inode	plan 415 name match (contiguous)	0x40373e4	0x40373e4	0x40385e4	0x40385e4	4608	4608	15	15	0	x86-ufs_inode	1	
m68k-121	x86	x86-ufs_lockf	plan 415 name match (contiguous)	0x40385e4	0x40385e4	0x4038e5a	0x4038e5a	2166	2166	1	13	12	x86-ufs_lockf	0	
m68k-122	x86	x86-ufs_subr	plan 415 name match (contiguous)	0x4038e5a	0x4038e5a	0x4039568	0x4039568	1806	1806	12	12	0	x86-ufs_subr	1	
m68k-123	x86	x86-ufs_vfsops	plan 415 name match (contiguous)	0x4039568	0x4039568	0x403a04c	0x403a056	2788	2798	1	11	10	x86-ufs_vfsops	1	
m68k-124	x86	x86-ufs_vnodeops	plan 415 name match (contiguous)	0x403a04c	0x403a056	0x403bff6	0x403bff6	8096	8106	2	36	34	x86-ufs_vnodeops	1	
m68k-125	x86	x86-ipc_entry	plan 415 name match (contiguous)	0x403bff6	0x403bff6	0x403c7e4	0x403c7e4	2030	2030	7	7	0	x86-ipc_entry	0	
m68k-126	x86	x86-ipc_hash	plan 415 name match (contiguous)	0x403c7e4	0x403c7e4	0x403cc0c	0x403cc0c	1064	1064	11	11	0	x86-ipc_hash	0	
m68k-127	x86	x86-ipc_init	plan 415 name match (contiguous)	0x403cc0c	0x403cc0c	0x403cda2	0x403cda2	406	406	2	2	0	x86-ipc_init	1	
m68k-128	x86	x86-ipc_kmsg	plan 415 name match (contiguous)	0x403cda2	0x403cda2	0x403ee7c	0x403ee7c	8410	8410	25	25	0	x86-ipc_kmsg	0	
m68k-129	x86	x86-ipc_marequest	plan 415 name match (contiguous)	0x403ee7c	0x403ee7c	0x403f286	0x403f286	1034	1034	6	6	0	x86-ipc_marequest	1	
m68k-130	x86	x86-ipc_mqueue	plan 415 name match (contiguous)	0x403f286	0x403f286	0x403f8e6	0x403f8e6	1632	1632	7	7	0	x86-ipc_mqueue	0	
m68k-131	x86	x86-ipc_notify	plan 415 name match (contiguous)	0x403f8e6	0x403f8e6	0x4040158	0x4040158	2162	2162	16	16	0	x86-ipc_notify	0	
m68k-132	x86	x86-ipc_object	plan 415 name match (contiguous)	0x4040158	0x4040158	0x4040b40	0x4040b40	2536	2536	20	20	0	x86-ipc_object	0	
m68k-133	x86	x86-ipc_port	plan 415 name match (contiguous)	0x4040b40	0x4040b40	0x40415c0	0x40415c0	2688	2688	29	29	0	x86-ipc_port	0	
m68k-134	x86	x86-ipc_pset	plan 415 name match (contiguous)	0x40415c0	0x40415c0	0x40417d8	0x40417d8	536	536	6	6	0	x86-ipc_pset	0	
m68k-135	x86	x86-ipc_right	plan 415 name match (contiguous)	0x40417d8	0x40417d8	0x4042ea4	0x4042ea4	5836	5836	19	19	0	x86-ipc_right	0	
m68k-136	x86	x86-ipc_space	plan 415 name match (contiguous)	0x4042ea4	0x4042ea4	0x404310c	0x404310c	616	616	5	5	0	x86-ipc_space	0	
m68k-137	x86	x86-ipc_splay	plan 415 name match (contiguous)	0x404310c	0x404310c	0x4043964	0x4043964	2136	2136	11	13	2	x86-ipc_splay	0	
m68k-138	x86	x86-ipc_table	plan 415 name match (contiguous)	0x4043964	0x4043964	0x4043b1a	0x4043b1a	438	438	5	5	0	x86-ipc_table	1	
m68k-139	x86	x86-ipc_thread	plan 415 name match (contiguous)	0x4043b1a	0x4043b1a	0x4043bd2	0x4043bd2	184	184	3	3	0	x86-ipc_thread	0	
m68k-140	x86	x86-mach_debug	plan 415 name match (contiguous)	0x4043bd2	0x4043bd2	0x404437e	0x404437e	1964	1964	6	6	0	x86-mach_debug	0	
m68k-141	x86	x86-mach_msg	plan 415 name match (contiguous)	0x404437e	0x404437e	0x4045ee4	0x4045ee4	7014	7014	12	12	0	x86-mach_msg	0	
m68k-142	x86	x86-mach_port	plan 415 name match (contiguous)	0x4045ee4	0x4045ee4	0x40473ca	0x40473ca	5350	5350	40	40	0	x86-mach_port	0	
m68k-143	x86	x86-ast	plan 415 name match (contiguous)	0x40473ca	0x40473ca	0x40475aa	0x40475aa	480	480	2	2	0	x86-ast	0	
m68k-144	x86	x86-exception	plan 415 name match (contiguous)	0x40475aa	0x40475aa	0x4047f76	0x4047f76	2508	2508	10	10	0	x86-exception	1	
m68k-145	x86	x86-host	plan 415 name match (contiguous)	0x4047f76	0x4047f76	0x40481fa	0x40481fa	644	644	5	5	0	x86-host	0	
m68k-146	x86	x86-ipc_host	plan 415 name match (contiguous)	0x40481fa	0x40481fa	0x404863e	0x404863e	1092	1092	19	19	0	x86-ipc_host	0	
m68k-147	x86	x86-ipc_kobject	plan 415 name match (contiguous)	0x404863e	0x404863e	0x40488c6	0x40488c6	648	648	4	4	0	x86-ipc_kobject	1	
m68k-148	x86	x86-ipc_mig	plan 415 name match (contiguous)	0x40488c6	0x40488c6	0x40491f0	0x40491f0	2346	2346	10	10	0	x86-ipc_mig	0	
m68k-149	x86	x86-ipc_sched	plan 415 name match (contiguous)	0x40491f0	0x40491f0	0x404952e	0x404952e	830	830	5	5	0	x86-ipc_sched	0	
m68k-150	x86	x86-ipc_tt	plan 415 name match (contiguous)	0x404952e	0x404952e	0x4049ea4	0x4049ea4	2422	2422	32	32	0	x86-ipc_tt	0	
m68k-151	x86	x86-ipc_xxx	plan 415 name match (contiguous)	0x4049ea4	0x4049ea4	0x404a11a	0x404a11a	630	630	11	11	0	x86-ipc_xxx	1	
m68k-152	x86	x86-kalloc	plan 415 name match (contiguous)	0x404a11a	0x404a11a	0x404a416	0x404a416	764	764	10	10	0	x86-kalloc	1	
m68k-153	x86	x86-kernel_stack	plan 415 name match (contiguous)	0x404a416	0x404a416	0x404ab32	0x404ab32	1820	1820	13	15	2	x86-kernel_stack	1	
m68k-154	x86	x86-lock	plan 415 name match (contiguous)	0x404ab32	0x404ab32	0x404afe2	0x404afe2	1200	1200	16	16	0	x86-lock	1	
m68k-155	x86	x86-mach_clock	plan 415 name match (contiguous)	0x404afe2	0x404afe2	0x404b3a6	0x404b3a6	964	964	9	10	1	x86-mach_clock	1	
m68k-156	x86	x86-mach_factor	plan 415 name match (contiguous)	0x404b3a6	0x404b3a6	0x404b526	0x404b526	384	384	1	1	0	x86-mach_factor	1	
m68k-157	x86	x86-mach_header	plan 415 name match (contiguous)	0x404b526	0x404b526	0x404b970	0x404b970	1098	1098	14	16	2	x86-mach_header	1	
m68k-158	x86	x86-mach_init	plan 415 name match (contiguous)	0x404b970	0x404b970	0x404ba90	0x404ba90	288	288	1	1	0	x86-mach_init	0	
m68k-159	x86	x86-mach_fat	plan 415 name match (contiguous)	0x404ba90	0x404ba90	0x404bb96	0x404bb96	262	262	1	1	0	x86-mach_fat	0	
m68k-160	x86	x86-mach_loader	plan 415 name match (contiguous)	0x404bb96	0x404bb96	0x404c758	0x404c758	3010	3010	1	12	11	x86-mach_loader	0	
m68k-161	x86	x86-mach_net	plan 415 name match (contiguous)	0x404c758	0x404c758	0x404cdfc	0x404cdfc	1700	1700	7	8	1	x86-mach_net	1	
m68k-162	x86	x86-machine	plan 415 name match (contiguous)	0x404cdfc	0x404cdfc	0x404cf06	0x404cf06	266	266	6	6	0	x86-machine	0	
m68k-163	x86	x86-mfs_prim	plan 415 name match (contiguous)	0x404cf06	0x404cf06	0x404e00e	0x404e00e	4360	4360	32	32	0	x86-mfs_prim	1	
m68k-164	x86	x86-miniMon	plan 415 name match (contiguous)	0x404e00e	0x404e00e	0x404e3a8	0x404e3a8	922	922	3	10	7	x86-miniMon	1	
m68k-165	unassigned	unassigned (run 172)	none	0x404e3a8	0x404e3a8	0x404e420	0x404e420	120	120	2	2	0		0	
m68k-166	x86	x86-ns_timer	plan 415 name match (contiguous)	0x404e420	0x404e420	0x404eaae	0x404eaae	1678	1678	17	18	1	x86-ns_timer	1	
m68k-167	x86	x86-power	plan 415 name match (contiguous)	0x404eaae	0x404eaae	0x404ecb6	0x404ecb6	520	520	7	8	1	x86-power	1	
m68k-168	x86	x86-priority	plan 415 name match (contiguous)	0x404ecb6	0x404ecb6	0x404eea6	0x404eea6	496	496	1	1	0	x86-priority	0	
m68k-169	x86	x86-processor	plan 415 name match (contiguous)	0x404eea6	0x404eea6	0x404f77a	0x404f77a	2260	2260	27	27	0	x86-processor	0	
m68k-170	x86	x86-queue	plan 415 name match (contiguous)	0x404f77a	0x404f77a	0x404f872	0x404f872	248	248	7	7	0	x86-queue	0	
m68k-171	x86	x86-kdp	plan 415 name match (contiguous)	0x404f872	0x404f872	0x404fd9a	0x404fd9a	1320	1320	1	13	12	x86-kdp	1	
m68k-172	x86	x86-kdp_udp	plan 415 name match (contiguous)	0x404fd9a	0x404fd9a	0x4050658	0x4050658	2238	2238	2	8	6	x86-kdp_udp	1	
m68k-173	x86	x86-sched_prim	plan 415 name match (contiguous)	0x4050658	0x4050658	0x40518c6	0x40518c6	4718	4718	35	35	0	x86-sched_prim	1	
m68k-174	x86	x86-syscall_subr	plan 415 name match (contiguous)	0x40518c6	0x40518c6	0x4051db2	0x4051db2	1260	1260	10	10	0	x86-syscall_subr	0	
m68k-175	x86	x86-syscall_sw	plan 415 name match (contiguous)	0x4051db2	0x4051db2	0x4051dc6	0x4051dc6	20	20	2	2	0	x86-syscall_sw	1	
m68k-176	x86	x86-task	plan 415 name match (contiguous)	0x4051dc6	0x4051dc6	0x40527a0	0x40527a0	2522	2522	21	21	0	x86-task	1	
m68k-177	x86	x86-thread	plan 415 name match (contiguous)	0x40527a0	0x40527a0	0x4053d98	0x4053d98	5624	5624	42	42	0	x86-thread	1	
m68k-178	x86	x86-thread_swap	plan 415 name match (contiguous)	0x4053d98	0x4053d98	0x4053ef8	0x4053ef8	352	352	5	5	0	x86-thread_swap	0	
m68k-179	x86	x86-callout	plan 415 name match (contiguous)	0x4053ef8	0x4053ef8	0x4054aaa	0x4054aaa	2994	2994	14	23	9	x86-callout	1	
m68k-180	x86	x86-time_stamp	plan 415 name match (contiguous)	0x4054aaa	0x4054aaa	0x4054b72	0x4054b72	200	200	1	1	0	x86-time_stamp	0	
m68k-181	x86	x86-timer	plan 415 name match (contiguous)	0x4054b72	0x4054b72	0x4054d62	0x4054d62	496	496	6	6	0	x86-timer	0	
m68k-182	x86	x86-zalloc	plan 415 name match (contiguous)	0x4054d62	0x4054d62	0x4056360	0x4056360	5630	5630	19	26	7	x86-zalloc	1	
m68k-183	x86	x86-kern_server	plan 415 name match (contiguous)	0x4056360	0x4056360	0x405723c	0x405723c	3804	3804	23	29	6	x86-kern_server	1	
m68k-184	x86	x86-kern_notify	plan 415 name match (contiguous)	0x405723c	0x405723c	0x40576ce	0x4057d74	1170	2872	4	7	3	x86-kern_notify	1	
m68k-185	x86	x86-kern_server_handler	plan 415 name match (contiguous)	0x40576ce	0x4057d74	0x4057e20	0x4057e20	172	1874	1	1	0	x86-kern_server_handler	0	
m68k-186	x86	x86-kern_server_reply_user	plan 415 name match (contiguous)	0x4057e20	0x4057e20	0x4058090	0x405813c	624	796	3	3	0	x86-kern_server_reply_user	0	
m68k-187	x86	x86-exc_server	plan 415 name match (contiguous)	0x4058090	0x405813c	0x40581a8	0x40581a8	108	280	1	1	0	x86-exc_server	0	
m68k-188	x86	x86-mach_host_server	plan 415 name match (contiguous)	0x40581a8	0x40581a8	0x4059222	0x4059222	4218	4218	2	36	34	x86-mach_host_server	1	
m68k-189	x86	x86-mach_port_server	plan 415 name match (contiguous)	0x4059222	0x4059222	0x4059c94	0x4059c94	2674	2674	2	21	19	x86-mach_port_server	1	
m68k-190	x86	x86-mach_server	plan 415 name match (contiguous)	0x4059c94	0x4059c94	0x405b7d2	0x405b7d2	6974	6974	2	57	55	x86-mach_server	1	
m68k-191	x86	x86-mach_debug_server	plan 415 name match (contiguous)	0x405b7d2	0x405b7d2	0x405c12e	0x405c12e	2396	2396	2	11	9	x86-mach_debug_server	1	
m68k-192	x86	x86-ux_exception	plan 415 name match (contiguous)	0x405c12e	0x405c12e	0x405c43c	0x405c43c	782	782	2	4	2	x86-ux_exception	0	
m68k-193	x86	x86-vm_fault	plan 415 name match (contiguous)	0x405c43c	0x405c43c	0x405d3d4	0x405d3d4	3992	3992	5	5	0	x86-vm_fault	0	
m68k-194	x86	x86-vm_init	plan 415 name match (contiguous)	0x405d3d4	0x405d3d4	0x405d448	0x405d448	116	116	1	1	0	x86-vm_init	0	
m68k-195	x86	x86-vm_kern	plan 415 name match (contiguous)	0x405d448	0x405d448	0x405dd16	0x405dd16	2254	2254	13	15	2	x86-vm_kern	0	
m68k-196	x86	x86-vm_map	plan 415 name match (contiguous)	0x405dd16	0x405dd16	0x405f73c	0x405f73c	6694	6694	29	29	0	x86-vm_map	0	
m68k-197	x86	x86-vm_mem_region	plan 415 name match (contiguous)	0x405f73c	0x405f73c	0x405f8de	0x405f8de	418	418	5	5	0	x86-vm_mem_region	0	
m68k-198	x86	x86-vm_object	plan 415 name match (contiguous)	0x405f8de	0x405f8de	0x4060422	0x4060422	2884	2884	25	25	0	x86-vm_object	1	
m68k-199	x86	x86-vm_pageout	plan 415 name match (contiguous)	0x4060422	0x4060422	0x406087c	0x406087c	1114	1114	2	2	0	x86-vm_pageout	1	
m68k-200	x86	x86-vm_pager	plan 415 name match (contiguous)	0x406087c	0x406087c	0x4060982	0x4060982	262	262	6	6	0	x86-vm_pager	0	
m68k-201	x86	x86-vm_policy	plan 415 name match (contiguous)	0x4060982	0x4060982	0x4060d52	0x4060d52	976	976	4	8	4	x86-vm_policy	0	
m68k-202	x86	x86-vm_resident	plan 415 name match (contiguous)	0x4060d52	0x4060d52	0x406188c	0x406188c	2874	2874	17	17	0	x86-vm_resident	1	
m68k-203	x86	x86-vm_synchronize	plan 415 name match (contiguous)	0x406188c	0x406188c	0x4061b0e	0x4061b0e	642	642	1	4	3	x86-vm_synchronize	0	
m68k-204	file	vm/vm_unix.c	file	0x4061b0e	0x4061b0e	0x40622a4	0x40622a4	1942	1942	22	22	0	x86-fault_copy,x86-vm_unix	0	
m68k-205	unassigned	unassigned (run 214)	none	0x40622a4	0x40622a4	0x406232c	0x406232c	136	136	2	2	0	x86-vm_unix	0	
m68k-206	x86	x86-vm_user	plan 415 name match (contiguous)	0x406232c	0x406232c	0x4062790	0x4062790	1124	1124	11	11	0	x86-vm_user	0	
m68k-207	x86	x86-vnode_pager	plan 415 name match (contiguous)	0x4062790	0x4062790	0x406386e	0x406386e	4318	4318	19	23	4	x86-vnode_pager	1	
m68k-208	x86	x86-vol	plan 415 name match (contiguous)	0x406386e	0x406386e	0x4064216	0x4064216	2472	2472	10	14	4	x86-vol	1	
m68k-209	unassigned	unassigned (run 218)	none	0x4064216	0x4064216	0x4065bbc	0x4065bbc	6566	6566	18	21	3		0	
m68k-210	file	next/autoconf.c	file	0x4065bbc	0x4065bbc	0x406632c	0x406632c	1904	1904	10	11	1		0	
m68k-211	file	nextdev/bus.c	file	0x406632c	0x406632c	0x4066410	0x4066410	228	228	2	2	0		0	
m68k-212	unassigned	unassigned (run 218)	none	0x4066410	0x4066410	0x40678ce	0x40678ce	5310	5310	12	13	1		0	
m68k-213	file	nextdev/ev.c	file	0x40678ce	0x40678ce	0x4068710	0x4068710	3650	3650	11	13	2		0	
m68k-214	file	nextdev/ev_ioctl.c	file	0x4068710	0x4068710	0x4068894	0x4068fa2	388	2194	2	1	0		0	
m68k-215	file	nextdev/ev_kbd.c	file	0x4068894	0x4068fa2	0x4069eb8	0x4069eb8	3862	5668	21	23	2		0	
m68k-216	unassigned	unassigned (run 218)	none	0x4069eb8	0x4069eb8	0x406a0d0	0x406a0d0	536	536	1	1	0		0	
m68k-217	file	nextdev/ev_mouse.c	file	0x406a0d0	0x406a0d0	0x406a86a	0x406a86a	1946	1946	13	13	0		0	
m68k-218	unassigned	unassigned (run 218)	none	0x406a86a	0x406a86a	0x406a992	0x406aa70	296	518	2	1	0		0	
m68k-219	file	nextdev/fd_cmds.c	file	0x406a992	0x406aa70	0x406b546	0x406b546	2774	2996	8	11	3		0	
m68k-220	file	nextdev/fd_driver.c	file	0x406b546	0x406b546	0x406c55c	0x406c55c	4118	4118	11	12	1		0	
m68k-221	file	nextdev/fd_io.c	file	0x406c55c	0x406c55c	0x406d6b6	0x406d6b6	4442	4442	15	22	7		0	
m68k-222	file	nextdev/fd_subr.c	file	0x406d6b6	0x406d6b6	0x406f0fe	0x406f0fe	6728	6728	29	42	13		0	
m68k-223	file	nextdev/km.c	file	0x406f0fe	0x406f0fe	0x407050a	0x407050a	5132	5132	19	19	0	x86-km	0	
m68k-224	unassigned	unassigned (run 227)	none	0x407050a	0x407050a	0x407057c	0x407057c	114	114	1	1	0	x86-km	0	
m68k-225	x86	x86-kmDevice	plan 415 name match (contiguous)	0x407057c	0x407057c	0x40705d8	0x40705d8	92	92	1	1	0	x86-kmDevice	1	
m68k-226	file	nextdev/km.c	file	0x40705d8	0x40705d8	0x4072264	0x4072264	7308	7308	21	23	2	x86-km	0	
m68k-227	file	next/mem.c	file	0x4072264	0x4072264	0x4072282	0x4072282	30	30	1	1	0		0	
m68k-228	x86	x86-mem	plan 415 name match (contiguous)	0x4072282	0x4072282	0x4072440	0x4072440	446	446	3	3	0	x86-mem	0	
m68k-229	file	next/mem.c	file	0x4072440	0x4072440	0x407247e	0x407247e	62	62	1	1	0		0	
m68k-230	file	nextdev/monitor.s	file+asm prologue	0x407247e	0x407247e	0x40725e2	0x40725e2	356	356	7	8	1		0	
m68k-231	unassigned	unassigned (run 233)	none	0x40725e2	0x40725e2	0x4072672	0x4072672	144	144	1	1	0		0	
m68k-232	file	nextdev/nbic.c	file	0x4072672	0x4072672	0x40726d0	0x40726d0	94	94	1	1	0		0	
m68k-233	file	nextdev/np.c	file	0x40726d0	0x40726d0	0x4074a6c	0x4074a6c	9116	9116	36	37	1		0	
m68k-234	file	nextdev/od.c	file	0x4074a6c	0x4074a6c	0x407aa4c	0x407aa4c	24544	24544	56	57	1		0	
m68k-235	unassigned	unassigned (run 233)	none	0x407aa4c	0x407aa4c	0x407aad2	0x407bb06	134	4282	3	3	1		0	
m68k-236	file	nextdev/sc.c	file	0x407aad2	0x407bb06	0x407bb06	0x407bd9c	0	4810	1	0	0		0	
m68k-237	file	nextdev/scsi.c	file	0x407bb06	0x407bd9c	0x407c574	0x407ce8c	2008	4998	13	15	2		0	
m68k-238	x86	x86-SCSIDiskKern	plan 415 name match (contiguous)	0x407c574	0x407ce8c	0x407e348	0x407e5de	5308	8298	7	12	5	x86-SCSIDiskKern	0	
m68k-239	file	nextdev/sd.c	file	0x407e348	0x407e5de	0x407e5de	0x407f3c4	0	4220	1	0	0		0	
m68k-240	file	nextdev/sf_access.c	file	0x407e5de	0x407f3c4	0x407f612	0x407f70e	590	4400	3	3	0		0	
m68k-241	x86	x86-SCSIGenericKern	plan 415 name match (contiguous)	0x407f612	0x407f70e	0x407ff14	0x407ff14	2054	2306	3	8	5	x86-SCSIGenericKern	0	
m68k-242	file	nextdev/snd_device.c	file	0x407ff14	0x407ff14	0x4080556	0x4080556	1602	1602	13	15	2		0	
m68k-243	file	nextdev/snd_dspcmd.c	file	0x4080556	0x4080556	0x4080d58	0x408103e	2050	2792	4	8	5		0	
m68k-244	file	nextdev/snd_dspdev.c	file	0x4080d58	0x408103e	0x4081b04	0x4082764	2758	6668	6	7	2		0	
m68k-245	file	nextdev/snd_dspqueue.c	file	0x4081b04	0x4082764	0x4083ef2	0x40842fe	6030	10234	15	20	6		0	
m68k-246	file	nextdev/snd_link.c	file	0x4083ef2	0x40842fe	0x408503e	0x408503e	3392	4428	6	9	3		0	
m68k-247	file	nextdev/snd_rcv.c	file	0x408503e	0x408503e	0x4085056	0x4085056	24	24	1	1	0		0	
m68k-248	file	nextdev/snd_reply.c	file	0x4085056	0x4085056	0x4085920	0x4085920	2250	2250	20	21	1		0	
m68k-249	unassigned	unassigned (run 237)	none	0x4085920	0x4085920	0x4085920	0x40859d6	0	182	1	0	0		0	
m68k-250	file	nextdev/snd_server.c	file	0x4085920	0x40859d6	0x40859d6	0x4085cc0	0	928	1	0	0		0	
m68k-251	unassigned	unassigned (run 237)	none	0x40859d6	0x4085cc0	0x4085cc0	0x4087272	0	6300	1	0	0		0	
m68k-252	file	nextdev/snd_stream.c	file	0x4085cc0	0x4087272	0x408769c	0x408833a	1066	9850	9	8	0		0	
m68k-253	file	nextdev/snd_unix.c	file	0x408769c	0x408833a	0x408833a	0x4088614	0	3960	1	0	0		0	
m68k-254	file	nextdev/st.c	file	0x408833a	0x4088614	0x40890f8	0x4089786	2788	5196	5	15	11		0	
m68k-255	file	nextdev/video.c	file	0x40890f8	0x4089786	0x4089ce8	0x408b300	1378	8712	12	12	1		0	
m68k-256	file	nextdev/zs.c	file	0x4089ce8	0x408b300	0x408d686	0x408d686	9094	14750	10	32	22		0	
m68k-257	unassigned	unassigned (run 237)	none	0x408d686	0x408d686	0x408d706	0x408d706	128	128	1	1	0		0	
m68k-258	file	nextdev/zscom.c	file	0x408d706	0x408d706	0x408d8d0	0x408da60	458	858	5	4	0		0	
m68k-259	file	nextif/if_bus.c	file	0x408d8d0	0x408da60	0x408db66	0x408dc68	262	920	5	4	0		0	
m68k-260	file	nextif/if_en.c	file	0x408db66	0x408dc68	0x408fd9e	0x408fd9e	8502	8760	23	23	0		0	
m68k-261	file	nextif/in_bootp.c	file	0x408fd9e	0x408fd9e	0x408ffb0	0x408ffb0	530	530	2	2	0		0	
m68k-262	bracket	x86-in_bootp	bracket	0x408ffb0	0x408ffb0	0x4090c8a	0x4090c8a	3290	3290	12	13	1	x86-in_bootp	0	
m68k-263	x86	x86-APM_i386	plan 415 name match (contiguous)	0x4090c8a	0x4090c8a	0x4090d00	0x4090d00	118	118	9	9	0	x86-APM_i386	0	
m68k-264	unassigned	unassigned (run 242)	none	0x4090d00	0x4090d00	0x4091080	0x4091080	896	896	2	3	1		0	
m68k-265	x86	x86-checksum_16	plan 415 name match (contiguous)	0x4091080	0x4091080	0x40910d6	0x40910d6	86	86	1	1	0	x86-checksum_16	0	
m68k-266	file	next/clock.c	file	0x40910d6	0x40910d6	0x4091e18	0x4091e18	3394	3394	22	22	0		0	
m68k-267	bracket	x86-machine_clock	bracket	0x4091e18	0x4091e18	0x40922cc	0x40922cc	1204	1204	11	12	1	x86-machine_clock	0	
m68k-268	unassigned	unassigned (run 250)	none	0x40922cc	0x40922cc	0x409237a	0x409237a	174	174	2	2	0		0	
m68k-269	file	next/us_timer.c	file	0x409237a	0x409237a	0x4092436	0x4092436	188	188	1	1	0		0	
m68k-270	x86	x86-cons	plan 415 name match (contiguous)	0x4092436	0x4092436	0x4092778	0x4092778	834	834	7	7	0	x86-cons	0	
m68k-271	x86	x86-dkbad	plan 415 name match (contiguous)	0x4092778	0x4092778	0x40927d4	0x40927d4	92	92	1	1	0	x86-dkbad	0	
m68k-272	x86	x86-in_cksum	plan 415 name match (contiguous)	0x40927d4	0x40927d4	0x40928a8	0x40928a8	212	212	1	1	0	x86-in_cksum	0	
m68k-273	unassigned	unassigned (run 254)	none	0x40928a8	0x40928a8	0x409295e	0x409295e	182	182	1	1	0		0	
m68k-274	x86	x86-kdp_machdep	plan 415 name match (contiguous)	0x409295e	0x409295e	0x40929c6	0x40929c6	104	104	13	13	0	x86-kdp_machdep	0	
m68k-275	x86	x86-kern_machdep	plan 415 name match (contiguous)	0x40929c6	0x40929c6	0x4092a1a	0x4092a1a	84	84	2	2	0	x86-kern_machdep	0	
m68k-276	unassigned	unassigned (run 257)	none	0x4092a1a	0x4092a1a	0x4092c50	0x4092c50	566	566	5	5	0		0	
m68k-277	file	next/libc.s	file+asm prologue	0x4092c50	0x4092c50	0x4092c60	0x4092c60	16	16	1	1	0		0	
m68k-278	x86	x86-memcmp	plan 415 name match (contiguous)	0x4092c60	0x4092c60	0x4092d1a	0x4092d1a	186	186	1	1	0	x86-memcmp	0	
m68k-279	file	next/libc.s	file+asm prologue	0x4092d1a	0x4092d1a	0x4092d2c	0x4092d2c	18	18	1	1	0	x86-memmove	0	
m68k-280	x86	x86-memcpy	plan 415 name match (contiguous)	0x4092d2c	0x4092d2c	0x4092df6	0x4092df6	202	202	1	1	0	x86-memcpy	0	
m68k-281	file	next/libc.s	file+asm prologue	0x4092df6	0x4092df6	0x4092e76	0x4092e76	128	128	2	2	0	x86-memset	0	
m68k-282	x86	x86-ffs	plan 415 name match (contiguous)	0x4092e76	0x4092e76	0x4092e76	0x4092faa	0	308	1	0	0	x86-ffs	0	
m68k-283	file	next/libc.s	file	0x4092e76	0x4092faa	0x4092faa	0x4093006	0	400	1	0	0		0	
m68k-284	x86	x86-index	plan 415 name match (contiguous)	0x4092faa	0x4093006	0x4093036	0x4093036	48	140	1	1	0	x86-index	0	
m68k-285	x86	x86-strncpy	plan 415 name match (contiguous)	0x4093036	0x4093036	0x409305c	0x409305c	38	38	1	1	0	x86-strncpy	0	
m68k-286	x86	x86-strcat	plan 415 name match (contiguous)	0x409305c	0x409305c	0x4093078	0x4093078	28	28	1	1	0	x86-strcat	0	
m68k-287	x86	x86-strcmp	plan 415 name match (contiguous)	0x4093078	0x4093078	0x40930a0	0x40930a0	40	40	1	1	0	x86-strcmp	0	
m68k-288	x86	x86-strcpy	plan 415 name match (contiguous)	0x40930a0	0x40930a0	0x40930b6	0x40930b6	22	22	1	1	0	x86-strcpy	0	
m68k-289	x86	x86-strncmp	plan 415 name match (contiguous)	0x40930b6	0x40930b6	0x40930e6	0x40930e6	48	48	1	1	0	x86-strncmp	0	
m68k-290	x86	x86-strlen	plan 415 name match (contiguous)	0x40930e6	0x40930e6	0x40930fa	0x40930fa	20	20	1	1	0	x86-strlen	0	
m68k-291	unassigned	unassigned (run 272)	none	0x40930fa	0x40930fa	0x4093192	0x4093192	152	152	2	2	0		0	
m68k-292	x86	x86-i386_init	plan 415 name match (contiguous)	0x4093192	0x4093192	0x40935f8	0x40935f8	1126	1126	4	4	0	x86-i386_init	1	
m68k-293	file	next/machargs.c	file	0x40935f8	0x40935f8	0x40936a4	0x40936a4	172	172	1	1	0		0	
m68k-294	file	next/machdep.c	file	0x40936a4	0x40936a4	0x4093762	0x40937ac	190	264	2	1	0		0	
m68k-295	file	kern/thread.c	file	0x4093762	0x40937ac	0x40937c8	0x40937c8	28	102	1	1	0		0	
m68k-296	unassigned	unassigned (run 275)	none	0x40937c8	0x40937c8	0x40937e6	0x40937e6	30	30	1	1	0	x86-machdep	0	
m68k-297	file	next/machdep.c	file	0x40937e6	0x40937e6	0x4094202	0x4094202	2588	2588	9	9	0	x86-machdep	0	
m68k-298	x86	x86-unix_startup	plan 415 name match (contiguous)	0x4094202	0x4094202	0x4094758	0x4094758	1366	1366	2	2	0	x86-unix_startup	1	
m68k-299	file	next/machdep.c	file	0x4094758	0x4094758	0x4094a7c	0x4094a7c	804	804	7	7	0	x86-machdep,x86-unix_signal	0	
m68k-300	x86	x86-miniMonMachdep	plan 415 name match (contiguous)	0x4094a7c	0x4094a7c	0x4094ab2	0x4094ab2	54	54	6	6	0	x86-miniMonMachdep	1	
m68k-301	unassigned	unassigned (run 286)	none	0x4094ab2	0x4094ab2	0x4094afe	0x4094afe	76	76	1	1	0	x86-unix_signal	0	
m68k-302	unassigned	unassigned (run 287)	none	0x4094afe	0x4094afe	0x40951ec	0x40951ec	1774	1774	1	1	0		2	plan 419 suspect data owner (unmapped#287)
m68k-303	file	next/next_table.c	file	0x40951ec	0x40951ec	0x4095460	0x4095460	628	628	2	2	0	x86-machdep	0	
m68k-304	unassigned	unassigned (run 289)	none	0x4095460	0x4095460	0x40954b2	0x40954b2	82	82	1	1	0		0	
m68k-305	file	next/nextdbg.c	file	0x40954b2	0x40954b2	0x4096386	0x40964f2	3796	4160	11	12	2		0	
m68k-306	unassigned	unassigned (run 289)	none	0x4096386	0x40964f2	0x4096736	0x4096736	580	944	3	3	0		0	
m68k-307	file	next/nextdbgasm.s	file	0x4096736	0x4096736	0x40967be	0x40967be	136	136	4	4	0		0	
m68k-308	unassigned	unassigned (run 290)	none	0x40967be	0x40967be	0x4096924	0x4096924	358	358	5	5	0	x86-pcb	0	
m68k-309	file	next/pcb.c	file	0x4096924	0x4096924	0x4096e20	0x4096e20	1276	1276	13	13	0	x86-pcb	0	
m68k-310	file	next/pmap.c	file	0x4096e20	0x4096e20	0x4097446	0x4097446	1574	1574	5	8	3		0	
m68k-311	bracket	x86-pmap	bracket+static bridge	0x4097446	0x4097446	0x4098fa0	0x4098fa0	7002	7002	38	38	0	x86-pmap	0	
m68k-312	file	next/pmap.c	file	0x4098fa0	0x4098fa0	0x40990ba	0x40990ba	282	282	1	1	0		0	
m68k-313	unassigned	unassigned (run 306)	none	0x40990ba	0x40990ba	0x4099184	0x4099184	202	202	3	3	0	x86-machdep	0	
m68k-314	x86	x86-swapgeneric	plan 415 name match (contiguous)	0x4099184	0x4099184	0x40996b8	0x40996b8	1332	1332	4	4	0	x86-swapgeneric	0	
m68k-315	file	next/trap.c	file	0x40996b8	0x40996b8	0x409a044	0x409a044	2444	2444	1	1	0		1	
m68k-316	bracket	x86-trap	bracket	0x409a044	0x409a044	0x409a4aa	0x409a4aa	1126	1126	4	4	0	x86-trap	0	
m68k-317	unassigned	unassigned (run 312)	none	0x409a4aa	0x409a4aa	0x409a574	0x409a574	202	202	1	1	0		0	
m68k-318	file	next/trap.c	file	0x409a574	0x409a574	0x409a6fa	0x409a6fa	390	390	1	1	0		0	
m68k-319	file	next/locore.s	file	0x409a6fa	0x409a6fa	0x409a7ea	0x409a7ea	240	240	1	1	0		0	
m68k-320	unassigned	unassigned (run 312)	none	0x409a7ea	0x409a7ea	0x409a8ba	0x409a8ba	208	208	1	1	0		0	
m68k-321	x86	x86-ufs_machdep	plan 415 name match (contiguous)	0x409a8ba	0x409a8ba	0x409aa2e	0x409aa2e	372	372	2	2	0	x86-ufs_machdep	0	
m68k-322	unassigned	unassigned (run 314)	none	0x409aa2e	0x409aa2e	0x409aaf6	0x409aaf6	200	200	2	2	0		0	
m68k-323	x86	x86-vm_machdep	plan 415 name match (contiguous)	0x409aaf6	0x409aaf6	0x409aaf6	0x409ac0c	0	278	1	0	0	x86-vm_machdep	0	
m68k-324	file	fpsp/bindec.sa	file	0x409aaf6	0x409ac0c	0x409b168	0x409b168	1372	1650	2	2	0		0	
m68k-325	file	fpsp/binstr.sa	file	0x409b168	0x409b168	0x409b1cc	0x409b1cc	100	100	1	1	0		0	
m68k-326	unassigned	unassigned (run 316)	none	0x409b1cc	0x409b1cc	0x409b1cc	0x409b50a	0	830	1	0	0		0	
m68k-327	file	fpsp/decbin.sa	file	0x409b1cc	0x409b50a	0x409b76c	0x409b810	610	1604	7	6	0		0	
m68k-328	file	fpsp/do_func.sa	file	0x409b76c	0x409b810	0x409bd9a	0x409bd9a	1418	1582	31	31	0		0	
m68k-329	file	fpsp/gen_except.sa	file	0x409bd9a	0x409bd9a	0x409c132	0x409c132	920	920	1	1	0		0	
m68k-330	unassigned	unassigned (run 316)	none	0x409c132	0x409c132	0x409c3ae	0x409c44a	636	792	12	11	0		0	
m68k-331	file	fpsp/get_op.sa	file	0x409c3ae	0x409c44a	0x409c4a2	0x409c9b2	88	1540	3	2	0		0	
m68k-332	file	fpsp/kernel_ex.sa	file	0x409c4a2	0x409c9b2	0x409cd9a	0x409ce7e	1000	2524	13	12	0		0	
m68k-333	file	fpsp/res_func.sa	file	0x409cd9a	0x409ce7e	0x409e6aa	0x409e6aa	6188	6416	2	6	4		0	
m68k-334	file	fpsp/util.sa	file	0x409e6aa	0x409e6aa	0x409ea68	0x409ec3c	958	1426	5	5	1		0	
m68k-335	file	fpsp/sacos.sa	file	0x409ea68	0x409ec3c	0x409ec4e	0x409ed06	18	670	2	1	0		0	
m68k-336	file	fpsp/sasin.sa	file	0x409ec4e	0x409ed06	0x409ed0c	0x409f660	6	2578	2	1	0		0	
m68k-337	file	fpsp/satan.sa	file	0x409ed0c	0x409f660	0x409f8e2	0x409f8e2	642	3030	2	2	0		0	
m68k-338	file	fpsp/satanh.sa	file	0x409f8e2	0x409f8e2	0x409f968	0x409f968	134	134	2	2	0		0	
m68k-339	file	fpsp/do_func.sa	file	0x409f968	0x409f968	0x409f968	0x409fd86	0	1054	1	0	0		0	
m68k-340	file	fpsp/scosh.sa	file	0x409f968	0x409fd86	0x409fda0	0x40a02f8	26	2448	2	1	0		0	
m68k-341	file	fpsp/setox.sa	file	0x409fda0	0x40a02f8	0x40a07ec	0x40a07ec	1268	2636	4	4	0		0	
m68k-342	file	fpsp/do_func.sa	file	0x40a07ec	0x40a07ec	0x40a083c	0x40a089c	80	176	4	3	0		0	
m68k-343	file	fpsp/sint.sa	file	0x40a083c	0x40a089c	0x40a08ac	0x40a08ac	16	112	1	1	0		0	
m68k-344	file	fpsp/do_func.sa	file	0x40a08ac	0x40a08ac	0x40a090c	0x40a090c	96	96	1	1	0		0	
m68k-345	file	fpsp/sint.sa	file	0x40a090c	0x40a090c	0x40a0a5a	0x40a0a5a	334	334	2	2	0		0	
m68k-346	unassigned	unassigned (run 316)	none	0x40a0a5a	0x40a0a5a	0x40a0a6a	0x40a0a6a	16	16	1	1	0		0	
m68k-347	file	fpsp/skeleton.sa	file	0x40a0a6a	0x40a0a6a	0x40a0d06	0x40a0d54	668	746	20	20	1		0	
m68k-348	file	fpsp/slog2.sa	file	0x40a0d06	0x40a0d54	0x40a0dc0	0x40a16c2	108	2492	4	3	0		0	
m68k-349	file	fpsp/slogn.sa	file	0x40a0dc0	0x40a16c2	0x40a1a9a	0x40a1a9a	984	3290	4	4	0		0	
m68k-350	file	fpsp/do_func.sa	file	0x40a1a9a	0x40a1a9a	0x40a1a9a	0x40a1c62	0	456	1	0	0		0	
m68k-351	file	fpsp/srem_mod.sa	file	0x40a1a9a	0x40a1c62	0x40a1c70	0x40a2062	14	1480	2	1	0		0	
m68k-352	file	fpsp/ssin.sa	file	0x40a1c70	0x40a2062	0x40a2744	0x40a2744	1762	2772	6	6	0		0	
m68k-353	file	fpsp/ssinh.sa	file	0x40a2744	0x40a2744	0x40a274a	0x40a28b6	6	370	2	1	0		0	
m68k-354	unassigned	unassigned (run 316)	none	0x40a274a	0x40a28b6	0x40a28b6	0x40a2cc6	0	1404	1	0	0		0	
m68k-355	file	fpsp/stan.sa	file	0x40a28b6	0x40a2cc6	0x40a2ff4	0x40a2ff4	814	1854	2	2	0		0	
m68k-356	file	fpsp/stanh.sa	file	0x40a2ff4	0x40a2ff4	0x40a314e	0x40a314e	346	346	2	2	0		0	
m68k-357	file	fpsp/sto_res.sa	file	0x40a314e	0x40a314e	0x40a31ae	0x40a36ae	96	1376	2	1	0		0	
m68k-358	file	fpsp/stwotox.sa	file	0x40a31ae	0x40a36ae	0x40a3938	0x40a3938	650	1930	4	4	0		0	
m68k-359	file	fpsp/tbldo.sa	file	0x40a3938	0x40a3938	0x40a3938	0x40a40b8	0	1920	1	0	0		0	
m68k-360	file	fpsp/util.sa	file	0x40a3938	0x40a40b8	0x40a4712	0x40a4712	1626	3546	9	9	0		0	
m68k-361	file	fpsp/x_store.sa	file	0x40a4712	0x40a4712	0x40a47ba	0x40a47ba	168	168	1	1	0		0	
m68k-362	file	fpsp/x_bsun.sa	file	0x40a47ba	0x40a47ba	0x40a47f4	0x40a47f4	58	58	1	1	0		0	
m68k-363	file	fpsp/x_fline.sa	file	0x40a47f4	0x40a47f4	0x40a47f4	0x40a48d2	0	222	1	0	0		0	
m68k-364	file	fpsp/x_operr.sa	file	0x40a47f4	0x40a48d2	0x40a48d2	0x40a4c48	0	1108	1	0	0		0	
m68k-365	file	fpsp/x_ovfl.sa	file	0x40a48d2	0x40a4c48	0x40a4c48	0x40a4dce	0	1276	1	0	0		0	
m68k-366	file	fpsp/x_snan.sa	file	0x40a4c48	0x40a4dce	0x40a4dce	0x40a5024	0	988	1	0	0		0	
m68k-367	file	fpsp/x_store.sa	file	0x40a4dce	0x40a5024	0x40a520e	0x40a520e	490	1088	4	4	0		0	
m68k-368	file	fpsp/x_unfl.sa	file	0x40a520e	0x40a520e	0x40a520e	0x40a5420	0	530	1	0	0		0	
m68k-369	file	fpsp/x_unimp.sa	file	0x40a520e	0x40a5420	0x40a5492	0x40a5492	114	644	2	2	0		0	
m68k-370	file	fpsp/x_unsupp.sa	file	0x40a5492	0x40a5492	0x40a5510	0x40a5510	126	126	1	1	0		0	
m68k-371	x86	x86-port_allocate	plan 415 name match (contiguous)	0x40a5510	0x40a5510	0x40a55ea	0x40a55ea	218	218	1	1	0	x86-port_allocate	0	
m68k-372	x86	x86-port_deallocate	plan 415 name match (contiguous)	0x40a55ea	0x40a55ea	0x40a56ae	0x40a56ae	196	196	1	1	0	x86-port_deallocate	0	
m68k-373	x86	x86-port_set_add	plan 415 name match (contiguous)	0x40a56ae	0x40a56ae	0x40a5780	0x40a5780	210	210	1	1	0	x86-port_set_add	0	
m68k-374	x86	x86-port_set_allocate	plan 415 name match (contiguous)	0x40a5780	0x40a5780	0x40a585a	0x40a585a	218	218	1	1	0	x86-port_set_allocate	0	
m68k-375	x86	x86-port_set_deallocate	plan 415 name match (contiguous)	0x40a585a	0x40a585a	0x40a591e	0x40a591e	196	196	1	1	0	x86-port_set_deallocate	0	
m68k-376	x86	x86-task_set_special_port	plan 415 name match (contiguous)	0x40a591e	0x40a591e	0x40a59ee	0x40a59ee	208	208	1	1	0	x86-task_set_special_port	0	
m68k-377	x86	x86-thread_get_special_port	plan 415 name match (contiguous)	0x40a59ee	0x40a59ee	0x40a5ad4	0x40a5ad4	230	230	1	1	0	x86-thread_get_special_port	0	
m68k-378	x86	x86-thread_set_special_port	plan 415 name match (contiguous)	0x40a5ad4	0x40a5ad4	0x40a5ba4	0x40a5ba4	208	208	1	1	0	x86-thread_set_special_port	0	
m68k-379	x86	x86-vm_deallocate	plan 415 name match (contiguous)	0x40a5ba4	0x40a5ba4	0x40a5c76	0x40a5c76	210	210	1	1	0	x86-vm_deallocate	0	
m68k-380	x86	x86-vm_read	plan 415 name match (contiguous)	0x40a5c76	0x40a5c76	0x40a5d7e	0x40a5d7e	264	264	1	1	0	x86-vm_read	0	
m68k-381	data-only	x86-init_sysent	plan 419 data run							0	0	0		1	__DATA,__data from 0x40adb54 (2 anchors)
m68k-382	data-only	x86-tty_conf	plan 419 data run							0	0	0		1	__DATA,__data from 0x40ae4ac (2 anchors)
m68k-383	data-only	x86-uipc_proto	plan 419 data run							0	0	0		1	__DATA,__data from 0x40ae694 (2 anchors)
m68k-384	data-only	x86-vfs_conf	plan 419 data run							0	0	0		1	__DATA,__data from 0x40ae796 (2 anchors)
m68k-385	data-only	x86-in_proto	plan 419 data run							0	0	0		1	__DATA,__data from 0x40ae95e (2 anchors)
m68k-386	data-only	x86-ufs_tables	plan 419 data run							0	0	0		1	__DATA,__data from 0x40af336 (5 anchors)
m68k-387	data-only	x86-param	plan 419 data run							0	0	0		1	__DATA,__data from 0x40af65e (14 anchors)
m68k-388	data-only	x86-counters	plan 419 data run							0	0	0		1	__DATA,__data from 0x40af768 (5 anchors)
m68k-389	data-only	x86-conf	plan 419 data run							0	0	0		1	__DATA,__data from 0x40b087c (4 anchors)
m68k-390	data-unlinked	unmapped#218	plan 419 data run							0	0	0		1	__DATA,__data from 0x40b1232 (24 anchors); several objects (14)
m68k-391	data-unlinked	x86-VGAConsole	plan 419 data run							0	0	0		1	__DATA,__data from 0x40b14b2 (1 anchors); not in the m68k text map
m68k-392	data-unlinked	unmapped#233	plan 419 data run							0	0	0		1	__DATA,__data from 0x40b1c10 (39 anchors); several objects (9)
m68k-393	data-unlinked	unmapped#237	plan 419 data run							0	0	0		1	__DATA,__data from 0x40b21c4 (63 anchors); several objects (20)
m68k-394	data-unlinked	unmapped#257	plan 419 data run							0	0	0		1	__DATA,__data from 0x40b28da (2 anchors); several objects (2)
m68k-395	data-only	x86-ioconf	plan 419 data run							0	0	0		1	__DATA,__data from 0x40b30c4 (1 anchors)
m68k-396	data-only	x86-vers	plan 419 data run							0	0	0		1	__DATA,__data from 0x40b3110 (4 anchors)
