# plan 439/440: plan 418 table with boundaries decided by rebuilt m68k objects (run m3p438-cc1; m2_m68k_boundaries_built.py --plan 440); decided_439/boundary_439/basis_439 appended, earlier columns unchanged
# plan 418: plan 416 boundaries decided again with data-table ownership of unnamed functions, link-order acceptance of code-referenced data items (m2_m68k_data_order.py); rule-based
k	run_a	run_b	a_last_symbol	b_first_symbol	unnamed_entries	to_a	to_b	boundary_lower	boundary_upper	decided	decided_416	flags	decided_439	boundary_439	basis_439
0	x86-start	unmapped#1	0x4000310	0x4000318	0	0	0	0x4000318	0x4000318	0	0	external symbol off the listing	0		
1	unmapped#1	x86-intr	0x4000318	0x40013c4	0	0	0	0x40013c4	0x40013c4	0	0	external symbol off the listing	0		
2	x86-intr	unmapped#3	0x40013c4	0x40013d6	0	0	0	0x40013d6	0x40013d6	1	1		1	0x40013d6	plan 418
3	unmapped#3	x86-fault_copy	0x400158a	0x400159a	0	0	0	0x400159a	0x400159a	1	1		1	0x400159a	plan 418
4	x86-fault_copy	unmapped#5	0x4001742	0x400182c	0	0	0	0x400182c	0x400182c	1	1		1	0x400182c	plan 418
5	unmapped#5	x86-locore	0x400183c	0x400184e	0	0	0	0x400184e	0x400184e	1	1		1	0x400184e	plan 418
6	x86-locore	unmapped#7	0x400185e	0x400186e	0	0	0	0x400186e	0x400186e	1	1		1	0x400186e	plan 418
7	unmapped#7	x86-memmove	0x40018c4	0x40018c8	0	0	0	0x40018c8	0x40018c8	1	1		1	0x40018c8	plan 418
8	x86-memmove	x86-memset	0x40018c8	0x40018ce	0	0	0	0x40018ce	0x40018ce	1	1		1	0x40018ce	plan 418
9	x86-memset	unmapped#10	0x40018ce	0x40018d8	0	0	0	0x40018d8	0x40018d8	1	1		1	0x40018d8	plan 418
10	unmapped#10	x86-locore	0x4001a8a	0x4001b16	0	0	0	0x4001b16	0x4001b16	1	1		1	0x4001b16	plan 418
11	x86-locore	x86-pcb	0x4001b2c	0x4001b30	0	0	0	0x4001b30	0x4001b30	1	1		1	0x4001b30	plan 418
12	x86-pcb	unmapped#13	0x4001b30	0x4001b3e	0	0	0	0x4001b3e	0x4001b3e	1	1		1	0x4001b3e	plan 418
13	unmapped#13	x86-cmu_syscalls	0x4002262	0x4002284	0	0	0	0x4002284	0x4002284	1	1		1	0x4002284	plan 418
14	x86-cmu_syscalls	x86-init_main	0x40028fa	0x4002916	0	0	0	0x4002916	0x4002916	1	1		1	0x4002916	plan 418
15	x86-init_main	x86-kern_acct	0x4002fa2	0x4002fec	0	0	0	0x4002fec	0x4002fec	1	1		1	0x4002fec	plan 418
16	x86-kern_acct	x86-kern_clock	0x400336a	0x40033d2	0	0	0	0x40033d2	0x40033d2	1	1		1	0x40033d2	plan 418
17	x86-kern_clock	x86-kern_core	0x400375e	0x40037b4	0	0	0	0x40037b4	0x40037b4	1	1		1	0x40037b4	plan 418
18	x86-kern_core	x86-kern_descrip	0x40037b4	0x4003c0a	0	0	0	0x4003c0a	0x4003c0a	1	1		1	0x4003c0a	plan 418
19	x86-kern_descrip	x86-kern_exec	0x400481e	0x40048d6	0	0	0	0x40048d6	0x40048d6	1	1		1	0x40048d6	plan 418
20	x86-kern_exec	x86-kern_exit	0x40053ba	0x40054a6	1	1	0	0x40054a6	0x40054a6	1	1		1	0x40054a6	plan 418
21	x86-kern_exit	x86-kern_fork	0x40060ea	0x4006164	0	0	0	0x4006164	0x4006164	1	1		1	0x4006164	plan 418
22	x86-kern_fork	x86-kern_mman	0x4006700	0x4006720	0	0	0	0x4006720	0x4006720	1	1		1	0x4006720	plan 418
23	x86-kern_mman	x86-kern_proc	0x4006ba4	0x4006bac	0	0	0	0x4006bac	0x4006bac	1	1		1	0x4006bac	plan 418
24	x86-kern_proc	x86-kern_prot	0x400725a	0x40072cc	0	0	0	0x40072cc	0x40072cc	1	1		1	0x40072cc	plan 418
25	x86-kern_prot	x86-kern_resource	0x4007d80	0x4007e9e	0	0	0	0x4007e9e	0x4007e9e	1	1		1	0x4007e9e	plan 418
26	x86-kern_resource	x86-kern_shutdown	0x40083e8	0x400843e	0	0	0	0x400843e	0x400843e	1	1		1	0x400843e	plan 418
27	x86-kern_shutdown	x86-kern_sig	0x40088ee	0x4008932	0	0	0	0x4008932	0x4008932	1	1		1	0x4008932	plan 418
28	x86-kern_sig	x86-kern_subr	0x4009a00	0x4009a34	0	0	0	0x4009a34	0x4009a34	1	1		1	0x4009a34	plan 418
29	x86-kern_subr	x86-kern_synch	0x4009b82	0x4009c36	0	0	0	0x4009c36	0x4009c36	1	1		1	0x4009c36	plan 418
30	x86-kern_synch	x86-kern_time	0x400a258	0x400a278	0	0	0	0x400a278	0x400a278	1	1		1	0x400a278	plan 418
31	x86-kern_time	x86-kern_uname	0x400a938	0x400a968	0	0	0	0x400a968	0x400a968	1	1		1	0x400a968	plan 418
32	x86-kern_uname	x86-kern_xxx	0x400a968	0x400ab9a	0	0	0	0x400ab9a	0x400ab9a	1	1		1	0x400ab9a	plan 418
33	x86-kern_xxx	x86-mach_process	0x400ad30	0x400ad9a	0	0	0	0x400ad9a	0x400ad9a	1	1		1	0x400ad9a	plan 418
34	x86-mach_process	x86-mach_signal	0x400ad9a	0x400af8c	0	0	0	0x400af8c	0x400af8c	1	1		1	0x400af8c	plan 418
35	x86-mach_signal	x86-subr_log	0x400af8c	0x400aff6	0	0	0	0x400aff6	0x400aff6	1	1		1	0x400aff6	plan 418
36	x86-subr_log	x86-subr_prf	0x400b2a6	0x400b358	0	0	0	0x400b358	0x400b358	1	1		1	0x400b358	plan 418
37	x86-subr_prf	x86-subr_xxx	0x400bd94	0x400beaa	1	1	0	0x400beaa	0x400beaa	1	1		1	0x400beaa	plan 418
38	x86-subr_xxx	x86-sys_generic	0x400bf58	0x400bf6e	0	0	0	0x400bf6e	0x400bf6e	1	1		1	0x400bf6e	plan 418
39	x86-sys_generic	x86-sys_socket	0x400c8a4	0x400c918	0	0	0	0x400c918	0x400c918	1	1		1	0x400c918	plan 418
40	x86-sys_socket	x86-tty	0x400cb98	0x400cbbe	0	0	0	0x400cbbe	0x400cbbe	1	1		1	0x400cbbe	plan 418
41	x86-tty	x86-tty_pty	0x4010136	0x4010140	0	0	0	0x4010140	0x4010140	1	1		1	0x4010140	plan 418
42	x86-tty_pty	unmapped#43	0x4010d6a	0x4011122	1	0	1	0x40110a0	0x40110a0	1	1		1	0x40110a0	plan 418
43	unmapped#43	x86-tty_subr	0x4011122	0x40111f8	0	0	0	0x40111f8	0x40111f8	1	1		1	0x40111f8	plan 418
44	x86-tty_subr	x86-tty_tty	0x40118b2	0x4011916	0	0	0	0x4011916	0x4011916	1	1		1	0x4011916	plan 418
45	x86-tty_tty	x86-uipc_domain	0x4011a96	0x4011ae8	0	0	0	0x4011ae8	0x4011ae8	1	1		1	0x4011ae8	plan 418
46	x86-uipc_domain	x86-uipc_mbuf	0x4011d00	0x4011d6a	0	0	0	0x4011d6a	0x4011d6a	1	1		1	0x4011d6a	plan 418
47	x86-uipc_mbuf	x86-uipc_pipe	0x40127cc	0x401288c	0	0	0	0x401288c	0x401288c	1	1		1	0x401288c	plan 418
48	x86-uipc_pipe	x86-uipc_socket	0x401288c	0x40128d8	0	0	0	0x40128d8	0x40128d8	1	1		1	0x40128d8	plan 418
49	x86-uipc_socket	x86-uipc_socket2	0x4013c7e	0x4013cfa	0	0	0	0x4013cfa	0x4013cfa	1	1		1	0x4013cfa	plan 418
50	x86-uipc_socket2	x86-uipc_syscalls	0x401483c	0x4014908	0	0	0	0x4014908	0x4014908	1	1		1	0x4014908	plan 418
51	x86-uipc_syscalls	x86-uipc_usrreq	0x4015c50	0x4015c82	0	0	0	0x4015c82	0x4015c82	1	1		1	0x4015c82	plan 418
52	x86-uipc_usrreq	x86-vfs	0x4016798	0x40167b6	0	0	0	0x40167b6	0x40167b6	1	1		1	0x40167b6	plan 418
53	x86-vfs	x86-vfs_bio	0x40175e0	0x4017608	0	0	0	0x4017608	0x4017608	1	1		1	0x4017608	plan 418
54	x86-vfs_bio	x86-vfs_dnlc	0x40184f6	0x40185a2	2	2	0	0x40185a2	0x40185a2	1	1		1	0x40185a2	plan 418
55	x86-vfs_dnlc	x86-vfs_io	0x4018ac8	0x4018c5a	2	2	0	0x4018c5a	0x4018c5a	1	1		1	0x4018c5a	plan 418
56	x86-vfs_io	x86-vfs_lookup	0x401931a	0x40193de	0	0	0	0x40193de	0x40193de	1	1		1	0x40193de	plan 418
57	x86-vfs_lookup	x86-vfs_pathname	0x401942e	0x4019ab2	1	1	0	0x4019ab2	0x4019ab2	1	1		1	0x4019ab2	plan 418
58	x86-vfs_pathname	x86-vfs_syscalls	0x4019cce	0x4019cee	0	0	0	0x4019cee	0x4019cee	1	1		1	0x4019cee	plan 418
59	x86-vfs_syscalls	x86-vfs_vnode	0x401afae	0x401afe4	0	0	0	0x401afe4	0x401afe4	1	1		1	0x401afe4	plan 418
60	x86-vfs_vnode	x86-vfs_xxx	0x401b8fa	0x401b914	0	0	0	0x401b914	0x401b914	1	1		1	0x401b914	plan 418
61	x86-vfs_xxx	x86-kern_physio	0x401b914	0x401b9dc	0	0	0	0x401b9dc	0x401b9dc	1	1		1	0x401b9dc	plan 418
62	x86-kern_physio	x86-af	0x401bb7c	0x401bbd2	0	0	0	0x401bbd2	0x401bbd2	1	1		1	0x401bbd2	plan 418
63	x86-af	x86-if	0x401bc0c	0x401bc16	0	0	0	0x401bc16	0x401bc16	1	1		1	0x401bc16	plan 418
64	x86-if	x86-if_loop	0x401c170	0x401c186	0	0	0	0x401c186	0x401c186	1	1		1	0x401c186	plan 418
65	x86-if_loop	x86-if_venip	0x401c276	0x401c2bc	0	0	0	0x401c2bc	0x401c2bc	1	1		1	0x401c2bc	plan 418
66	x86-if_venip	x86-netbuf	0x401c8d4	0x401c900	1	0	1	0x401c8ea	0x401c8ea	1	1		1	0x401c8ea	plan 418
67	x86-netbuf	x86-netif	0x401ca9c	0x401cab2	0	0	0	0x401cab2	0x401cab2	1	1		1	0x401cab2	plan 418
68	x86-netif	x86-netisr	0x401d020	0x401d0c0	0	0	0	0x401d0c0	0x401d0c0	1	1		1	0x401d0c0	plan 418
69	x86-netisr	x86-raw_cb	0x401d12a	0x401d160	0	0	0	0x401d160	0x401d160	1	1		1	0x401d160	plan 418
70	x86-raw_cb	x86-raw_usrreq	0x401d332	0x401d362	0	0	0	0x401d362	0x401d362	1	1		1	0x401d362	plan 418
71	x86-raw_usrreq	x86-route	0x401d5e0	0x401d7e8	0	0	0	0x401d7e8	0x401d7e8	1	1		1	0x401d7e8	plan 418
72	x86-route	x86-if_ether	0x401dd28	0x401dd88	0	0	0	0x401dd88	0x401dd88	1	1		1	0x401dd88	plan 418
73	x86-if_ether	x86-in	0x401ebec	0x401ec40	0	0	0	0x401ec40	0x401ec40	1	1		1	0x401ec40	plan 418
74	x86-in	x86-in_pcb	0x401f810	0x401f898	0	0	0	0x401f898	0x401f898	1	1		1	0x401f898	plan 418
75	x86-in_pcb	x86-ip_icmp	0x401feae	0x401ff48	0	0	0	0x401ff48	0x401ff48	1	1		1	0x401ff48	plan 418
76	x86-ip_icmp	x86-ip_input	0x402075c	0x4020922	0	0	0	0x4020922	0x4020922	1	1		1	0x4020922	plan 418
77	x86-ip_input	x86-ip_output	0x40216c8	0x4021a7a	0	0	0	0x4021a7a	0x4021a7a	1	1		1	0x4021a7a	plan 418
78	x86-ip_output	x86-raw_ip	0x40227e4	0x4022844	0	0	0	0x4022844	0x4022844	1	1		1	0x4022844	plan 418
79	x86-raw_ip	x86-tcp_debug	0x40229c0	0x4022adc	0	0	0	0x4022adc	0x4022adc	1	1		1	0x4022adc	plan 418
80	x86-tcp_debug	x86-tcp_input	0x4022adc	0x4022bae	0	0	0	0x4022bae	0x4022bae	1	1		1	0x4022bae	plan 418
81	x86-tcp_input	x86-tcp_output	0x4023f24	0x4024044	0	0	0	0x4024044	0x4024044	1	1		1	0x4024044	plan 418
82	x86-tcp_output	x86-tcp_subr	0x40245ea	0x402466a	0	0	0	0x402466a	0x402466a	1	1		1	0x402466a	plan 418
83	x86-tcp_subr	x86-tcp_timer	0x4024ada	0x4024af4	0	0	0	0x4024af4	0x4024af4	1	1		1	0x4024af4	plan 418
84	x86-tcp_timer	x86-tcp_usrreq	0x4024c2c	0x4024e2a	0	0	0	0x4024e2a	0x4024e2a	1	1		1	0x4024e2a	plan 418
85	x86-tcp_usrreq	x86-udp_usrreq	0x40253f2	0x402546e	0	0	0	0x402546e	0x402546e	1	1		1	0x402546e	plan 418
86	x86-udp_usrreq	x86-igmp	0x40259b8	0x4025be0	0	0	0	0x4025be0	0x4025be0	1	1		1	0x4025be0	plan 418
87	x86-igmp	x86-ip_mroute	0x4025fe2	0x402616c	0	0	0	0x402616c	0x402616c	1	1		1	0x402616c	plan 418
88	x86-ip_mroute	x86-nfs_client	0x4026180	0x402618a	0	0	0	0x402618a	0x402618a	1	1		1	0x402618a	plan 418
89	x86-nfs_client	x86-nfs_common	0x402652a	0x4026652	0	0	0	0x4026652	0x4026652	1	1		1	0x4026652	plan 418
90	x86-nfs_common	x86-nfs_export	0x4026660	0x4026734	0	0	0	0x4026734	0x4026734	1	1		1	0x4026734	plan 418
91	x86-nfs_export	x86-nfs_server	0x4026dfa	0x4026e70	0	0	0	0x4026e70	0x4026e70	1	1		1	0x4026e70	plan 418
92	x86-nfs_server	x86-nfs_subr	0x4026e70	0x40289ce	33	30	3	0x402872e	0x402872e	1	0		1	0x402872e	plan 418
93	x86-nfs_subr	x86-nfs_vfsops	0x4029716	0x402a920	12	0	12	0x40297da	0x40297da	1	0		1	0x40297da	plan 418
94	x86-nfs_vfsops	x86-nfs_vnodeops	0x402a920	0x402aeec	6	2	4	0x402a9f6	0x402a9f6	1	0		1	0x402a9f6	plan 418
95	x86-nfs_vnodeops	x86-nfs_xdr	0x402c502	0x402cc8c	6	6	0	0x402cc8c	0x402cc8c	1	0		1	0x402cc8c	plan 418
96	x86-nfs_xdr	x86-auth_kern	0x402d828	0x402d85a	0	0	0	0x402d85a	0x402d85a	1	1		1	0x402d85a	plan 418
97	x86-auth_kern	x86-authunix_prot	0x402da4e	0x402da64	0	0	0	0x402da64	0x402da64	1	1		1	0x402da64	plan 418
98	x86-authunix_prot	x86-clnt_kudp	0x402daec	0x402dbd2	0	0	0	0x402dbd2	0x402dbd2	1	1		1	0x402dbd2	plan 418
99	x86-clnt_kudp	x86-clnt_perror	0x402e510	0x402e612	1	1	0	0x402e612	0x402e612	1	1		1	0x402e612	plan 418
100	x86-clnt_perror	x86-pmap_kgetport	0x402e612	0x402e652	0	0	0	0x402e652	0x402e652	1	1		1	0x402e652	plan 418
101	x86-pmap_kgetport	x86-pmap_prot	0x402e750	0x402e804	0	0	0	0x402e804	0x402e804	1	1		1	0x402e804	plan 418
102	x86-pmap_prot	x86-pmap_krmt	0x402e804	0x402e858	0	0	0	0x402e858	0x402e858	1	1		1	0x402e858	plan 418
103	x86-pmap_krmt	x86-rpc_callmsg	0x402e92c	0x402e990	0	0	0	0x402e990	0x402e990	1	1		1	0x402e990	plan 418
104	x86-rpc_callmsg	x86-rpc_prot	0x402e990	0x402ec64	0	0	0	0x402ec64	0x402ec64	1	1		1	0x402ec64	plan 418
105	x86-rpc_prot	x86-subr_kudp	0x402f126	0x402f1ba	0	0	0	0x402f1ba	0x402f1ba	1	1		1	0x402f1ba	plan 418
106	x86-subr_kudp	x86-svc	0x402f2a0	0x402f378	0	0	0	0x402f378	0x402f378	1	1		1	0x402f378	plan 418
107	x86-svc	x86-svc_auth	0x402f75c	0x402f7a0	0	0	0	0x402f7a0	0x402f7a0	1	1		1	0x402f7a0	plan 418
108	x86-svc_auth	x86-svc_auth_unix	0x402f7fa	0x402f804	0	0	0	0x402f804	0x402f804	1	1		1	0x402f804	plan 418
109	x86-svc_auth_unix	x86-svc_kudp	0x402f940	0x402f94a	0	0	0	0x402f94a	0x402f94a	1	1		1	0x402f94a	plan 418
110	x86-svc_kudp	x86-xdr	0x402fcfa	0x402fdd6	1	1	0	0x402fdd6	0x402fdd6	1	1		1	0x402fdd6	plan 418
111	x86-xdr	x86-xdr_array	0x4030262	0x403032a	0	0	0	0x403032a	0x403032a	1	1		1	0x403032a	plan 418
112	x86-xdr_array	x86-xdr_mbuf	0x403032a	0x40303fc	0	0	0	0x40303fc	0x40303fc	1	1		1	0x40303fc	plan 418
113	x86-xdr_mbuf	x86-xdr_mem	0x403076c	0x4030796	0	0	0	0x4030796	0x4030796	1	1		1	0x4030796	plan 418
114	x86-xdr_mem	x86-xdr_reference	0x4030796	0x403091e	8	8	0	0x403091e	0x403091e	1	0		1	0x403091e	plan 418
115	x86-xdr_reference	x86-bootparam_xdr	0x403091e	0x4030994	0	0	0	0x4030994	0x4030994	1	1		1	0x4030994	plan 418
116	x86-bootparam_xdr	x86-mountxdr	0x4030b46	0x4030b9e	0	0	0	0x4030b9e	0x4030b9e	1	1		1	0x4030b9e	plan 418
117	x86-mountxdr	x86-fifo_vnodeops	0x4030b9e	0x403154c	10	0	10	0x4030be4	0x4030be4	1	0		1	0x4030be4	plan 418
118	x86-fifo_vnodeops	x86-spec_subr	0x403154c	0x403164a	2	2	0	0x403164a	0x403164a	1	0		1	0x403164a	plan 418
119	x86-spec_subr	x86-spec_vfsops	0x4031b6c	0x4031bd6	0	0	0	0x4031bd6	0x4031bd6	1	1		1	0x4031bd6	plan 418
120	x86-spec_vfsops	x86-spec_vnodeops	0x4031bd6	0x403235c	9	2	7	0x4031c6a	0x4031c6a	1	0		1	0x4031c6a	plan 418
121	x86-spec_vnodeops	x86-swapfs	0x403261c	0x40326ac	1	1	0	0x40326ac	0x40326ac	1	0		1	0x40326ac	plan 418
122	x86-swapfs	x86-ufs_alloc	0x4032a72	0x40335f0	22	22	0	0x40335f0	0x40335f0	1	0		1	0x40335f0	plan 418
123	x86-ufs_alloc	x86-ufs_bmap	0x4034fcc	0x4034ff4	0	0	0	0x4034ff4	0x4034ff4	1	1		1	0x4034ff4	plan 418
124	x86-ufs_bmap	x86-ufs_dir	0x4034ff4	0x40354be	0	0	0	0x40354be	0x40354be	1	1		1	0x40354be	plan 418
125	x86-ufs_dir	x86-ufs_dsort	0x4036942	0x4037142	11	5	6	0x4036d3e	0x4036d3e	1	1		1	0x4036d3e	plan 418
126	x86-ufs_dsort	x86-ufs_inode	0x40373b8	0x40373e4	0	0	0	0x40373e4	0x40373e4	1	1		1	0x40373e4	plan 418
127	x86-ufs_inode	x86-ufs_lockf	0x4038522	0x40385e4	0	0	0	0x40385e4	0x40385e4	1	1		1	0x40385e4	plan 418
128	x86-ufs_lockf	x86-ufs_subr	0x40385e4	0x4038e5a	12	12	0	0x4038e5a	0x4038e5a	1	1		1	0x4038e5a	plan 418
129	x86-ufs_subr	x86-ufs_vfsops	0x4039542	0x4039e24	8	0	8	0x4039568	0x4039568	1	0		1	0x4039568	plan 418
130	x86-ufs_vfsops	x86-ufs_vnodeops	0x4039e24	0x403b6a2	26	2	23	0x403a04c	0x403a056	0	0	unresolved entries: unassigned	1	0x403a056	rule4 (plan 440)
131	x86-ufs_vnodeops	x86-ipc_entry	0x403bfda	0x403bff6	0	0	0	0x403bff6	0x403bff6	1	1		1	0x403bff6	plan 418
132	x86-ipc_entry	x86-ipc_hash	0x403c4a0	0x403c7e4	0	0	0	0x403c7e4	0x403c7e4	1	1		1	0x403c7e4	plan 418
133	x86-ipc_hash	x86-ipc_init	0x403cbb6	0x403cc0c	0	0	0	0x403cc0c	0x403cc0c	1	1		1	0x403cc0c	plan 418
134	x86-ipc_init	x86-ipc_kmsg	0x403cd3c	0x403cda2	0	0	0	0x403cda2	0x403cda2	1	1		1	0x403cda2	plan 418
135	x86-ipc_kmsg	x86-ipc_marequest	0x403ebb4	0x403ee7c	0	0	0	0x403ee7c	0x403ee7c	1	1		1	0x403ee7c	plan 418
136	x86-ipc_marequest	x86-ipc_mqueue	0x403f228	0x403f286	0	0	0	0x403f286	0x403f286	1	1		1	0x403f286	plan 418
137	x86-ipc_mqueue	x86-ipc_notify	0x403f710	0x403f8e6	0	0	0	0x403f8e6	0x403f8e6	1	1		1	0x403f8e6	plan 418
138	x86-ipc_notify	x86-ipc_object	0x4040098	0x4040158	0	0	0	0x4040158	0x4040158	1	1		1	0x4040158	plan 418
139	x86-ipc_object	x86-ipc_port	0x4040a30	0x4040b40	0	0	0	0x4040b40	0x4040b40	1	1		1	0x4040b40	plan 418
140	x86-ipc_port	x86-ipc_pset	0x404155e	0x40415c0	0	0	0	0x40415c0	0x40415c0	1	1		1	0x40415c0	plan 418
141	x86-ipc_pset	x86-ipc_right	0x4041784	0x40417d8	0	0	0	0x40417d8	0x40417d8	1	1		1	0x40417d8	plan 418
142	x86-ipc_right	x86-ipc_space	0x4042d50	0x4042ea4	0	0	0	0x4042ea4	0x4042ea4	1	1		1	0x4042ea4	plan 418
143	x86-ipc_space	x86-ipc_splay	0x4042fe4	0x4043208	2	0	2	0x404310c	0x404310c	1	1		1	0x404310c	plan 418
144	x86-ipc_splay	x86-ipc_table	0x4043936	0x4043964	0	0	0	0x4043964	0x4043964	1	1		1	0x4043964	plan 418
145	x86-ipc_table	x86-ipc_thread	0x4043ae6	0x4043b1a	0	0	0	0x4043b1a	0x4043b1a	1	1		1	0x4043b1a	plan 418
146	x86-ipc_thread	x86-mach_debug	0x4043b90	0x4043bd2	0	0	0	0x4043bd2	0x4043bd2	1	1		1	0x4043bd2	plan 418
147	x86-mach_debug	x86-mach_msg	0x4044324	0x404437e	0	0	0	0x404437e	0x404437e	1	1		1	0x404437e	plan 418
148	x86-mach_msg	x86-mach_port	0x4045dd6	0x4045ee4	0	0	0	0x4045ee4	0x4045ee4	1	1		1	0x4045ee4	plan 418
149	x86-mach_port	x86-ast	0x404739e	0x40473ca	0	0	0	0x40473ca	0x40473ca	1	1		1	0x40473ca	plan 418
150	x86-ast	x86-exception	0x40473d2	0x40475aa	0	0	0	0x40475aa	0x40475aa	1	1		1	0x40475aa	plan 418
151	x86-exception	x86-host	0x4047f10	0x4047f76	0	0	0	0x4047f76	0x4047f76	1	1		1	0x4047f76	plan 418
152	x86-host	x86-ipc_host	0x40481ce	0x40481fa	0	0	0	0x40481fa	0x40481fa	1	1		1	0x40481fa	plan 418
153	x86-ipc_host	x86-ipc_kobject	0x4048604	0x404863e	0	0	0	0x404863e	0x404863e	1	1		1	0x404863e	plan 418
154	x86-ipc_kobject	x86-ipc_mig	0x4048874	0x40488c6	0	0	0	0x40488c6	0x40488c6	1	1		1	0x40488c6	plan 418
155	x86-ipc_mig	x86-ipc_sched	0x40491c0	0x40491f0	0	0	0	0x40491f0	0x40491f0	1	1		1	0x40491f0	plan 418
156	x86-ipc_sched	x86-ipc_tt	0x4049424	0x404952e	0	0	0	0x404952e	0x404952e	1	1		1	0x404952e	plan 418
157	x86-ipc_tt	x86-ipc_xxx	0x4049e8e	0x4049ea4	0	0	0	0x4049ea4	0x4049ea4	1	1		1	0x4049ea4	plan 418
158	x86-ipc_xxx	x86-kalloc	0x404a110	0x404a11a	0	0	0	0x404a11a	0x404a11a	1	1		1	0x404a11a	plan 418
159	x86-kalloc	x86-kernel_stack	0x404a40e	0x404a416	0	0	0	0x404a416	0x404a416	1	1		1	0x404a416	plan 418
160	x86-kernel_stack	x86-lock	0x404aac6	0x404ab32	0	0	0	0x404ab32	0x404ab32	1	1		1	0x404ab32	plan 418
161	x86-lock	x86-mach_clock	0x404afae	0x404afe2	0	0	0	0x404afe2	0x404afe2	1	1		1	0x404afe2	plan 418
162	x86-mach_clock	x86-mach_factor	0x404b31e	0x404b3a6	0	0	0	0x404b3a6	0x404b3a6	1	1		1	0x404b3a6	plan 418
163	x86-mach_factor	x86-mach_header	0x404b3a6	0x404b526	0	0	0	0x404b526	0x404b526	1	1		1	0x404b526	plan 418
164	x86-mach_header	x86-mach_init	0x404b89a	0x404b970	1	1	0	0x404b970	0x404b970	1	1		1	0x404b970	plan 418
165	x86-mach_init	x86-mach_fat	0x404b970	0x404ba90	0	0	0	0x404ba90	0x404ba90	1	1		1	0x404ba90	plan 418
166	x86-mach_fat	x86-mach_loader	0x404ba90	0x404bb96	0	0	0	0x404bb96	0x404bb96	1	1		1	0x404bb96	plan 418
167	x86-mach_loader	x86-mach_net	0x404bb96	0x404c95e	12	11	1	0x404c758	0x404c758	1	1		1	0x404c758	plan 418
168	x86-mach_net	x86-machine	0x404cc66	0x404cdfc	0	0	0	0x404cdfc	0x404cdfc	1	1		1	0x404cdfc	plan 418
169	x86-machine	x86-mfs_prim	0x404cefc	0x404cf06	0	0	0	0x404cf06	0x404cf06	1	1		1	0x404cf06	plan 418
170	x86-mfs_prim	x86-miniMon	0x404dffa	0x404e174	3	0	3	0x404e00e	0x404e00e	1	1		1	0x404e00e	plan 418
171	x86-miniMon	unmapped#172	0x404e2e4	0x404e3a8	2	2	0	0x404e3a8	0x404e3a8	1	0		1	0x404e3a8	plan 418
172	unmapped#172	x86-ns_timer	0x404e3f8	0x404e420	0	0	0	0x404e420	0x404e420	1	1		1	0x404e420	plan 418
173	x86-ns_timer	x86-power	0x404ea98	0x404eb90	1	0	1	0x404eaae	0x404eaae	1	1		1	0x404eaae	plan 418
174	x86-power	x86-priority	0x404ec9a	0x404ecb6	0	0	0	0x404ecb6	0x404ecb6	1	1		1	0x404ecb6	plan 418
175	x86-priority	x86-processor	0x404ecb6	0x404eea6	0	0	0	0x404eea6	0x404eea6	1	1		1	0x404eea6	plan 418
176	x86-processor	x86-queue	0x404f75c	0x404f77a	0	0	0	0x404f77a	0x404f77a	1	1		1	0x404f77a	plan 418
177	x86-queue	x86-kdp	0x404f856	0x404f872	0	0	0	0x404f872	0x404f872	1	1		1	0x404f872	plan 418
178	x86-kdp	x86-kdp_udp	0x404f872	0x4050542	18	12	6	0x404fd9a	0x404fd9a	1	0		1	0x404fd9a	plan 418
179	x86-kdp_udp	x86-sched_prim	0x405062c	0x4050658	0	0	0	0x4050658	0x4050658	1	1		1	0x4050658	plan 418
180	x86-sched_prim	x86-syscall_subr	0x40518b6	0x40518c6	0	0	0	0x40518c6	0x40518c6	1	1		1	0x40518c6	plan 418
181	x86-syscall_subr	x86-syscall_sw	0x4051bf8	0x4051db2	0	0	0	0x4051db2	0x4051db2	1	1		1	0x4051db2	plan 418
182	x86-syscall_sw	x86-task	0x4051dbc	0x4051dc6	0	0	0	0x4051dc6	0x4051dc6	1	1		1	0x4051dc6	plan 418
183	x86-task	x86-thread	0x405278a	0x40527a0	0	0	0	0x40527a0	0x40527a0	1	1		1	0x40527a0	plan 418
184	x86-thread	x86-thread_swap	0x4053d8a	0x4053d98	0	0	0	0x4053d98	0x4053d98	1	1		1	0x4053d98	plan 418
185	x86-thread_swap	x86-callout	0x4053ede	0x4053ef8	0	0	0	0x4053ef8	0x4053ef8	1	1		1	0x4053ef8	plan 418
186	x86-callout	x86-time_stamp	0x40546ce	0x4054aaa	6	6	0	0x4054aaa	0x4054aaa	1	1		1	0x4054aaa	plan 418
187	x86-time_stamp	x86-timer	0x4054aaa	0x4054b72	0	0	0	0x4054b72	0x4054b72	1	1		1	0x4054b72	plan 418
188	x86-timer	x86-zalloc	0x4054d22	0x4054fe2	4	0	4	0x4054d62	0x4054d62	1	1		1	0x4054d62	plan 418
189	x86-zalloc	x86-kern_server	0x4056040	0x4056360	0	0	0	0x4056360	0x4056360	1	1		1	0x4056360	plan 418
190	x86-kern_server	x86-kern_notify	0x40571f2	0x405723c	0	0	0	0x405723c	0x405723c	1	1		1	0x405723c	plan 418
191	x86-kern_notify	x86-kern_server_handler	0x405769a	0x4057d74	13	0	0	0x40576ce	0x4057d74	0	0	unresolved entries: unassigned	1	0x40576ce	rule1
192	x86-kern_server_handler	x86-kern_server_reply_user	0x4057d74	0x4057e20	0	0	0	0x4057e20	0x4057e20	1	1		1	0x4057e20	plan 418
193	x86-kern_server_reply_user	x86-exc_server	0x4058032	0x405813c	1	0	0	0x4058090	0x405813c	0	0	unresolved entries: unassigned	1	0x4058090	rule1+rule2
194	x86-exc_server	x86-mach_host_server	0x405813c	0x405917e	34	0	34	0x40581a8	0x40581a8	1	0		1	0x40581a8	plan 418
195	x86-mach_host_server	x86-mach_port_server	0x40591f8	0x4059bf0	19	0	19	0x4059222	0x4059222	1	0		1	0x4059222	plan 418
196	x86-mach_port_server	x86-mach_server	0x4059c6a	0x405b72e	55	0	55	0x4059c94	0x4059c94	1	0		1	0x4059c94	plan 418
197	x86-mach_server	x86-mach_debug_server	0x405b7a8	0x405c08a	9	0	9	0x405b7d2	0x405b7d2	1	0		1	0x405b7d2	plan 418
198	x86-mach_debug_server	x86-ux_exception	0x405c104	0x405c28a	1	0	1	0x405c12e	0x405c12e	1	1		1	0x405c12e	plan 418
199	x86-ux_exception	x86-vm_fault	0x405c2d2	0x405c43c	1	1	0	0x405c43c	0x405c43c	1	1		1	0x405c43c	plan 418
200	x86-vm_fault	x86-vm_init	0x405d292	0x405d3d4	0	0	0	0x405d3d4	0x405d3d4	1	1		1	0x405d3d4	plan 418
201	x86-vm_init	x86-vm_kern	0x405d3d4	0x405d592	1	0	1	0x405d448	0x405d448	1	1		1	0x405d448	plan 418
202	x86-vm_kern	x86-vm_map	0x405dcba	0x405dd16	0	0	0	0x405dd16	0x405dd16	1	1		1	0x405dd16	plan 418
203	x86-vm_map	x86-vm_mem_region	0x405f72c	0x405f73c	0	0	0	0x405f73c	0x405f73c	1	1		1	0x405f73c	plan 418
204	x86-vm_mem_region	x86-vm_object	0x405f86e	0x405f8de	0	0	0	0x405f8de	0x405f8de	1	1		1	0x405f8de	plan 418
205	x86-vm_object	x86-vm_pageout	0x4060418	0x4060422	0	0	0	0x4060422	0x4060422	1	1		1	0x4060422	plan 418
206	x86-vm_pageout	x86-vm_pager	0x406070e	0x406087c	0	0	0	0x406087c	0x406087c	1	1		1	0x406087c	plan 418
207	x86-vm_pager	x86-vm_policy	0x406094e	0x4060a50	1	0	1	0x4060982	0x4060982	1	1		1	0x4060982	plan 418
208	x86-vm_policy	x86-vm_resident	0x4060d10	0x4060d52	0	0	0	0x4060d52	0x4060d52	1	1		1	0x4060d52	plan 418
209	x86-vm_resident	x86-vm_synchronize	0x406187c	0x406188c	0	0	0	0x406188c	0x406188c	1	1		1	0x406188c	plan 418
210	x86-vm_synchronize	x86-vm_unix	0x406188c	0x4061b0e	3	3	0	0x4061b0e	0x4061b0e	1	1		1	0x4061b0e	plan 418
211	x86-vm_unix	x86-fault_copy	0x4061b9c	0x4061c4e	0	0	0	0x4061c4e	0x4061c4e	1	1		1	0x4061c4e	plan 418
212	x86-fault_copy	unmapped#213	0x4061d16	0x4061d3c	0	0	0	0x4061d3c	0x4061d3c	1	1		1	0x4061d3c	plan 418
213	unmapped#213	x86-vm_unix	0x4061d60	0x4061d86	0	0	0	0x4061d86	0x4061d86	1	1		1	0x4061d86	plan 418
214	x86-vm_unix	x86-vm_user	0x40622b2	0x406232c	0	0	0	0x406232c	0x406232c	1	1		1	0x406232c	plan 418
215	x86-vm_user	x86-vnode_pager	0x406272a	0x4062790	0	0	0	0x4062790	0x4062790	1	1		1	0x4062790	plan 418
216	x86-vnode_pager	x86-vol	0x4063834	0x406386e	0	0	0	0x406386e	0x406386e	1	1		1	0x406386e	plan 418
217	x86-vol	unmapped#218	0x4064180	0x4064216	0	0	0	0x4064216	0x4064216	1	1		1	0x4064216	plan 418
218	unmapped#218	x86-km	0x406ee78	0x406f0fe	5	5	0	0x406f0fe	0x406f0fe	1	1		1	0x406f0fe	plan 418
219	x86-km	unmapped#220	0x406f0fe	0x406f1a8	0	0	0	0x406f1a8	0x406f1a8	1	1		1	0x406f1a8	plan 418
220	unmapped#220	x86-km	0x406f1a8	0x406f1f0	0	0	0	0x406f1f0	0x406f1f0	1	1		1	0x406f1f0	plan 418
221	x86-km	unmapped#222	0x406f428	0x406f458	0	0	0	0x406f458	0x406f458	1	1		1	0x406f458	plan 418
222	unmapped#222	x86-km	0x406f542	0x406f6b6	0	0	0	0x406f6b6	0x406f6b6	1	1		1	0x406f6b6	plan 418
223	x86-km	unmapped#224	0x406f6b6	0x406fe0e	0	0	0	0x406fe0e	0x406fe0e	1	1		1	0x406fe0e	plan 418
224	unmapped#224	x86-km	0x406fe0e	0x406fe72	0	0	0	0x406fe72	0x406fe72	1	1		1	0x406fe72	plan 418
225	x86-km	unmapped#226	0x4070056	0x40702aa	0	0	0	0x40702aa	0x40702aa	1	1		1	0x40702aa	plan 418
226	unmapped#226	x86-km	0x4070392	0x4070448	0	0	0	0x4070448	0x4070448	1	1		1	0x4070448	plan 418
227	x86-km	x86-kmDevice	0x407050a	0x407057c	0	0	0	0x407057c	0x407057c	1	1		1	0x407057c	plan 418
228	x86-kmDevice	unmapped#229	0x407057c	0x4070664	1	0	1	0x40705d8	0x40705d8	1	1		1	0x40705d8	plan 418
229	unmapped#229	x86-km	0x407153c	0x4071624	0	0	0	0x4071624	0x4071624	1	1		1	0x4071624	plan 418
230	x86-km	unmapped#231	0x4071704	0x4071754	0	0	0	0x4071754	0x4071754	1	1		1	0x4071754	plan 418
231	unmapped#231	x86-mem	0x4072264	0x4072282	0	0	0	0x4072282	0x4072282	1	1		1	0x4072282	plan 418
232	x86-mem	unmapped#233	0x40722b8	0x4072440	0	0	0	0x4072440	0x4072440	1	1		1	0x4072440	plan 418
233	unmapped#233	x86-SCSIDiskKern	0x407c51e	0x407ce8c	11	0	0	0x407c574	0x407ce8c	0	0	unresolved entries: unassigned	0		
234	x86-SCSIDiskKern	unmapped#235	0x407de86	0x407e5de	3	0	0	0x407e348	0x407e5de	0	0	unresolved entries: obj,unassigned	0		
235	unmapped#235	x86-SCSIGenericKern	0x407f584	0x407f70e	6	0	0	0x407f612	0x407f70e	0	0	unresolved entries: unassigned	0		
236	x86-SCSIGenericKern	unmapped#237	0x407fb84	0x407ff14	2	2	0	0x407ff14	0x407ff14	1	1		1	0x407ff14	plan 418
237	unmapped#237	x86-in_bootp	0x408feee	0x408ffb0	0	0	0	0x408ffb0	0x408ffb0	1	1		1	0x408ffb0	plan 418
238	x86-in_bootp	unmapped#239	0x408ffb0	0x409011a	0	0	0	0x409011a	0x409011a	1	1		1	0x409011a	plan 418
239	unmapped#239	x86-in_bootp	0x40909b2	0x4090ac6	1	0	1	0x4090a50	0x4090a50	1	1		1	0x4090a50	plan 418
240	x86-in_bootp	x86-APM_i386	0x4090ac6	0x4090c8a	0	0	0	0x4090c8a	0x4090c8a	1	1		1	0x4090c8a	plan 418
241	x86-APM_i386	unmapped#242	0x4090cf8	0x4090d00	0	0	0	0x4090d00	0x4090d00	1	1		1	0x4090d00	plan 418
242	unmapped#242	x86-checksum_16	0x4090d4c	0x4091080	1	1	0	0x4091080	0x4091080	1	1		1	0x4091080	plan 418
243	x86-checksum_16	unmapped#244	0x4091080	0x40910d6	0	0	0	0x40910d6	0x40910d6	1	1		1	0x40910d6	plan 418
244	unmapped#244	x86-machine_clock	0x4091cc0	0x4091ea2	1	0	1	0x4091e18	0x4091e18	1	1		1	0x4091e18	plan 418
245	x86-machine_clock	unmapped#246	0x4091eea	0x4091ef2	0	0	0	0x4091ef2	0x4091ef2	1	1		1	0x4091ef2	plan 418
246	unmapped#246	x86-machine_clock	0x4091ef2	0x4091fca	0	0	0	0x4091fca	0x4091fca	1	1		1	0x4091fca	plan 418
247	x86-machine_clock	unmapped#248	0x409226e	0x409227e	0	0	0	0x409227e	0x409227e	1	1		1	0x409227e	plan 418
248	unmapped#248	x86-machine_clock	0x409227e	0x409228e	0	0	0	0x409228e	0x409228e	1	1		1	0x409228e	plan 418
249	x86-machine_clock	unmapped#250	0x409228e	0x40922cc	0	0	0	0x40922cc	0x40922cc	1	1		1	0x40922cc	plan 418
250	unmapped#250	x86-cons	0x409237a	0x4092436	0	0	0	0x4092436	0x4092436	1	1		1	0x4092436	plan 418
251	x86-cons	x86-dkbad	0x4092732	0x4092778	0	0	0	0x4092778	0x4092778	1	1		1	0x4092778	plan 418
252	x86-dkbad	x86-in_cksum	0x4092778	0x40927d4	0	0	0	0x40927d4	0x40927d4	1	1		1	0x40927d4	plan 418
253	x86-in_cksum	unmapped#254	0x40927d4	0x40928a8	0	0	0	0x40928a8	0x40928a8	1	1		1	0x40928a8	plan 418
254	unmapped#254	x86-kdp_machdep	0x40928a8	0x409295e	0	0	0	0x409295e	0x409295e	1	1		1	0x409295e	plan 418
255	x86-kdp_machdep	x86-kern_machdep	0x40929be	0x40929c6	0	0	0	0x40929c6	0x40929c6	1	1		1	0x40929c6	plan 418
256	x86-kern_machdep	unmapped#257	0x40929ec	0x4092a1a	0	0	0	0x4092a1a	0x4092a1a	1	1		1	0x4092a1a	plan 418
257	unmapped#257	x86-memcmp	0x4092c50	0x4092c60	0	0	0	0x4092c60	0x4092c60	1	1		1	0x4092c60	plan 418
258	x86-memcmp	x86-memmove	0x4092c60	0x4092d1a	0	0	0	0x4092d1a	0x4092d1a	1	1		1	0x4092d1a	plan 418
259	x86-memmove	x86-memcpy	0x4092d1a	0x4092d2c	0	0	0	0x4092d2c	0x4092d2c	1	1		1	0x4092d2c	plan 418
260	x86-memcpy	unmapped#261	0x4092d2c	0x4092df6	0	0	0	0x4092df6	0x4092df6	1	1		1	0x4092df6	plan 418
261	unmapped#261	x86-memset	0x4092df6	0x4092e12	0	0	0	0x4092e12	0x4092e12	1	1		1	0x4092e12	plan 418
262	x86-memset	x86-ffs	0x4092e12	0x4092e76	0	0	0	0x4092e76	0x4092e76	1	1		1	0x4092e76	plan 418
263	x86-ffs	unmapped#264	0x4092e76	0x4092faa	0	0	0	0x4092faa	0x4092faa	0	0	external symbol off the listing	0		
264	unmapped#264	x86-index	0x4092faa	0x4093006	0	0	0	0x4093006	0x4093006	0	0	external symbol off the listing	0		
265	x86-index	x86-strncpy	0x4093006	0x4093036	0	0	0	0x4093036	0x4093036	1	1		1	0x4093036	plan 418
266	x86-strncpy	x86-strcat	0x4093036	0x409305c	0	0	0	0x409305c	0x409305c	1	1		1	0x409305c	plan 418
267	x86-strcat	x86-strcmp	0x409305c	0x4093078	0	0	0	0x4093078	0x4093078	1	1		1	0x4093078	plan 418
268	x86-strcmp	x86-strcpy	0x4093078	0x40930a0	0	0	0	0x40930a0	0x40930a0	1	1		1	0x40930a0	plan 418
269	x86-strcpy	x86-strncmp	0x40930a0	0x40930b6	0	0	0	0x40930b6	0x40930b6	1	1		1	0x40930b6	plan 418
270	x86-strncmp	x86-strlen	0x40930b6	0x40930e6	0	0	0	0x40930e6	0x40930e6	1	1		1	0x40930e6	plan 418
271	x86-strlen	unmapped#272	0x40930e6	0x40930fa	0	0	0	0x40930fa	0x40930fa	1	1		1	0x40930fa	plan 418
272	unmapped#272	x86-i386_init	0x4093146	0x4093192	0	0	0	0x4093192	0x4093192	1	1		1	0x4093192	plan 418
273	x86-i386_init	unmapped#274	0x409350c	0x40935f8	0	0	0	0x40935f8	0x40935f8	1	1		1	0x40935f8	plan 418
274	unmapped#274	x86-machdep	0x40937ac	0x40937c8	0	0	0	0x40937c8	0x40937c8	1	1		1	0x40937c8	plan 418
275	x86-machdep	unmapped#276	0x40937e6	0x409382c	0	0	0	0x409382c	0x409382c	1	1		1	0x409382c	plan 418
276	unmapped#276	x86-machdep	0x409382c	0x4093976	0	0	0	0x4093976	0x4093976	1	1		1	0x4093976	plan 418
277	x86-machdep	unmapped#278	0x4093e4a	0x4093e66	0	0	0	0x4093e66	0x4093e66	1	1		1	0x4093e66	plan 418
278	unmapped#278	x86-unix_startup	0x4094080	0x4094202	0	0	0	0x4094202	0x4094202	1	1		1	0x4094202	plan 418
279	x86-unix_startup	unmapped#280	0x4094332	0x4094758	0	0	0	0x4094758	0x4094758	1	1		1	0x4094758	plan 418
280	unmapped#280	x86-unix_signal	0x4094758	0x40947be	0	0	0	0x40947be	0x40947be	1	1		1	0x40947be	plan 418
281	x86-unix_signal	x86-machdep	0x40948de	0x409497e	0	0	0	0x409497e	0x409497e	1	1		1	0x409497e	plan 418
282	x86-machdep	unmapped#283	0x409497e	0x4094990	0	0	0	0x4094990	0x4094990	1	1		1	0x4094990	plan 418
283	unmapped#283	x86-machdep	0x40949b8	0x40949e0	0	0	0	0x40949e0	0x40949e0	1	1		1	0x40949e0	plan 418
284	x86-machdep	x86-miniMonMachdep	0x40949e0	0x4094a7c	0	0	0	0x4094a7c	0x4094a7c	1	1		1	0x4094a7c	plan 418
285	x86-miniMonMachdep	x86-unix_signal	0x4094aaa	0x4094ab2	0	0	0	0x4094ab2	0x4094ab2	1	1		1	0x4094ab2	plan 418
286	x86-unix_signal	unmapped#287	0x4094ab2	0x4094afe	0	0	0	0x4094afe	0x4094afe	1	1		1	0x4094afe	plan 418
287	unmapped#287	x86-machdep	0x4094afe	0x40951ec	0	0	0	0x40951ec	0x40951ec	1	1		1	0x40951ec	plan 418
288	x86-machdep	unmapped#289	0x4095456	0x4095460	0	0	0	0x4095460	0x4095460	1	1		1	0x4095460	plan 418
289	unmapped#289	x86-pcb	0x40967aa	0x40967be	0	0	0	0x40967be	0x40967be	1	1		1	0x40967be	plan 418
290	x86-pcb	unmapped#291	0x4096dcc	0x4096e20	0	0	0	0x4096e20	0x4096e20	1	1		1	0x4096e20	plan 418
291	unmapped#291	x86-pmap	0x40973f4	0x4097446	0	0	0	0x4097446	0x4097446	1	1		1	0x4097446	plan 418
292	x86-pmap	unmapped#293	0x4097af4	0x4097b58	0	0	0	0x4097b58	0x4097b58	1	1		1	0x4097b58	plan 418
293	unmapped#293	x86-pmap	0x4097b58	0x4097c1a	0	0	0	0x4097c1a	0x4097c1a	1	1		1	0x4097c1a	plan 418
294	x86-pmap	unmapped#295	0x4097c1a	0x4097c50	0	0	0	0x4097c50	0x4097c50	1	1		1	0x4097c50	plan 418
295	unmapped#295	x86-pmap	0x4097c50	0x4097e6c	0	0	0	0x4097e6c	0x4097e6c	1	1		1	0x4097e6c	plan 418
296	x86-pmap	unmapped#297	0x4097e9c	0x4097fba	0	0	0	0x4097fba	0x4097fba	1	1		1	0x4097fba	plan 418
297	unmapped#297	x86-pmap	0x4097fba	0x40980d6	0	0	0	0x40980d6	0x40980d6	1	1		1	0x40980d6	plan 418
298	x86-pmap	unmapped#299	0x409827e	0x40982a6	0	0	0	0x40982a6	0x40982a6	1	1		1	0x40982a6	plan 418
299	unmapped#299	x86-pmap	0x40982a6	0x409865e	0	0	0	0x409865e	0x409865e	1	1		1	0x409865e	plan 418
300	x86-pmap	unmapped#301	0x40987f8	0x40988b0	0	0	0	0x40988b0	0x40988b0	1	1		1	0x40988b0	plan 418
301	unmapped#301	x86-pmap	0x4098a14	0x4098b48	0	0	0	0x4098b48	0x4098b48	1	1		1	0x4098b48	plan 418
302	x86-pmap	unmapped#303	0x4098dbe	0x4098e4c	0	0	0	0x4098e4c	0x4098e4c	1	1		1	0x4098e4c	plan 418
303	unmapped#303	x86-pmap	0x4098e4c	0x4098ebc	0	0	0	0x4098ebc	0x4098ebc	1	1		1	0x4098ebc	plan 418
304	x86-pmap	unmapped#305	0x4098f7e	0x4098fa0	0	0	0	0x4098fa0	0x4098fa0	1	1		1	0x4098fa0	plan 418
305	unmapped#305	x86-machdep	0x4098fa0	0x40990ba	0	0	0	0x40990ba	0x40990ba	1	1		1	0x40990ba	plan 418
306	x86-machdep	x86-swapgeneric	0x40990fc	0x4099184	0	0	0	0x4099184	0x4099184	1	1		1	0x4099184	plan 418
307	x86-swapgeneric	unmapped#308	0x4099556	0x40996b8	0	0	0	0x40996b8	0x40996b8	1	1		1	0x40996b8	plan 418
308	unmapped#308	x86-trap	0x40996b8	0x409a044	0	0	0	0x409a044	0x409a044	1	1		1	0x409a044	plan 418
309	x86-trap	unmapped#310	0x409a216	0x409a2dc	0	0	0	0x409a2dc	0x409a2dc	1	1		1	0x409a2dc	plan 418
310	unmapped#310	x86-trap	0x409a2dc	0x409a2fe	0	0	0	0x409a2fe	0x409a2fe	1	1		1	0x409a2fe	plan 418
311	x86-trap	unmapped#312	0x409a2fe	0x409a4aa	0	0	0	0x409a4aa	0x409a4aa	1	1		1	0x409a4aa	plan 418
312	unmapped#312	x86-ufs_machdep	0x409a7ea	0x409a8ba	0	0	0	0x409a8ba	0x409a8ba	1	1		1	0x409a8ba	plan 418
313	x86-ufs_machdep	unmapped#314	0x409aa1e	0x409aa2e	0	0	0	0x409aa2e	0x409aa2e	1	1		1	0x409aa2e	plan 418
314	unmapped#314	x86-vm_machdep	0x409aa92	0x409aaf6	0	0	0	0x409aaf6	0x409aaf6	1	1		1	0x409aaf6	plan 418
315	x86-vm_machdep	unmapped#316	0x409aaf6	0x409ac0c	0	0	0	0x409ac0c	0x409ac0c	0	0	.word rows	0		
316	unmapped#316	x86-port_allocate	0x40a5492	0x40a5510	0	0	0	0x40a5510	0x40a5510	1	1		1	0x40a5510	plan 418
317	x86-port_allocate	x86-port_deallocate	0x40a5510	0x40a55ea	0	0	0	0x40a55ea	0x40a55ea	1	1		1	0x40a55ea	plan 418
318	x86-port_deallocate	x86-port_set_add	0x40a55ea	0x40a56ae	0	0	0	0x40a56ae	0x40a56ae	1	1		1	0x40a56ae	plan 418
319	x86-port_set_add	x86-port_set_allocate	0x40a56ae	0x40a5780	0	0	0	0x40a5780	0x40a5780	1	1		1	0x40a5780	plan 418
320	x86-port_set_allocate	x86-port_set_deallocate	0x40a5780	0x40a585a	0	0	0	0x40a585a	0x40a585a	1	1		1	0x40a585a	plan 418
321	x86-port_set_deallocate	x86-task_set_special_port	0x40a585a	0x40a591e	0	0	0	0x40a591e	0x40a591e	1	1		1	0x40a591e	plan 418
322	x86-task_set_special_port	x86-thread_get_special_port	0x40a591e	0x40a59ee	0	0	0	0x40a59ee	0x40a59ee	1	1		1	0x40a59ee	plan 418
323	x86-thread_get_special_port	x86-thread_set_special_port	0x40a59ee	0x40a5ad4	0	0	0	0x40a5ad4	0x40a5ad4	1	1		1	0x40a5ad4	plan 418
324	x86-thread_set_special_port	x86-vm_deallocate	0x40a5ad4	0x40a5ba4	0	0	0	0x40a5ba4	0x40a5ba4	1	1		1	0x40a5ba4	plan 418
325	x86-vm_deallocate	x86-vm_read	0x40a5ba4	0x40a5c76	0	0	0	0x40a5c76	0x40a5c76	1	1		1	0x40a5c76	plan 418
