# plan 420: m68k-only __text runs split by candidate NeXTMach mk-108.1 file (same-name definitions in the build set); end is an upper bound; candidates WEAK (m2_m68k_unmapped.py)
run	sub	start	end_upper	bytes_upper	candidate_file	symbols	first_symbol	last_symbol	note
1	0	0x4000318	0x40013c4	4268	none	1	_intstacks	_intstacks	
3	0	0x40013d6	0x4001412	60	next/locore.s	2	_pflush_super	_pflush_user	
3	1	0x4001412	0x400146e	92	none	2	_tlb_update_read	_tlb_update_write	gap inside file
3	2	0x400146e	0x40014be	80	next/locore.s	2	_pmove_crp	_pmove_tt1	
3	3	0x40014be	0x400153e	128	none	2	__move_space	_move_space_fault	gap inside file
3	4	0x400153e	0x400159a	92	next/locore.s	4	_cache_push_page	_set_vbr	
5	0	0x400182c	0x400184e	34	next/locore.s	3	_FAULT_ERROR	_fast_setjmp	
7	0	0x400186e	0x4001898	42	next/locore.s	1	_probe_rb	_probe_rb	
7	1	0x4001898	0x40018c2	42	none	1	_probe_rl	_probe_rl	
7	2	0x40018c2	0x40018c8	6	ambiguous	4	_simple_lock	_simple_lock_try	
10	0	0x40018d8	0x4001b16	574	none	4	__switch_context	__stack_handoff	
13	0	0x4001b3e	0x4001dfa	700	none	8	std_trap	ipl7	
13	1	0x4001dfa	0x400221e	1060	next/locore.s	7	_call_nmi	buserr	
13	2	0x400221e	0x4002220	2	fpsp/skeleton.sa	1	fpsp_done	fpsp_done	
13	3	0x4002220	0x4002284	100	none	4	fpsp_frame_err	_mon_exit	
43	0	0x4011122	0x40111f8	214	bsd/tty_pty.c	1	_ptsputc	_ptsputc	
172	0	0x404e3a8	0x404e420	120	none	2	_ns_callout_init	_ns_timer_init	
213	0	0x4061d3c	0x4061d86	74	vm/vm_unix.c	2	_suiword	_fuiword	
218	0	0x4064216	0x4065bbc	6566	none	18	_adb_initialize	_adb_null	
218	1	0x4065bbc	0x406632c	1904	next/autoconf.c	10	_configure	_swapconf	
218	2	0x406632c	0x4066410	228	nextdev/bus.c	2	_busgo	_busdone	
218	3	0x4066410	0x40678ce	5310	none	12	_dma_init	_vcopy	
218	4	0x40678ce	0x4067cb4	998	nextdev/ev.c	5	_evinit	_evmmap	
218	5	0x4067cb4	0x4067e2e	378	none	2	_ev_m_intr	_ev_k_intr	gap inside file
218	6	0x4067e2e	0x4068710	2274	nextdev/ev.c	4	_evintr	_LLEventPost	
218	7	0x4068710	0x4068fa2	2194	nextdev/ev_ioctl.c	2	_evioctl	_evsioctl	
218	8	0x4068fa2	0x40690bc	282	nextdev/ev_kbd.c	3	_process_kbd_event	_AlphaLockFeedback	
218	9	0x40690bc	0x40690f8	60	none	1	_process_adb_event	_process_adb_event	gap inside file
218	10	0x40690f8	0x4069eb8	3520	nextdev/ev_kbd.c	17	_SetCurBrightness	_AllKeysUp	
218	11	0x4069eb8	0x406a0d0	536	none	1	_MoveTheCursor	_MoveTheCursor	
218	12	0x406a0d0	0x406a394	708	nextdev/ev_mouse.c	2	_process_mouse_event	_mouse_motion	
218	13	0x406a394	0x406a49e	266	none	4	_ShowWaitCursor	_evsetup_screens	gap inside file
218	14	0x406a49e	0x406a86a	972	nextdev/ev_mouse.c	7	_ev_register_screen	_StartCursor	
218	15	0x406a86a	0x406aa70	518	none	2	_evdispatch	_evretry	
218	16	0x406aa70	0x406b546	2774	nextdev/fd_cmds.c	8	_fc_cmd_xfr	_fc_stop_timer	
218	17	0x406b546	0x406ba5a	1300	nextdev/fd_driver.c	3	_fd_slave	_fd_attach_com	
218	18	0x406ba5a	0x406baa0	70	none	1	_fdsize	_fdsize	gap inside file
218	19	0x406baa0	0x406c55c	2748	nextdev/fd_driver.c	7	_fdopen	_fd_command	
218	20	0x406c55c	0x406cf86	2602	nextdev/fd_io.c	7	_fc_probe	_fc_82077_reset	
218	21	0x406cf86	0x406d082	252	none	2	_fc_send_byte	_fc_get_byte	gap inside file
218	22	0x406d082	0x406d6b6	1588	nextdev/fd_io.c	6	_fc_flpctl_bset	_fc_flags_bclr	
218	23	0x406d6b6	0x406f0fe	6728	nextdev/fd_subr.c	29	_fd_start	_vol_check_timeout	
220	0	0x406f1a8	0x406f1f0	72	nextdev/km.c	1	_kminit2	_kminit2	absorption candidate (between runs of x86-km)
222	0	0x406f458	0x406f6b6	606	nextdev/km.c	2	_kmstart	_kmoutput	absorption candidate (between runs of x86-km)
224	0	0x406fe0e	0x406fe72	100	none	1	_km_big	_km_big	absorption candidate (between runs of x86-km)
226	0	0x40702aa	0x4070392	232	nextdev/km.c	3	_km_input	_reconpoll	absorption candidate (between runs of x86-km)
226	1	0x4070392	0x4070448	182	none	1	_kmintr_process	_kmintr_process	absorption candidate (between runs of x86-km)
229	0	0x4070664	0x407077c	280	nextdev/km.c	2	_kybd_process	_km_send	
229	1	0x407077c	0x40707ca	78	none	1	_km_reset	_km_reset	gap inside file
229	2	0x40707ca	0x4071624	3674	nextdev/km.c	7	_km_drawrect	_km_clear_eol	
231	0	0x4071754	0x4072264	2832	nextdev/km.c	9	_alert_lock_screen	_km_run_pcode	
231	1	0x4072264	0x4072282	30	next/mem.c	1	_mmopen	_mmopen	
233	0	0x4072440	0x407247e	62	next/mem.c	1	_mmmmap	_mmmmap	
233	1	0x407247e	0x40725e2	356	nextdev/monitor.s	7	_mon_reset	_lpr_csr_or	
233	2	0x40725e2	0x4072672	144	none	1	_nbic_bus_enable	_nbic_bus_enable	
233	3	0x4072672	0x40726d0	94	nextdev/nbic.c	1	_nbic_configure	_nbic_configure	
233	4	0x40726d0	0x4074a6c	9116	nextdev/np.c	36	_np_send	_np_attach	
233	5	0x4074a6c	0x407a368	22780	nextdev/od.c	43	_od_xpr_alert	_od_lock	
233	6	0x407a368	0x407a3ac	68	none	1	_od_make_free_pages	_od_make_free_pages	gap inside file
233	7	0x407a3ac	0x407aa4c	1696	nextdev/od.c	12	_od_unlock_check	_od_eject	
233	8	0x407aa4c	0x407bb06	4282	none	3	_od_panel_abort	_odsize	
233	9	0x407bb06	0x407bd9c	662	nextdev/sc.c	1	_scminphys	_scminphys	
233	10	0x407bd9c	0x407ce8c	4336	nextdev/scsi.c	13	_scsi_init	_scsi_sensemsg	
235	0	0x407e5de	0x407f3c4	3558	nextdev/sd.c	1	_sdchecklabel	_sdchecklabel	
235	1	0x407f3c4	0x407f70e	842	nextdev/sf_access.c	3	_sfa_arbitrate	_sfa_abort	
237	0	0x407ff14	0x4080556	1602	nextdev/snd_device.c	13	_snd_device_init	_snd_device_def_low_water	
237	1	0x4080556	0x408103e	2792	nextdev/snd_dspcmd.c	4	_snd_dsp_cmd_port_msg	_snd_dspcmd_def_low_water	
237	2	0x408103e	0x4082764	5926	nextdev/snd_dspdev.c	6	_dsp_dev_init	_dsp_dev_loop	
237	3	0x4082764	0x40842fe	7066	nextdev/snd_dspqueue.c	15	_dspq_init_lmsg	_dspq_start_complex	
237	4	0x40842fe	0x408461c	798	nextdev/snd_link.c	1	_snd_link_init	_snd_link_init	
237	5	0x408461c	0x4084838	540	none	1	_snd_link_abort	_snd_link_abort	gap inside file
237	6	0x4084838	0x408503e	2054	nextdev/snd_link.c	4	_snd_link_shutdown	_snd_link_snd_complete	
237	7	0x408503e	0x4085056	24	nextdev/snd_rcv.c	1	_snd_rcv_alloc_msg_frame	_snd_rcv_alloc_msg_frame	
237	8	0x4085056	0x40854bc	1126	nextdev/snd_reply.c	14	_snd_reply_ret_device	_snd_reply_ret_volume	
237	9	0x40854bc	0x408554e	146	none	1	_snd_reply_ret_formats	_snd_reply_ret_formats	gap inside file
237	10	0x408554e	0x4085920	978	nextdev/snd_reply.c	5	_snd_reply_dsp_msg	_snd_reply_dsp_cond_true	
237	11	0x4085920	0x40859d6	182	none	1	_snd_audio_not_loaded	_snd_audio_not_loaded	
237	12	0x40859d6	0x4085cc0	746	nextdev/snd_server.c	1	_snd_server_loop	_snd_server_loop	
237	13	0x4085cc0	0x4087272	5554	none	1	_snd_get_owner	_snd_get_owner	
237	14	0x4087272	0x408833a	4296	nextdev/snd_stream.c	9	_snd_stream_init	_snd_stream_await	
237	15	0x408833a	0x4088614	730	nextdev/snd_unix.c	1	_snd_unix_ioctl	_snd_unix_ioctl	
237	16	0x4088614	0x4089786	4466	nextdev/st.c	5	_stopen	_stioctl	
237	17	0x4089786	0x4089b1e	920	nextdev/video.c	5	_vidopen	_vidGetConsoleInfo	
237	18	0x4089b1e	0x4089b88	106	none	1	_vidGetFBAddrAndSize	_vidGetFBAddrAndSize	gap inside file
237	19	0x4089b88	0x408b300	6008	nextdev/video.c	6	_vidStopAnimation	_vidInterruptDisable	
237	20	0x408b300	0x408d686	9094	nextdev/zs.c	10	_zsopen	_zsgetc	
237	21	0x408d686	0x408d706	128	none	1	_zstrygetc	_zstrygetc	
237	22	0x408d706	0x408da60	858	nextdev/zscom.c	5	_zsacquire	_zsintsetup	
237	23	0x408da60	0x408dc68	520	nextif/if_bus.c	5	_enbuf_get	_if_rbusget	
237	24	0x408dc68	0x408e0b6	1102	nextif/if_en.c	4	_enprobe	_en_rx_grabbufs	
237	25	0x408e0b6	0x408e1a0	234	none	2	_en_accept_multicast	_en_rx_devintr	gap inside file
237	26	0x408e1a0	0x408ec2e	2702	nextif/if_en.c	6	_en_rx_dmaintr	_en_jam	
237	27	0x408ec2e	0x408ed0a	220	none	2	_en_tx_guard	_en_tx_devintr	gap inside file
237	28	0x408ed0a	0x408f512	2056	nextif/if_en.c	2	_en_tx_dmaintr	_encontrol	
237	29	0x408f512	0x408f6ba	424	none	3	_en_setaddr	_en_bufalloc	gap inside file
237	30	0x408f6ba	0x408fd9e	1764	nextif/if_en.c	4	_en_recv	_en_xmit	
237	31	0x408fd9e	0x408ffb0	530	nextif/in_bootp.c	2	_in_bootp_initnet	_in_bootp_buildpacket	
239	0	0x409011a	0x4090ac6	2476	nextif/in_bootp.c	10	_in_bootp_timeout	_in_bootp_setaddress	absorption candidate (between runs of x86-in_bootp)
242	0	0x4090d00	0x4091080	896	none	2	__ashldi3	__bdiv	
244	0	0x40910d6	0x40912be	488	next/clock.c	4	_rtc_set_clr	_rtc_alarm	
244	1	0x40912be	0x4091308	74	none	1	_rtc_tick	_rtc_tick	gap inside file
244	2	0x4091308	0x4091ea2	2970	next/clock.c	17	_rtc_power_down	_rtc_real_blkread	
246	0	0x4091ef2	0x4091fca	216	none	1	_m68k_hardclock	_m68k_hardclock	absorption candidate (between runs of x86-machine_clock)
248	0	0x409227e	0x409228e	16	none	1	__set_timer_expire_func	__set_timer_expire_func	absorption candidate (between runs of x86-machine_clock)
250	0	0x40922cc	0x409237a	174	none	2	__set_timer	_clear_timer	
250	1	0x409237a	0x4092436	188	next/us_timer.c	1	_delay	_delay	
254	0	0x40928a8	0x409295e	182	none	1	_oc_cksum	_oc_cksum	
257	0	0x4092a1a	0x4092c50	566	none	5	_kpmon_null	_pmonlogcontextflush	
257	1	0x4092c50	0x4092c60	16	next/libc.s	1	_abs	_abs	
261	0	0x4092df6	0x4092e12	28	next/libc.s	1	_bytecopy	_bytecopy	
264	0	0x4092faa	0x4093006	92	next/libc.s	1	_msb	_msb	
272	0	0x40930fa	0x4093192	152	none	2	__lshldi3	__lshrdi3	
274	0	0x40935f8	0x40936a4	172	next/machargs.c	1	_machparam	_machparam	
274	1	0x40936a4	0x40937ac	264	next/machdep.c	2	_mon_boot	_mon_call	
274	2	0x40937ac	0x40937c8	28	kern/thread.c	1	_kernel_thread_noblock	_kernel_thread_noblock	
276	0	0x409382c	0x4093976	330	next/machdep.c	1	_nmi	_nmi	absorption candidate (between runs of x86-machdep)
278	0	0x4093e66	0x4093e80	26	next/machdep.c	1	_softint_sched	_softint_sched	
278	1	0x4093e80	0x409403e	446	none	2	_callout_dispatch	_callout_remove	gap inside file
278	2	0x409403e	0x4094202	452	next/machdep.c	2	_softint_th	_softint_run	
280	0	0x4094758	0x40947be	102	next/machdep.c	1	_as_tune	_as_tune	
283	0	0x4094990	0x40949e0	80	next/machdep.c	2	_light_on	_light_off	absorption candidate (between runs of x86-machdep)
287	0	0x4094afe	0x40951ec	1774	none	1	_m68k_init	_m68k_init	
289	0	0x4095460	0x40954b2	82	none	1	_m68k_dbginit	_m68k_dbginit	
289	1	0x40954b2	0x409552a	120	next/nextdbg.c	1	_dbg_kresume	_dbg_kresume	
289	2	0x409552a	0x40958d4	938	none	3	_dbg_panic	_dbg_dispatch	gap inside file
289	3	0x40958d4	0x409597a	166	next/nextdbg.c	1	_kdbg_connect	_kdbg_connect	
289	4	0x409597a	0x4096386	2572	none	5	_gdb_from_trap	_wrmem	gap inside file
289	5	0x4096386	0x40964f2	364	next/nextdbg.c	1	_kdebug_send	_kdebug_send	
289	6	0x40964f2	0x4096736	580	none	3	_SENDEXC	__m68k_dbginit	
289	7	0x4096736	0x40967be	136	next/nextdbgasm.s	4	__dbg_trap	_dbg_longjmp	
291	0	0x4096e20	0x4096f38	280	next/pmap.c	2	_pmap_pte	_pmap_pte_valid	
291	1	0x4096f38	0x4097224	748	none	1	_m68k_protection_init	_m68k_protection_init	gap inside file
291	2	0x4097224	0x4097446	546	next/pmap.c	2	_pmap_set_page_size	_pmap_size	
293	0	0x4097b58	0x4097c1a	194	next/pmap.c	1	_pmap_free_maps	_pmap_free_maps	absorption candidate (between runs of x86-pmap)
295	0	0x4097c50	0x4097e6c	540	next/pmap.c	1	_pmap_remove_range	_pmap_remove_range	absorption candidate (between runs of x86-pmap)
297	0	0x4097fba	0x40980d6	284	next/pmap.c	1	_pmap_collapse	_pmap_collapse	absorption candidate (between runs of x86-pmap)
299	0	0x40982a6	0x409865e	952	next/pmap.c	1	_pmap_enter_mapping	_pmap_enter_mapping	absorption candidate (between runs of x86-pmap)
301	0	0x40988b0	0x4098b48	664	next/pmap.c	2	_pmap_expand_kernel	_pmap_expand	absorption candidate (between runs of x86-pmap)
303	0	0x4098e4c	0x4098ebc	112	next/pmap.c	1	_pmap_phys_to_index	_pmap_phys_to_index	absorption candidate (between runs of x86-pmap)
305	0	0x4098fa0	0x40990ba	282	next/pmap.c	1	_pmap_tt	_pmap_tt	
308	0	0x40996b8	0x409a044	2444	next/trap.c	1	_trap	_trap	
310	0	0x409a2dc	0x409a2fe	34	none	1	_do_trace	_do_trace	absorption candidate (between runs of x86-trap)
312	0	0x409a4aa	0x409a574	202	none	1	_traceback	_traceback	
312	1	0x409a574	0x409a6fa	390	next/trap.c	1	_do_writeback	_do_writeback	
312	2	0x409a6fa	0x409a7ea	240	next/locore.s	1	_move_space	_move_space	
312	3	0x409a7ea	0x409a8ba	208	none	1	_bmap_parity_error	_bmap_parity_error	
314	0	0x409aa2e	0x409aaf6	200	none	2	__udivdi3	__umoddi3	
316	0	0x409ac0c	0x409b168	1372	fpsp/bindec.sa	2	bindec	sc_mul	
316	1	0x409b168	0x409b1cc	100	fpsp/binstr.sa	1	binstr	binstr	
316	2	0x409b1cc	0x409b50a	830	none	1	b1238_fix	b1238_fix	
316	3	0x409b50a	0x409b810	774	fpsp/decbin.sa	7	decbin	norm	
316	4	0x409b810	0x409b8aa	154	fpsp/do_func.sa	4	do_func	szero	
316	5	0x409b8aa	0x409b8bc	18	ambiguous	1	sinf	sinf	
316	6	0x409b8bc	0x409b97c	192	fpsp/do_func.sa	7	sone	sslogn	
316	7	0x409b97c	0x409b98e	18	none	1	sslognd	sslognd	gap inside file
316	8	0x409b98e	0x409b9c8	58	fpsp/do_func.sa	1	sslog10	sslog10	
316	9	0x409b9c8	0x409b9da	18	none	1	sslog10d	sslog10d	gap inside file
316	10	0x409b9da	0x409ba14	58	fpsp/do_func.sa	1	sslog2	sslog2	
316	11	0x409ba14	0x409ba66	82	none	1	sslog2d	sslog2d	gap inside file
316	12	0x409ba66	0x409bd9a	820	fpsp/do_func.sa	14	pmod	ld_mzero	
316	13	0x409bd9a	0x409c132	920	fpsp/gen_except.sa	1	gen_except	gen_except	
316	14	0x409c132	0x409c44a	792	none	12	pirn	ptenrp	
316	15	0x409c44a	0x409c9b2	1384	fpsp/get_op.sa	3	get_op	uni_getop	
316	16	0x409c9b2	0x409cada	296	fpsp/kernel_ex.sa	4	t_dz2	t_unfl	
316	17	0x409cada	0x409cb4a	112	none	1	t_ovfl2	t_ovfl2	gap inside file
316	18	0x409cb4a	0x409cbce	132	fpsp/kernel_ex.sa	3	t_ovfl	t_frcinx	
316	19	0x409cbce	0x409cc58	138	ambiguous	1	dst_nan	dst_nan	
316	20	0x409cc58	0x409ccd6	126	fpsp/kernel_ex.sa	2	src_nan	t_extdnrm	
316	21	0x409ccd6	0x409cd9a	196	none	1	t_resdnrm	t_resdnrm	gap inside file
316	22	0x409cd9a	0x409ce7e	228	fpsp/kernel_ex.sa	1	t_avoid_unsupp	t_avoid_unsupp	
316	23	0x409ce7e	0x409e6aa	6188	fpsp/res_func.sa	2	res_func	p_move	
316	24	0x409e6aa	0x409ec3c	1426	fpsp/util.sa	5	round	dnrm_lp	
316	25	0x409ec3c	0x409ed06	202	fpsp/sacos.sa	2	sacosd	sacos	
316	26	0x409ed06	0x409f660	2394	fpsp/sasin.sa	2	sasind	sasin	
316	27	0x409f660	0x409f8e2	642	fpsp/satan.sa	2	satand	satan	
316	28	0x409f8e2	0x409f968	134	fpsp/satanh.sa	2	satanhd	satanh	
316	29	0x409f968	0x409fd86	1054	fpsp/do_func.sa	1	sscale	sscale	
316	30	0x409fd86	0x40a02f8	1394	fpsp/scosh.sa	2	scoshd	scosh	
316	31	0x40a02f8	0x40a07ec	1268	fpsp/setox.sa	4	setoxd	setoxm1	
316	32	0x40a07ec	0x40a089c	176	fpsp/do_func.sa	4	sgetexp	sgetmand	
316	33	0x40a089c	0x40a08ac	16	fpsp/sint.sa	1	sint	sint	
316	34	0x40a08ac	0x40a090c	96	fpsp/do_func.sa	1	sintd	sintd	
316	35	0x40a090c	0x40a0a5a	334	fpsp/sint.sa	2	sintrz	sintdo	
316	36	0x40a0a5a	0x40a0a6a	16	none	1	dz	dz	
316	37	0x40a0a6a	0x40a0a86	28	fpsp/skeleton.sa	1	real_dz	real_dz	
316	38	0x40a0a86	0x40a0b04	126	none	1	inex	inex	gap inside file
316	39	0x40a0b04	0x40a0b4e	74	fpsp/skeleton.sa	1	real_inex	real_inex	
316	40	0x40a0b4e	0x40a0b64	22	none	1	ovfl	ovfl	gap inside file
316	41	0x40a0b64	0x40a0b8c	40	fpsp/skeleton.sa	1	real_ovfl	real_ovfl	
316	42	0x40a0b8c	0x40a0ba2	22	none	1	unfl	unfl	gap inside file
316	43	0x40a0ba2	0x40a0bca	40	fpsp/skeleton.sa	1	real_unfl	real_unfl	
316	44	0x40a0bca	0x40a0be0	22	none	1	snan	snan	gap inside file
316	45	0x40a0be0	0x40a0bfc	28	fpsp/skeleton.sa	1	real_snan	real_snan	
316	46	0x40a0bfc	0x40a0c12	22	none	1	operr	operr	gap inside file
316	47	0x40a0c12	0x40a0c2e	28	fpsp/skeleton.sa	1	real_operr	real_operr	
316	48	0x40a0c2e	0x40a0c6c	62	none	1	bsun	bsun	gap inside file
316	49	0x40a0c6c	0x40a0caa	62	fpsp/skeleton.sa	3	real_bsun	real_fline	
316	50	0x40a0caa	0x40a0cc0	22	none	1	unsupp	unsupp	gap inside file
316	51	0x40a0cc0	0x40a0cd2	18	fpsp/skeleton.sa	1	real_trace	real_trace	
316	52	0x40a0cd2	0x40a0cd8	6	none	1	fpsp_fmt_error	fpsp_fmt_error	gap inside file
316	53	0x40a0cd8	0x40a0d54	124	fpsp/skeleton.sa	2	mem_write	mem_read	
316	54	0x40a0d54	0x40a16c2	2414	fpsp/slog2.sa	4	slog10d	slog2	
316	55	0x40a16c2	0x40a1a9a	984	fpsp/slogn.sa	4	slognd	slognp1	
316	56	0x40a1a9a	0x40a1c62	456	fpsp/do_func.sa	1	smovcr	smovcr	
316	57	0x40a1c62	0x40a2062	1024	fpsp/srem_mod.sa	2	smod	srem	
316	58	0x40a2062	0x40a2744	1762	fpsp/ssin.sa	6	ssind	ssincos	
316	59	0x40a2744	0x40a28b6	370	fpsp/ssinh.sa	2	ssinhd	ssinh	
316	60	0x40a28b6	0x40a2cc6	1040	none	1	pitbl	pitbl	
316	61	0x40a2cc6	0x40a2ff4	814	fpsp/stan.sa	2	stand	stan	
316	62	0x40a2ff4	0x40a314e	346	fpsp/stanh.sa	2	stanhd	stanh	
316	63	0x40a314e	0x40a36ae	1376	fpsp/sto_res.sa	2	sto_cos	sto_res	
316	64	0x40a36ae	0x40a3938	650	fpsp/stwotox.sa	4	stwotoxd	stentox	
316	65	0x40a3938	0x40a40b8	1920	fpsp/tbldo.sa	1	tblpre	tblpre	
316	66	0x40a40b8	0x40a4712	1626	fpsp/util.sa	9	ovf_r_k	unf_sub	
316	67	0x40a4712	0x40a47ba	168	fpsp/x_store.sa	1	reg_dest	reg_dest	
316	68	0x40a47ba	0x40a47f4	58	fpsp/x_bsun.sa	1	fpsp_bsun	fpsp_bsun	
316	69	0x40a47f4	0x40a48d2	222	fpsp/x_fline.sa	1	fpsp_fline	fpsp_fline	
316	70	0x40a48d2	0x40a4c48	886	fpsp/x_operr.sa	1	fpsp_operr	fpsp_operr	
316	71	0x40a4c48	0x40a4dce	390	fpsp/x_ovfl.sa	1	fpsp_ovfl	fpsp_ovfl	
316	72	0x40a4dce	0x40a5024	598	fpsp/x_snan.sa	1	fpsp_snan	fpsp_snan	
316	73	0x40a5024	0x40a520e	490	fpsp/x_store.sa	4	store	dest_ext	
316	74	0x40a520e	0x40a5420	530	fpsp/x_unfl.sa	1	fpsp_unfl	fpsp_unfl	
316	75	0x40a5420	0x40a5492	114	fpsp/x_unimp.sa	2	fpsp_unimp	uni_2	
316	76	0x40a5492	0x40a5510	126	fpsp/x_unsupp.sa	1	fpsp_unsupp	fpsp_unsupp	
