object	arch	binary_sha256	sections	source	build	grade	evidence
x86-init_sysent	x86	33469393c0843fc741942c3ae9d91d838467d72abd647dcf2e5bf499a3f14890	__DATA,__data=0x1da034+1476	07_kernel/src/bsd/kern/init_sysent.c (nextmach mk-108.1/bsd/init_sysent.c; restoration edit)	plan 398 rebuild s6l1-g1a (row 386 of 06_reconstruction/l2_build_forms-s6p398.tsv, plan398-template:x86-init_main); L1 OBJECT_MATCH 09_validation/reconstruction/s6l1-g1a-l1-386.json; no __text	A	06_reconstruction/evidence/x86-init_sysent.md
x86-tty_conf	x86	33469393c0843fc741942c3ae9d91d838467d72abd647dcf2e5bf499a3f14890	__DATA,__data=0x1dafe8+484	07_kernel/src/bsd/kern/tty_conf.c (nextmach mk-108.1/bsd/tty_conf.c (tables only); restoration edit)	plan 398 rebuild s6l1-g1a (row 387 of 06_reconstruction/l2_build_forms-s6p398.tsv, plan398-template:x86-tty); L1 OBJECT_MATCH 09_validation/reconstruction/s6l1-g1a-l1-387.json; no __text	A	06_reconstruction/evidence/x86-tty_conf.md
x86-uipc_proto	x86	33469393c0843fc741942c3ae9d91d838467d72abd647dcf2e5bf499a3f14890	__DATA,__data=0x1db228+181	07_kernel/src/bsd/kern/uipc_proto.c (nextmach mk-108.1/bsd/uipc_proto.c; verbatim)	plan 398 rebuild s6l1-g1a (row 388 of 06_reconstruction/l2_build_forms-s6p398.tsv, plan398-template:x86-uipc_mbuf); L1 OBJECT_MATCH 09_validation/reconstruction/s6l1-g1a-l1-388.json; no __text	A	06_reconstruction/evidence/x86-uipc_proto.md
x86-vfs_conf	x86	33469393c0843fc741942c3ae9d91d838467d72abd647dcf2e5bf499a3f14890	__DATA,__data=0x1db640+184	07_kernel/src/bsd/vfs/vfs_conf.c (nextmach mk-108.1/bsd/vfs_conf.c; restoration edit)	plan 398 rebuild s6l1-g1a (row 389 of 06_reconstruction/l2_build_forms-s6p398.tsv, plan398-template:x86-vfs_bio); L1 OBJECT_MATCH 09_validation/reconstruction/s6l1-g1a-l1-389.json; no __text	A	06_reconstruction/evidence/x86-vfs_conf.md
x86-in_proto	x86	33469393c0843fc741942c3ae9d91d838467d72abd647dcf2e5bf499a3f14890	__DATA,__data=0x1dbb64+377	07_kernel/src/bsd/netinet/in_proto.c (nextmach mk-108.1/netinet/in_proto.c + darwin01 bsd/netinet/in_proto.c:132-136 form; restoration edit)	plan 398 rebuild s6l1-g1a (row 390 of 06_reconstruction/l2_build_forms-s6p398.tsv, plan398-template:x86-in_pcb); L1 OBJECT_MATCH 09_validation/reconstruction/s6l1-g1a-l1-390.json; no __text	A	06_reconstruction/evidence/x86-in_proto.md
x86-ufs_tables	x86	33469393c0843fc741942c3ae9d91d838467d72abd647dcf2e5bf499a3f14890	__DATA,__data=0x1de15c+620	07_kernel/src/bsd/ufs/ufs_tables.c (nextmach mk-108.1/ufs/ufs_tables.c; verbatim)	plan 398 rebuild s6l1-g1a (row 391 of 06_reconstruction/l2_build_forms-s6p398.tsv, plan398-template:x86-ufs_subr); L1 OBJECT_MATCH 09_validation/reconstruction/s6l1-g1a-l1-391.json; no __text	A	06_reconstruction/evidence/x86-ufs_tables.md
x86-param	x86	33469393c0843fc741942c3ae9d91d838467d72abd647dcf2e5bf499a3f14890	__DATA,__data=0x1de5d0+236	07_kernel/src/conf/param.c (nextmach mk-108.1/conf/param.c; restoration edit)	plan 398 rebuild s6l1-g1a (row 392 of 06_reconstruction/l2_build_forms-s6p398.tsv, plan398-template:x86-ufs_vnodeops); L1 OBJECT_MATCH 09_validation/reconstruction/s6l1-g1a-l1-392.json; no __text	A	06_reconstruction/evidence/x86-param.md
x86-counters	x86	33469393c0843fc741942c3ae9d91d838467d72abd647dcf2e5bf499a3f14890	__DATA,__data=0x1deb44+20	07_kernel/src/kern/counters.c (mach4 kernel/kern/counters.c; restoration edit)	plan 398 rebuild s6l1-g1a (row 393 of 06_reconstruction/l2_build_forms-s6p398.tsv, plan398-template:x86-ast); L1 OBJECT_MATCH 09_validation/reconstruction/s6l1-g1a-l1-393.json; no __text	A	06_reconstruction/evidence/x86-counters.md
x86-machdep_call	x86	33469393c0843fc741942c3ae9d91d838467d72abd647dcf2e5bf499a3f14890	__DATA,__data=0x1e2424+84	07_kernel/src/machdep/i386/machdep_call.c (darwin01 kernel/machdep/i386/machdep_call.c; verbatim)	plan 398 rebuild s6l1-g1a (row 394 of 06_reconstruction/l2_build_forms-s6p398.tsv, plan398-template:x86-machdep); L1 OBJECT_MATCH 09_validation/reconstruction/s6l1-g1a-l1-394.json; no __text	A	06_reconstruction/evidence/x86-machdep_call.md
x86-conf	x86	33469393c0843fc741942c3ae9d91d838467d72abd647dcf2e5bf499a3f14890	__DATA,__data=0x1e2cf4+2476	07_kernel/src/bsd/dev/i386/conf.c (authored from the original bytes (D024))	plan 398 rebuild s6l1-g1a (row 395 of 06_reconstruction/l2_build_forms-s6p398.tsv, plan398-template:x86-cons); L1 OBJECT_MATCH 09_validation/reconstruction/s6l1-g1a-l1-395.json; no __text	A	06_reconstruction/evidence/x86-conf.md
x86-ioconf	x86	33469393c0843fc741942c3ae9d91d838467d72abd647dcf2e5bf499a3f14890	__DATA,__data=0x1e4f80+24	07_kernel/src/conf/ioconf.c (reconstructed generator-output form (config pseudo_inits))	plan 398 rebuild s6l1-g1a (row 396 of 06_reconstruction/l2_build_forms-s6p398.tsv, plan398-template:x86-PCemulatePROT); L1 OBJECT_MATCH 09_validation/reconstruction/s6l1-g1a-l1-396.json; no __text	A	06_reconstruction/evidence/x86-ioconf.md
x86-vers	x86	33469393c0843fc741942c3ae9d91d838467d72abd647dcf2e5bf499a3f14890	__DATA,__data=0x1e5650+110	07_kernel/src/conf/vers.c (reconstructed generator-output form (newvers))	plan 398 rebuild s6l1-g1a (row 397 of 06_reconstruction/l2_build_forms-s6p398.tsv, plan398-template:x86-init_main); L1 OBJECT_MATCH 09_validation/reconstruction/s6l1-g1a-l1-397.json; no __text	A	06_reconstruction/evidence/x86-vers.md
x86-libDriver_dma	x86	33469393c0843fc741942c3ae9d91d838467d72abd647dcf2e5bf499a3f14890	__TEXT,__const=0x1d5eac+56; __TEXT,__cstring 105 B (literal, checked by content)	07_kernel/src/driverkit/libDriver/dma.c (authored (D030), nearly the same as Darwin 0.1 driverkit-1/libDriver/dma.c)	plan 398 rebuild s6l1-g2ba (row 398 of 06_reconstruction/l2_build_forms-s6p398.tsv, plan398-template:x86-IODirectDevice); L1 OBJECT_MATCH 09_validation/reconstruction/s6l1-g2ba-l1-398.json; no __text	A	06_reconstruction/evidence/x86-libDriver_dma.md
x86-SCSIGlobals	x86	33469393c0843fc741942c3ae9d91d838467d72abd647dcf2e5bf499a3f14890	__DATA,__data=0x1e5184+424; __TEXT,__cstring 875 B (literal, checked by content)	07_kernel/src/driverkit/libDriver/Kernel/SCSIGlobals.m (authored (D030), nearly the same as Darwin 0.1 driverkit-1/libDriver/Kernel/SCSIGlobals.m)	plan 398 rebuild s6l1-g2ba (row 399 of 06_reconstruction/l2_build_forms-s6p398.tsv, plan398-template:x86-SCSIGeneric); L1 OBJECT_MATCH 09_validation/reconstruction/s6l1-g2ba-l1-399.json; no __text	A	06_reconstruction/evidence/x86-SCSIGlobals.md
x86-objc_globaldata	x86	33469393c0843fc741942c3ae9d91d838467d72abd647dcf2e5bf499a3f14890	__DATA,__data=0x1e55b8+44	07_kernel/src/objc-runtime/objc-globaldata.m (authored (D030, D047), nearly the same as Darwin 0.1 objc-1 objc-globaldata.m)	plan 398 rebuild s6l1-g4a (row 400 of 06_reconstruction/l2_build_forms-s6p398.tsv, plan398-template:x86-objc_globaltext); L1 OBJECT_MATCH 09_validation/reconstruction/s6l1-g4a-l1-400.json; no __text	A	06_reconstruction/evidence/x86-objc_globaldata.md
x86-objc_vers	x86	33469393c0843fc741942c3ae9d91d838467d72abd647dcf2e5bf499a3f14890	__TEXT,__const=0x1d6754+170	07_kernel/src/objc-runtime/objc_vers.c (reconstructed generator-output form (vers_string -c + sed))	plan 398 rebuild s6l1-g4a (row 401 of 06_reconstruction/l2_build_forms-s6p398.tsv, plan398-template:x86-objc_zone); L1 OBJECT_MATCH 09_validation/reconstruction/s6l1-g4a-l1-401.json; no __text	A	06_reconstruction/evidence/x86-objc_vers.md
x86-libDriver_vers	x86	33469393c0843fc741942c3ae9d91d838467d72abd647dcf2e5bf499a3f14890	__TEXT,__const=0x1d647c+160	07_kernel/src/driverkit/libDriver/vers.c (reconstructed generator-output form (vers_string -l))	plan 398 rebuild s6l1-g2ba (row 402 of 06_reconstruction/l2_build_forms-s6p398.tsv, plan398-template:x86-IODirectDevice); L1 OBJECT_MATCH 09_validation/reconstruction/s6l1-g2ba-l1-402.json with --place __TEXT,__const=0x1d647c; no __text	A	06_reconstruction/evidence/x86-libDriver_vers.md
