object	arch	binary_sha256	text_start	text_end_exclusive	source	build	grade	unverified_sections	gap_before	gap_after	evidence
x86-bios	x86	33469393c0843fc741942c3ae9d91d838467d72abd647dcf2e5bf499a3f14890	0x1871d4	0x1871e6	07_kernel/src/machdep/i386/bios.c	common command -O3 (also -O2, -O4; identical object)	P	__DATA,__bss 16 B unreferenced (unused function statics, bios.c:56-59; zerofill_check: 0 references)	3 x 00 (min align 2^2)	2 x 00 (min align 2^2)	06_reconstruction/evidence/x86-machdep_small.md
x86-intr	x86	33469393c0843fc741942c3ae9d91d838467d72abd647dcf2e5bf499a3f14890	0x18b514	0x18c9da	07_kernel/src/machdep/i386/intr.c	common command -O3 (also -O4; -O2 differs)	P	__DATA,__bss 266 B reference-inferred at 0x1e7618 (09_validation/reconstruction/s5p21-zerofill-check-20261001.json); __TEXT,__const 4 B unreferenced (ltr/lldt selector literals, cpu_inline.h:126-140)	2 x 00 (min align 2^2)	2 x 00 (min align 2^2)	06_reconstruction/evidence/x86-intr.md
x86-kern_notify	x86	33469393c0843fc741942c3ae9d91d838467d72abd647dcf2e5bf499a3f14890	0x16d20c	0x16d64d	07_kernel/src/kernserv/kern_notify.c	common command -O3 (-O2 differs); __data 485 B at 0x1dff0c; __common _pn_register_port_k by symbol; needs restored task.h	P	__DATA,__bss 20 B reference-inferred at 0x1e726c (09_validation/reconstruction/s5p25-zerofill-check-kern_notify-20261001.json)	2 x 00 (min align 2^2)	3 x 00 (min align 2^2)	06_reconstruction/evidence/x86-kern_notify.md
x86-PCresume	x86	33469393c0843fc741942c3ae9d91d838467d72abd647dcf2e5bf499a3f14890	0x1a15c4	0x1a19c7	07_kernel/src/machdep/i386/pc_support/PCresume.c (verbatim)	common command -O3 (also -O2 and the variant; identical object)	P	__TEXT,__const 4 B unreferenced (18 00 20 00: TSS_SEL/LDT_SEL operands of the unused ltr()/lldt() inlines, cpu_inline.h:126-142; no relocation targets it)	1 x 00 (min align 2^2)	1 x 00 (min align 2^2)	06_reconstruction/evidence/x86-PCresume.md
x86-miniMonMachdep	x86	33469393c0843fc741942c3ae9d91d838467d72abd647dcf2e5bf499a3f14890	0x185e04	0x1860dc	07_kernel/src/machdep/i386/miniMonMachdep.c (verbatim)	common command -O3 (= variant; -O2 differs); __data 129 B at 0x1e1728	P	__DATA,__bss 4 B reference-inferred at 0x1e75a0 (static ptr, miniMonMachdep.c:103; 09_validation/reconstruction/s5p43-zerofill-check-miniMonMachdep-20261002.json)	1 x 00 (min align 2^2)	0 bytes (_start at 0x1860dc)	06_reconstruction/evidence/x86-miniMonMachdep.md
x86-dma	x86	33469393c0843fc741942c3ae9d91d838467d72abd647dcf2e5bf499a3f14890	0x188044	0x189745	07_kernel/src/machdep/i386/dma.c (verbatim)	common command -O3 (-O2 differs); __data 108 B at 0x1e1842; 5 commons: references verified with the variant without -fno-common (plan 36.1 relocation correspondence, .i identical; OBJECT_MATCH not reached because of __bss)	P	__DATA,__bss 12 B reference-inferred at 0x1e75ec (static xxx of outb/outw/outl, io_inline.h:108/128/148; all 67 references target offset 0, the other 8 B follow by section contiguity; 09_validation/reconstruction/s5p45-zerofill-check-dma-20261002.json)	0 bytes (ret at 0x188043)	3 x 00 (min align 2^2)	06_reconstruction/evidence/x86-dma.md
x86-vm_machdep	x86	33469393c0843fc741942c3ae9d91d838467d72abd647dcf2e5bf499a3f14890	0x193e58	0x193f31	07_kernel/src/machdep/i386/vm_machdep.c (verbatim; --nextdev, D018)	common command -O3 + nextdev -I (also -O2 and the variant; identical object); __data 9 B at 0x1e294a (single incoming reference, L1d)	P	__TEXT,__const 4 B unreferenced (18 00 20 00: TSS_SEL/LDT_SEL operands of the unused ltr()/lldt() inlines; no relocation targets it)	2 x 00 (min align 2^2)	3 x 00 (min align 2^2)	06_reconstruction/evidence/x86-vm_machdep.md
x86-fp_support	x86	33469393c0843fc741942c3ae9d91d838467d72abd647dcf2e5bf499a3f14890	0x18a310	0x18a902	07_kernel/src/machdep/i386/fp_support.c (verbatim; FP_EMUL=0, PC_SUPPORT=1)	common command -O3 + nextdev -I (also -O2 and the variant; identical object)	P	__TEXT,__const 4 B unreferenced (18 00 20 00, ltr/lldt selector operands; no relocation targets it); __DATA,__bss 4 B reference-inferred at 0x1e75f8 (static fp_thread, fp_support.c:57; 9 references to offset 0; 09_validation/reconstruction/s5p50-zerofill-check-fp_support-20261002.json)	3 x 00 (min align 2^2)	2 x 00 (min align 2^2)	06_reconstruction/evidence/x86-fp_support.md
x86-ddm	x86	33469393c0843fc741942c3ae9d91d838467d72abd647dcf2e5bf499a3f14890	0x18494c	0x184bb6	07_kernel/src/driverkit/ddm.c (verbatim; UXPR 1, XPR_DEBUG 0; driverkit-1 headers)	common command -O3 + driverkit-1 and nextdev -I (-O2 differs); __data 74 B at 0x1e13a0 (symbol); commons _IODDMMasks/_uxprGlobal/_xpr_lock: references verified with the variant without -fno-common (plan 36.1 correspondence; OBJECT_MATCH not reached because of __bss/__const)	P	__TEXT,__const 12 B unreferenced (static _timer_cnt_port_, machdep/i386/timer_inline.h:83; no relocation targets it); __DATA,__bss 20 B reference-inferred at 0x1e7574 (5 references to offsets 12/16; outb/outw/outl xxx dummies at 0-12 placed only by continuity; 09_validation/reconstruction/s5p55-zerofill-check-ddm-20261002.json)	0 bytes (ret at 0x18494b)	2 x 00 (min align 2^2)	06_reconstruction/evidence/x86-ddm.md
x86-kalloc	x86	33469393c0843fc741942c3ae9d91d838467d72abd647dcf2e5bf499a3f14890	0x15a67c	0x15ab9b	07_kernel/src/kern/kalloc.c (Darwin + NeXTMach malloc family + authored lines in realloc/free; restoration edit)	common command -O3 (-O2 differs); __data 79 B at 0x1ded18 (symbol _k_zone_elemsize); commons _k_zone/_k_zone_maxsize/_kalloc_map: references verified with the variant without -fno-common (plan 36.1 correspondence: 95 relocations, 53 same, 42 local -> extern, bytes outside equal; sizes 64/4/4 <= gaps 64/16/16)	P	__DATA,__bss 256 B reference-inferred-single at 0x1e5a98, 단일 참조 (D019: one reference at __text+21 in _kalloc_init; static k_zone_name[16][16]; 09_validation/reconstruction/s5p58-zerofill-check-kalloc-20261002.json)	0 bytes (ret at 0x15a67b)	1 x 00 (min align 2^2)	06_reconstruction/evidence/x86-kalloc.md
x86-kernel_stack	x86	33469393c0843fc741942c3ae9d91d838467d72abd647dcf2e5bf499a3f14890	0x15ab9c	0x15b504	07_kernel/src/kern/kernel_stack.c (verbatim; MACH_DEBUG 1; mach/i386/vm_param.h KERNSTACK_SIZE one page)	ddm command -O3 (-O2 differs); __data 113 B inferred at 0x1ded68 and verified by L1d; commons _stackStats 20/32, _stack_queue_lock 12/16 verified with the variant without -fno-common (plan 36.1: 211 relocations, 169 same, 23 local -> extern, 19 scattered -> extern, bytes outside equal)	P	__DATA,__bss 16 B reference-inferred at 0x1e5b98 (83 references, negative check detected; 09_validation/reconstruction/s5p88-zerofill-check-kernel_stack-20261002.json)	0 bytes (x86-kalloc fill 00 at 0x15ab9b)	0 bytes (_simple_lock_alloc at 0x15b504)	06_reconstruction/evidence/x86-kernel_stack.md
x86-xdr	x86	33469393c0843fc741942c3ae9d91d838467d72abd647dcf2e5bf499a3f14890	0x1379b8	0x138132	07_kernel/src/bsd/rpc/xdr.c (NeXTMach verbatim)	final template s5p107-build.cmd (-DINET); __text and __data (412 B, L1d) verified; 12 functions MATCH	P	__DATA,__bss 16 B reference-inferred at 0x1e5a20 (3 references, one Delta 0x1e5108; 09_validation/reconstruction/s5p121-zerofill-check-xdr-20261002.json)	3 x 00 (min align 2^2)	2 x 00 (min align 2^2; next symbol at 0x138134)	06_reconstruction/evidence/x86-xdr.md
x86-netif	x86	33469393c0843fc741942c3ae9d91d838467d72abd647dcf2e5bf499a3f14890	0x120b98	0x121271	07_kernel/src/bsd/net/netif.c (nextmach; restoration edit, authored lines marked)	final template s5p107-build.cmd (-DINET -DMACH -DMULTICAST; staging --bsd-set nextos --mach-set sdk); __text and __const verified, all functions MATCH; commons by name within the original gaps	P	__DATA,__bss 4 B (if_dispatchers) reference-inferred at 0x1e58d8 (3 references, one Delta 0x1e5190; 09_validation/reconstruction/s5p127-zerofill-check-netif-20261002.json; known placements zerofill-known-s5p127-20261002.json)	1 x 00 (min align 2^2)	3 x 00 (min align 2^2; next symbol at 0x121274)	06_reconstruction/evidence/x86-netif.md
x86-vfs	x86	33469393c0843fc741942c3ae9d91d838467d72abd647dcf2e5bf499a3f14890	0x118d54	0x119b89	07_kernel/src/bsd/kern/vfs.c (nextmach; restoration edit, authored lines marked)	final template s5p107-build.cmd (-DINET -DMACH -DMULTICAST -DPOSIX_KERN -D_POSIX_SOURCE; staging --bsd-set nextos --mach-set sdk); __text and __const verified, all functions MATCH; commons by name within the original gaps	P	__DATA,__bss 16 B (static devmap) reference-inferred at 0x1e58c8 (3 references, one Delta 0x1e496c; 09_validation/reconstruction/s5p138-zerofill-check-vfs-20261002.json; known placements zerofill-known-s5p138-20261002.json)	2 x 00 (min align 2^2)	3 x 00 (min align 2^2; next symbol at 0x119b8c)	06_reconstruction/evidence/x86-vfs.md
