seq	confidence	labels	text_start	text_end	start_lower_bound	end_upper_bound	labelled_functions	probable_statics	named_without_reference_inside	data_refs	data_min	data_max	data_conflict	candidates
0	C	memchr.c	0x1012d0	0x1012f9	0x1012d0	0x1012fc	1	0	0	0			False	darwin01/kernel/machdep/i386/libc/memchr.c;darwin01/kernel/machdep/ppc/libc/memchr.c
1	B	memcmp.c	0x1012fc	0x1013cb	0x1012f9	0x1013cc	2	0	0	0			False	darwin01/kernel/machdep/i386/libc/memcmp.c;darwin01/kernel/machdep/ppc/libc/memcmp.c;mach4/libmach/c/memcmp.c
2	B	bcopy.S,bcopy.s,memmove.c	0x1013cc	0x101487	0x1013cb	0x101488	2	0	0	0			False	darwin01/kernel/machdep/i386/libc/memmove.c;darwin01/kernel/machdep/ppc/bcopy.s;darwin01/kernel/machdep/ppc/libc/memmove.c;mach4/i386/libmach/c/bcopy.S
3	C	bcopy16.S,memcpy.c	0x101488	0x1014ec	0x101487	0x1014ec	1	0	0	0			False	darwin01/kernel/machdep/i386/libc/memcpy.c;mach4/i386/libmach/c/bcopy16.S
4	B	memmove.c	0x1014ec	0x1015fe	0x1014ec	0x101600	2	0	0	0			False	darwin01/kernel/machdep/i386/libc/memmove.c;darwin01/kernel/machdep/ppc/libc/memmove.c
5	B	bzero.S,memset.c	0x101600	0x1019be	0x1015fe	0x1019c0	3	0	0	0			False	darwin01/kernel/machdep/i386/libc/memset.c;darwin01/kernel/machdep/ppc/libc/memset.c;mach4/i386/libmach/c/bzero.S
6	B	pagesize.c	0x1019c0	0x101a0e	0x1019be	0x101a10	2	0	0	0			False	darwin01/kernel/machdep/i386/libc/pagesize.c
7	C	strchr.c	0x101a10	0x101a39	0x101a0e	0x101a3c	1	0	0	0			False	darwin01/kernel/machdep/i386/libc/strchr.c;darwin01/kernel/machdep/ppc/libc/strchr.c;mach4/libmach/c/strchr.c
8	C	strrchr.c	0x101a3c	0x101af7	0x101a39	0x101af8	1	0	0	0			False	darwin01/kernel/machdep/i386/libc/strrchr.c;darwin01/kernel/machdep/ppc/libc/strrchr.c
9	B	libc.s	0x101af8	0x101d6d	0x101af7	0x101d70	4	0	0	0			False	nextmach/mk-108.1/next/libc.s
10	C	strncat.c	0x101d70	0x101e79	0x101d6d	0x101e7c	1	0	0	0			False	darwin01/kernel/machdep/i386/libc/strncat.c;darwin01/kernel/machdep/ppc/libc/strncat.c
11	B	libc.s	0x101e7c	0x1020ac	0x101e79	0x1020ac	4	0	0	0			False	nextmach/mk-108.1/next/libc.s
12	B	cmu_syscalls.c	0x1020ac	0x102931	0x1020ac	0x102934	3	0	0	0			False	darwin01/kernel/bsd/kern/cmu_syscalls.c;nextmach/mk-108.1/bsd/cmu_syscalls.c
13	B	init_main.c	0x102934	0x10307b	0x102931	0x103088	7	0	0	7	0x1da00c	0x1da02c	False	darwin01/kernel/bsd/kern/init_main.c;nextmach/mk-108.1/bsd/init_main.c
14	B	kern_acct.c	0x103088	0x10349c	0x10307b	0x10349c	3	0	0	2	0x1da600	0x1da614	False	darwin01/kernel/bsd/kern/kern_acct.c;nextmach/mk-108.1/bsd/kern_acct.c
15	B	kern_clock.c	0x10349c	0x1037d0	0x10349c	0x1037d0	7	0	0	0			False	darwin01/kernel/bsd/kern/kern_clock.c;nextmach/mk-108.1/bsd/kern_clock.c
16	C	subr_prof.c	0x1037d0	0x103822	0x1037d0	0x103824	1	0	0	0			False	darwin01/kernel/bsd/kern/subr_prof.c
17	C	kern_sig.c	0x103824	0x103e3b	0x103822	0x103e3c	1	0	0	3	0x1da62a	0x1da63e	False	nextmach/mk-108.1/bsd/kern_sig.c
18	B	kern_descrip.c	0x103e3c	0x104c2b	0x103e3b	0x104c2c	23	0	0	4	0x1da650	0x1da675	False	darwin01/kernel/bsd/kern/kern_descrip.c;nextmach/mk-108.1/bsd/kern_descrip.c
19	B	kern_exec.c	0x104c2c	0x105a3b	0x104c2b	0x105ac0	5	0	0	7	0x1da684	0x1da82a	False	darwin01/kernel/bsd/kern/kern_exec.c;nextmach/mk-108.1/bsd/kern_exec.c
20	B	kern_exit.c	0x105ac0	0x106817	0x105a3b	0x106818	8	0	1	2	0x1da847	0x1da84c	False	darwin01/kernel/bsd/kern/kern_exit.c;nextmach/mk-108.1/bsd/kern_exit.c
21	B	kern_fork.c	0x106818	0x106e0b	0x106817	0x106e30	11	0	0	12	0x1da864	0x1da880	False	darwin01/kernel/bsd/kern/kern_fork.c;nextmach/mk-108.1/bsd/kern_fork.c
22	C	kern_mman.c	0x106e30	0x107303	0x106e0b	0x107304	12	0	0	2	0x1da889	0x1e2f58	True	darwin01/kernel/bsd/kern/kern_mman.c;nextmach/mk-108.1/bsd/kern_mman.c
23	C	kern_proc.c	0x107304	0x10782c	0x107303	0x107a78	11	0	1	4	0x1da8a6	0x1da8fc	True	darwin01/kernel/bsd/kern/kern_proc.c;nextmach/mk-108.1/bsd/kern_proc.c
24	B	kern_prot.c	0x107a78	0x1085da	0x10782c	0x1085dc	20	0	4	0			False	darwin01/kernel/bsd/kern/kern_prot.c;nextmach/mk-108.1/bsd/kern_prot.c
25	B	kern_resource.c	0x1085dc	0x108b81	0x1085da	0x108b84	7	0	0	0			False	darwin01/kernel/bsd/kern/kern_resource.c;nextmach/mk-108.1/bsd/kern_resource.c
26	B	machdep.c	0x108b84	0x108e7d	0x108b81	0x108e80	3	0	0	5	0x1da994	0x1da9b9	False	nextmach/mk-108.1/next/machdep.c
27	B	kern_shutdown.c,shutdown.c	0x108e80	0x109127	0x108e7d	0x109128	2	0	0	4	0x1da9ce	0x1da9e9	False	darwin01/kernel/bsd/kern/kern_shutdown.c;nextmach/mk-108.1/next/shutdown.c
28	B	kern_sig.c	0x109128	0x10a382	0x109127	0x10a384	16	0	1	4	0x1da9f5	0x1daa23	False	darwin01/kernel/bsd/kern/kern_sig.c;nextmach/mk-108.1/bsd/kern_sig.c
29	B	kern_subr.c	0x10a384	0x10a587	0x10a382	0x10a588	3	0	0	3	0x1daa4e	0x1daa5d	False	darwin01/kernel/bsd/kern/kern_subr.c;nextmach/mk-108.1/bsd/kern_subr.c
30	B	kern_synch.c	0x10a588	0x10abae	0x10a587	0x10abb0	6	0	2	8	0x1daa77	0x1daabf	False	darwin01/kernel/bsd/kern/kern_synch.c;nextmach/mk-108.1/bsd/kern_synch.c
31	B	kern_time.c	0x10abb0	0x10b463	0x10abae	0x10b600	13	0	1	5	0x1daad6	0x1dab6a	False	darwin01/kernel/bsd/kern/kern_time.c;nextmach/mk-108.1/bsd/kern_time.c
32	B	kern_xxx.c	0x10b600	0x10b7cc	0x10b463	0x10b7cc	7	0	0	0			False	darwin01/kernel/bsd/kern/kern_xxx.c;nextmach/mk-108.1/bsd/kern_xxx.c
33	C	mach_process.c	0x10b7cc	0x10b9e7	0x10b7cc	0x10b9e8	1	0	0	0			False	darwin01/kernel/bsd/kern/mach_process.c;nextmach/mk-108.1/bsd/mach_process.c
34	C	mach_signal.c	0x10b9e8	0x10ba5f	0x10b9e7	0x10ba60	1	0	0	2	0x1dabca	0x1dabd7	False	nextmach/mk-108.1/bsd/mach_signal.c
35	C	qsort.c	0x10ba60	0x10bb87	0x10ba5f	0x10bd48	1	0	0	13	0x1dac04	0x1dac10	False	darwin01/kernel/bsd/kern/qsort.c
36	B	subr_log.c	0x10bd48	0x10c0d7	0x10bb87	0x10c0d8	6	1	0	0			False	darwin01/kernel/bsd/kern/subr_log.c;nextmach/mk-108.1/bsd/subr_log.c
37	B	subr_prf.c	0x10c0d8	0x10cbac	0x10c0d7	0x10cca4	14	3	0	12	0x1dac18	0x1dac8d	False	darwin01/kernel/bsd/kern/subr_prf.c;nextmach/mk-108.1/bsd/subr_prf.c
38	B	subr_xxx.c	0x10cca4	0x10cd53	0x10cbac	0x10cd54	9	0	0	0			False	darwin01/kernel/bsd/kern/subr_xxx.c;nextmach/mk-108.1/bsd/subr_xxx.c
39	B	sys_generic.c	0x10cd54	0x10d84f	0x10cd53	0x10d850	11	0	2	2	0x1daca8	0x1dacb4	False	darwin01/kernel/bsd/kern/sys_generic.c;nextmach/mk-108.1/bsd/sys_generic.c
40	B	sys_socket.c	0x10d850	0x10daf0	0x10d84f	0x10daf0	5	0	0	0			False	darwin01/kernel/bsd/kern/sys_socket.c;nextmach/mk-108.1/bsd/sys_socket.c
41	C	tty.c	0x10daf0	0x111473	0x10daf0	0x111bf4	34	0	2	32	0x1daf30	0x1e2f4c	True	darwin01/kernel/bsd/kern/tty.c;nextmach/mk-108.1/bsd/tty.c
42	C	conf.c,tty_conf.c	0x111bf4	0x111c00	0x111473	0x111c00	1	0	0	0			False	nextmach/mk-108.1/bsd/tty_conf.c;nextmach/mk-108.1/stand/conf.c
43	C	tty_pty.c	0x111c00	0x112dad	0x111c00	0x112db0	15	0	1	11	0x1dafec	0x1db014	True	darwin01/kernel/bsd/kern/tty_pty.c;nextmach/mk-108.1/bsd/tty_pty.c
44	B	tty_subr.c	0x112db0	0x113746	0x112dad	0x113748	9	0	1	0			False	darwin01/kernel/bsd/kern/tty_subr.c;nextmach/mk-108.1/bsd/tty_subr.c
45	C	tty_tty.c	0x113748	0x113912	0x113746	0x113914	5	0	0	4	0x1e2f40	0x1e2f54	True	nextmach/mk-108.1/bsd/tty_tty.c
46	C	uipc_domain.c	0x113914	0x113b5b	0x113912	0x113b5c	6	0	0	2	0x1db2d4	0x1dbcd0	True	darwin01/kernel/bsd/kern/uipc_domain.c;nextmach/mk-108.1/bsd/uipc_domain.c
47	C	uipc_mbuf.c	0x113b5c	0x114b78	0x113b5b	0x114b8c	17	0	0	20	0x1db1cc	0x1db220	True	darwin01/kernel/bsd/kern/uipc_mbuf.c;nextmach/mk-108.1/bsd/uipc_mbuf.c
48	C	uipc_pipe.c	0x114b8c	0x114bd4	0x114b78	0x114bd4	1	0	0	0			False	nextmach/mk-108.1/bsd/uipc_pipe.c
49	B	uipc_socket.c	0x114bd4	0x11611e	0x114bd4	0x116120	17	0	0	12	0x1db2dd	0x1db345	False	darwin01/kernel/bsd/kern/uipc_socket.c;nextmach/mk-108.1/bsd/uipc_socket.c
50	B	uipc_socket2.c	0x116120	0x116db1	0x11611e	0x116db4	24	0	0	9	0x1db350	0x1db397	False	darwin01/kernel/bsd/kern/uipc_socket2.c;nextmach/mk-108.1/bsd/uipc_socket2.c
51	B	uipc_syscalls.c	0x116db4	0x118116	0x116db1	0x118118	22	0	0	1	0x1db39d	0x1db39d	False	darwin01/kernel/bsd/kern/uipc_syscalls.c;nextmach/mk-108.1/bsd/uipc_syscalls.c
52	B	uipc_usrreq.c	0x118118	0x118d52	0x118116	0x118d54	16	0	0	13	0x1db3a8	0x1db420	False	darwin01/kernel/bsd/kern/uipc_usrreq.c;nextmach/mk-108.1/bsd/uipc_usrreq.c
53	C	vfs.c	0x118d54	0x119b89	0x118d52	0x119b8c	20	0	0	12	0x1db450	0x1db644	True	nextmach/mk-108.1/bsd/vfs.c
54	C	vfs_bio.c	0x119b8c	0x11b241	0x119b89	0x11b28c	21	0	2	27	0x1db554	0x1db619	True	darwin01/kernel/bsd/vfs/vfs_bio.c;nextmach/mk-108.1/bsd/vfs_bio.c
55	B	vfs_dnlc.c	0x11b28c	0x11b830	0x11b241	0x11b984	9	0	0	1	0x1db6fc	0x1db6fc	False	nextmach/mk-108.1/bsd/vfs_dnlc.c
56	B	vfs_io.c	0x11b984	0x11c0f5	0x11b830	0x11c0f8	8	0	0	3	0x1db720	0x1db744	False	nextmach/mk-108.1/bsd/vfs_io.c
57	B	vfs_lookup.c	0x11c0f8	0x11c75d	0x11c0f5	0x11c97c	2	0	0	3	0x1db77d	0x1db782	False	nextmach/mk-108.1/bsd/vfs_lookup.c
58	B	vfs_pathname.c	0x11c97c	0x11cba5	0x11c75d	0x11cba8	8	0	0	0			False	nextmach/mk-108.1/bsd/vfs_pathname.c
59	B	vfs_syscalls.c	0x11cba8	0x11de7c	0x11cba5	0x11de7c	35	0	1	0			False	darwin01/kernel/bsd/vfs/vfs_syscalls.c;nextmach/mk-108.1/bsd/vfs_syscalls.c
60	B	vfs_vnode.c	0x11de7c	0x11eaa2	0x11de7c	0x11eaa4	10	0	0	15	0x1db786	0x1db786	False	nextmach/mk-108.1/bsd/vfs_vnode.c
61	C	vfs_xxx.c	0x11eaa4	0x11eb50	0x11eaa2	0x11eb50	1	0	0	0			False	nextmach/mk-108.1/bsd/vfs_xxx.c
62	C	kern_physio.c,vm_swp.c	0x11eb50	0x11ed0e	0x11eb50	0x11ed10	1	0	0	0			False	darwin01/kernel/bsd/kern/kern_physio.c;nextmach/mk-108.1/bsd/vm_swp.c
63	C	machdep.c	0x11ed10	0x11ed57	0x11ed0e	0x11ed58	1	0	0	0			False	nextmach/mk-108.1/next/machdep.c
64	B	af.c	0x11ed58	0x11eda9	0x11ed57	0x11edac	3	0	0	0			False	nextmach/mk-108.1/net/af.c
65	B	if.c	0x11edac	0x11f43a	0x11eda9	0x11f43c	12	0	0	1	0x1db794	0x1db794	False	darwin01/kernel/bsd/net/if.c;nextmach/mk-108.1/net/if.c
66	B	if_loop.c	0x11f43c	0x11f55d	0x11f43a	0x11f560	4	0	0	1	0x1db81c	0x1db81c	False	darwin01/kernel/bsd/net/if_loop.c;nextmach/mk-108.1/net/if_loop.c;nextmach/mk-108.1/netinet/if_loop.c
67	B	if_venip.c	0x11f560	0x11f97b	0x11f55d	0x1209ec	5	2	0	0			False	nextmach/mk-108.1/net/if_venip.c
68	B	netbuf.c	0x1209ec	0x120b84	0x11f97b	0x120b98	12	0	0	0			False	darwin01/driverkit-1/tests/netbuf.c;darwin01/kernel/bsd/net/netbuf.c;nextmach/mk-108.1/net/netbuf.c
69	B	netif.c,netif.m	0x120b98	0x120e14	0x120b84	0x120e30	22	0	1	0			False	darwin01/driverkit-1/tests/netif.m;nextmach/mk-108.1/net/netif.c
70	B	if.c	0x120e30	0x120ff3	0x120e14	0x120ff4	2	0	0	0			False	darwin01/kernel/bsd/net/if.c;nextmach/mk-108.1/net/if.c
71	B	netif.c	0x120ff4	0x12125c	0x120ff3	0x121274	4	0	0	0			False	nextmach/mk-108.1/net/netif.c
72	B	netisr.c	0x121274	0x1212fe	0x12125c	0x121300	2	0	0	0			False	darwin01/kernel/bsd/net/netisr.c;nextmach/mk-108.1/net/netisr.c
73	B	raw_cb.c	0x121300	0x121554	0x1212fe	0x121554	5	0	0	0			False	darwin01/kernel/bsd/net/raw_cb.c;nextmach/mk-108.1/net/raw_cb.c
74	C	raw_usrreq.c	0x121554	0x121a3c	0x121554	0x121a3c	5	0	0	1	0x1db940	0x1db940	True	darwin01/kernel/bsd/net/raw_usrreq.c;nextmach/mk-108.1/net/raw_usrreq.c
75	C	route.c	0x121a3c	0x1220b4	0x121a3c	0x1220b4	6	0	0	5	0x1db794	0x1db950	True	darwin01/kernel/bsd/net/route.c;nextmach/mk-108.1/net/route.c
76	B	if_ether.c	0x1220b4	0x123440	0x1220b4	0x123440	11	0	0	68	0x1db968	0x1dba87	False	darwin01/kernel/bsd/netinet/if_ether.c;nextmach/mk-108.1/netinet/if_ether.c
77	B	in.c	0x123440	0x124152	0x123440	0x124154	15	0	0	2	0x1dba9c	0x1dbaa7	False	darwin01/kernel/bsd/netinet/in.c;nextmach/mk-108.1/netinet/in.c
78	B	in_bootp.c	0x124154	0x12470b	0x124152	0x124e10	2	2	0	2	0x1dbab0	0x1dbab5	False	darwin01/kernel/bsd/netinet/in_bootp.c;nextmach/mk-108.1/nextif/in_bootp.c
79	B	in_pcb.c	0x124e10	0x125553	0x12470b	0x125554	11	0	0	0			False	darwin01/kernel/bsd/netinet/in_pcb.c;nextmach/mk-108.1/netinet/in_pcb.c
80	C	ip_icmp.c	0x125554	0x125f54	0x125553	0x125f54	7	0	0	25	0x1dbb78	0x1dbd4b	True	darwin01/kernel/bsd/netinet/ip_icmp.c;nextmach/mk-108.1/netinet/ip_icmp.c
81	C	ip_input.c	0x125f54	0x12727e	0x125f54	0x127280	14	0	0	17	0x1dbb70	0x1dbdfb	True	darwin01/kernel/bsd/netinet/ip_input.c;nextmach/mk-108.1/netinet/ip_input.c
82	B	ip_output.c	0x127280	0x12823f	0x12727e	0x128240	9	0	0	2	0x1dbe10	0x1dbe15	False	darwin01/kernel/bsd/netinet/ip_output.c;nextmach/mk-108.1/netinet/ip_output.c
83	B	raw_ip.c	0x128240	0x1284bf	0x12823f	0x1284c0	3	0	0	3	0x1dbe20	0x1dbe3e	False	darwin01/kernel/bsd/netinet/raw_ip.c;nextmach/mk-108.1/netinet/raw_ip.c
84	C	tcp_debug.c	0x1284c0	0x128579	0x1284bf	0x12857c	1	0	0	0			False	darwin01/kernel/bsd/netinet/tcp_debug.c;nextmach/mk-108.1/netinet/tcp_debug.c
85	B	tcp_input.c	0x12857c	0x129d8a	0x128579	0x129d8c	6	0	0	1	0x1dbe48	0x1dbe48	False	darwin01/kernel/bsd/netinet/tcp_input.c;nextmach/mk-108.1/netinet/tcp_input.c
86	B	tcp_output.c	0x129d8c	0x12a431	0x129d8a	0x12a434	2	0	0	4	0x1dbe67	0x1dbe79	False	darwin01/kernel/bsd/netinet/tcp_output.c;nextmach/mk-108.1/netinet/tcp_output.c
87	B	tcp_subr.c	0x12a434	0x12a8c9	0x12a431	0x12a8cc	10	0	0	0			False	darwin01/kernel/bsd/netinet/tcp_subr.c;nextmach/mk-108.1/netinet/tcp_subr.c
88	B	tcp_timer.c	0x12a8cc	0x12ac0b	0x12a8c9	0x12ac0c	4	0	0	0			False	darwin01/kernel/bsd/netinet/tcp_timer.c;nextmach/mk-108.1/netinet/tcp_timer.c
89	B	tcp_usrreq.c	0x12ac0c	0x12b2a2	0x12ac0b	0x12b2a4	5	0	0	1	0x1dbed8	0x1dbed8	False	darwin01/kernel/bsd/netinet/tcp_usrreq.c;nextmach/mk-108.1/netinet/tcp_usrreq.c
90	B	udp_usrreq.c	0x12b2a4	0x12bc2c	0x12b2a2	0x12bc2c	6	0	0	7	0x1dbef6	0x1dbf14	False	darwin01/kernel/bsd/netinet/udp_usrreq.c;nextmach/mk-108.1/netinet/udp_usrreq.c
91	B	igmp.c	0x12bc2c	0x12c1de	0x12bc2c	0x12c1e0	6	0	0	12	0x1dbf20	0x1dbf4d	False	darwin01/kernel/bsd/netinet/igmp.c
92	B	ip_mroute.c	0x12c1e0	0x12c201	0x12c1de	0x12c204	3	0	0	0			False	darwin01/kernel/bsd/netinet/ip_mroute.c
93	B	nfs_client.c	0x12c204	0x12c807	0x12c201	0x12c808	9	1	0	0			False	nextmach/mk-108.1/nfs/nfs_client.c
94	B	nfs_common.c	0x12c808	0x12c8eb	0x12c807	0x12c8ec	2	0	0	0			False	nextmach/mk-108.1/nfs/nfs_common.c
95	B	nfs_export.c	0x12c8ec	0x12cffc	0x12c8eb	0x12cffc	8	0	0	1	0x1dbf5c	0x1dbf5c	False	nextmach/mk-108.1/nfs/nfs_export.c
96	C	nfs_server.c	0x12cffc	0x12d11e	0x12cffc	0x12ed7c	1	0	0	0			False	nextmach/mk-108.1/nfs/nfs_server.c
97	B	nfs_subr.c	0x12ed7c	0x12fd1b	0x12d11e	0x1310c4	15	4	1	18	0x1dc2ec	0x1dc557	False	nextmach/mk-108.1/nfs/nfs_subr.c
98	C	nfs_vfsops.c	0x1310c4	0x1310d1	0x12fd1b	0x131760	1	0	0	1	0x1dca05	0x1dca05	False	nextmach/mk-108.1/nfs/nfs_vfsops.c
99	B	nfs_vnodeops.c	0x131760	0x1337f6	0x1310d1	0x13412c	3	25	0	18	0x1dcabc	0x1dcb58	False	nextmach/mk-108.1/nfs/nfs_vnodeops.c
100	B	nfs_xdr.c	0x13412c	0x134c85	0x1337f6	0x134f94	17	2	0	0			False	nextmach/mk-108.1/nfs/nfs_xdr.c
101	B	auth_kern.c	0x134f94	0x1351d2	0x134c85	0x1351d4	6	0	0	2	0x1dcd88	0x1dcd9c	False	nextmach/mk-108.1/rpc/auth_kern.c
102	B	authunix_prot.c	0x1351d4	0x13532f	0x1351d2	0x135330	2	0	0	0			False	nextmach/mk-108.1/rpc/authunix_prot.c
103	B	clnt_kudp.c	0x135330	0x135cb4	0x13532f	0x135dbc	13	0	1	3	0x1dcddc	0x1dce3d	False	nextmach/mk-108.1/rpc/clnt_kudp.c
104	C	clnt_perror.c	0x135dbc	0x135df1	0x135cb4	0x135df4	1	0	0	3	0x1dce88	0x1dd0bd	False	nextmach/mk-108.1/rpc/clnt_perror.c
105	B	pmap_kgetport.c	0x135df4	0x1360c0	0x135df1	0x1360c0	2	0	0	7	0x1dd0d8	0x1dd12f	False	nextmach/mk-108.1/rpc/pmap_kgetport.c
106	C	pmap_prot.c	0x1360c0	0x136113	0x1360c0	0x136114	1	0	0	0			False	nextmach/mk-108.1/rpc/pmap_prot.c
107	B	pmap_krmt.c,pmap_rmt.c	0x136114	0x13624f	0x136113	0x136250	2	0	0	0			False	nextmach/mk-108.1/rpc/pmap_krmt.c;nextmach/mk-108.1/rpc/pmap_rmt.c
108	C	rpc_callmsg.c	0x136250	0x1365cc	0x13624f	0x1365cc	1	0	0	0			False	nextmach/mk-108.1/rpc/rpc_callmsg.c
109	B	rpc_prot.c	0x1365cc	0x136bff	0x1365cc	0x136c00	7	0	0	1	0x1dd140	0x1dd140	False	nextmach/mk-108.1/rpc/rpc_prot.c
110	B	subr_kudp.c	0x136c00	0x136dd9	0x136bff	0x136ddc	2	0	0	3	0x1dd158	0x1dd190	False	nextmach/mk-108.1/rpc/subr_kudp.c
111	B	svc.c	0x136ddc	0x137340	0x136dd9	0x137340	12	1	0	0			False	nextmach/mk-108.1/rpc/svc.c
112	B	svc_auth.c	0x137340	0x13739d	0x137340	0x1373a0	2	0	0	1	0x1dd1a8	0x1dd1a8	False	nextmach/mk-108.1/rpc/svc_auth.c
113	B	svc_auth_unix.c	0x1373a0	0x137528	0x13739d	0x137528	2	0	0	1	0x1dd1b4	0x1dd1b4	False	nextmach/mk-108.1/rpc/svc_auth_unix.c
114	B	svc_kudp.c	0x137528	0x137944	0x137528	0x1379b8	9	0	0	1	0x1dd1f0	0x1dd1f0	False	nextmach/mk-108.1/rpc/svc_kudp.c
115	B	xdr.c	0x1379b8	0x138132	0x137944	0x138134	15	0	0	27	0x1dd213	0x1dd394	False	nextmach/mk-108.1/rpc/xdr.c
116	C	xdr_array.c	0x138134	0x13822d	0x138132	0x138230	1	0	0	2	0x1dd3af	0x1dd3c7	False	nextmach/mk-108.1/rpc/xdr_array.c
117	B	xdr_mbuf.c	0x138230	0x1385f3	0x13822d	0x1385f4	11	0	0	5	0x1dd404	0x1dd463	False	nextmach/mk-108.1/rpc/xdr_mbuf.c
118	C	xdr_mem.c	0x1385f4	0x13861d	0x1385f3	0x138774	1	0	0	1	0x1dd484	0x1dd484	False	nextmach/mk-108.1/rpc/xdr_mem.c
119	C	xdr_reference.c	0x138774	0x1387e8	0x13861d	0x1387e8	1	0	0	0			False	nextmach/mk-108.1/rpc/xdr_reference.c
120	B	bootparam_xdr.c	0x1387e8	0x138a8f	0x1387e8	0x138a90	9	0	0	4	0x1dd4a4	0x1dd4a4	False	nextmach/mk-108.1/rpc/bootparam_xdr.c;nextmach/mk-108.1/rpcsvc/bootparam_xdr.c
121	C	mountxdr.c	0x138a90	0x138ace	0x138a8f	0x1394f0	1	0	0	0			False	nextmach/mk-108.1/rpc/mountxdr.c;nextmach/mk-108.1/rpcsvc/mountxdr.c
122	C	fifo_vnodeops.c	0x1394f0	0x13955f	0x138ace	0x1395d8	1	0	0	0			False	nextmach/mk-108.1/specfs/fifo_vnodeops.c
123	C	bdev_vnodeops.c,spec_subr.c,vfs_subr.c	0x1395d8	0x1395ed	0x13955f	0x1395f0	1	0	0	0			False	darwin01/kernel/bsd/vfs/vfs_subr.c;nextmach/mk-108.1/specfs/bdev_vnodeops.c;nextmach/mk-108.1/specfs/spec_subr.c
124	C	spec_vnops.c	0x1395f0	0x139646	0x1395ed	0x139648	1	0	0	1	0x1e2d04	0x1e2d04	True	darwin01/kernel/bsd/miscfs/specfs/spec_vnops.c
125	C	spec_subr.c	0x139648	0x139b13	0x139646	0x139b14	8	2	0	1	0x1e2d04	0x1e2d04	True	nextmach/mk-108.1/specfs/spec_subr.c
126	C	spec_vfsops.c,spec_vnops.c	0x139b14	0x139b21	0x139b13	0x13a27c	1	0	0	1	0x1dd6c4	0x1dd6c4	True	darwin01/kernel/bsd/miscfs/specfs/spec_vnops.c;nextmach/mk-108.1/specfs/spec_vfsops.c
127	C	spec_vnodeops.c	0x13a27c	0x13a566	0x139b21	0x13b768	7	4	0	1	0x1e2d00	0x1e2d00	True	nextmach/mk-108.1/specfs/spec_vnodeops.c
128	C	ufs_alloc.c	0x13b768	0x13d830	0x13a566	0x13d830	17	0	0	50	0x1dd964	0x1dddf0	True	nextmach/mk-108.1/ufs/ufs_alloc.c
129	C	ufs_bmap.c	0x13d830	0x13de14	0x13d830	0x13de34	1	0	0	0			False	nextmach/mk-108.1/ufs/ufs_bmap.c
130	B	ufs_dir.c	0x13de34	0x13f52b	0x13de14	0x13f90c	5	6	0	14	0x1dde14	0x1ddee9	False	nextmach/mk-108.1/ufs/ufs_dir.c
131	B	ufs_dsort.c	0x13f90c	0x1405eb	0x13f52b	0x1405ec	8	1	0	0			False	nextmach/mk-108.1/ufs/ufs_dsort.c
132	B	ufs_inode.c	0x1405ec	0x142008	0x1405eb	0x142884	14	0	1	13	0x1ddfb0	0x1de04c	False	nextmach/mk-108.1/ufs/ufs_inode.c
133	B	ufs_subr.c	0x142884	0x143021	0x142008	0x1439f8	12	0	0	13	0x1de0ac	0x1de15a	False	nextmach/mk-108.1/ufs/ufs_subr.c
134	C	ufs_vfsops.c	0x1439f8	0x143b63	0x143021	0x14527c	1	0	0	0			False	nextmach/mk-108.1/ufs/ufs_vfsops.c
135	B	ufs_vnodeops.c	0x14527c	0x145e44	0x143b63	0x145e44	2	11	0	6	0x1de528	0x1de5b3	False	nextmach/mk-108.1/ufs/ufs_vnodeops.c
136	B	ipc_entry.c	0x145e44	0x146906	0x145e44	0x146908	7	0	0	0			False	darwin01/kernel/ipc/ipc_entry.c;mach4/kernel/ipc/ipc_entry.c
137	B	ipc_hash.c	0x146908	0x146dbe	0x146906	0x146dc0	11	0	0	0			False	darwin01/kernel/ipc/ipc_hash.c;mach4/kernel/ipc/ipc_hash.c
138	B	ipc_globals.c,ipc_init.c	0x146dc0	0x146f38	0x146dbe	0x146f38	2	0	0	5	0x1de6d0	0x1de704	False	darwin01/kernel/ipc/ipc_init.c;mach4/kernel/ipc/ipc_init.c;nextmach/mk-108.1/kern/ipc_globals.c
139	B	ipc_kmsg.c	0x146f38	0x14a0d6	0x146f38	0x14a0d8	25	0	0	0			False	darwin01/kernel/ipc/ipc_kmsg.c;mach4/kernel/ipc/ipc_kmsg.c
140	B	ipc_marequest.c	0x14a0d8	0x14a631	0x14a0d6	0x14a634	6	0	0	1	0x1de714	0x1de714	False	darwin01/kernel/ipc/ipc_marequest.c;mach4/kernel/ipc/ipc_marequest.c
141	B	ipc_mqueue.c	0x14a634	0x14af42	0x14a631	0x14af44	7	0	0	1	0x1de72e	0x1de72e	False	darwin01/kernel/ipc/ipc_mqueue.c;mach4/kernel/ipc/ipc_mqueue.c
142	B	ipc_notify.c	0x14af44	0x14b842	0x14af42	0x14b844	16	0	0	9	0x1de754	0x1de87e	False	darwin01/kernel/ipc/ipc_notify.c;mach4/kernel/ipc/ipc_notify.c
143	B	ipc_object.c	0x14b844	0x14c454	0x14b842	0x14c454	20	0	0	4	0x1de8ae	0x1de92b	False	darwin01/kernel/ipc/ipc_object.c;mach4/kernel/ipc/ipc_object.c
144	B	ipc_port.c	0x14c454	0x14d61a	0x14c454	0x14d61c	29	0	0	0			False	darwin01/kernel/ipc/ipc_port.c;mach4/kernel/ipc/ipc_port.c
145	B	ipc_pset.c	0x14d61c	0x14db06	0x14d61a	0x14db08	6	0	0	0			False	darwin01/kernel/ipc/ipc_pset.c;mach4/kernel/ipc/ipc_pset.c
146	B	ipc_right.c	0x14db08	0x1506af	0x14db06	0x1506b0	19	0	0	9	0x1de95a	0x1dea6a	False	darwin01/kernel/ipc/ipc_right.c;mach4/kernel/ipc/ipc_right.c
147	B	ipc_space.c	0x1506b0	0x150a05	0x1506af	0x150a08	5	0	0	0			False	darwin01/kernel/ipc/ipc_space.c;mach4/kernel/ipc/ipc_space.c
148	B	ipc_splay.c	0x150a08	0x151932	0x150a05	0x151934	11	0	0	0			False	darwin01/kernel/ipc/ipc_splay.c;mach4/kernel/ipc/ipc_splay.c
149	B	ipc_table.c	0x151934	0x151be6	0x151932	0x151be8	5	0	0	0			False	darwin01/kernel/ipc/ipc_table.c;mach4/kernel/ipc/ipc_table.c
150	B	ipc_thread.c	0x151be8	0x151cb9	0x151be6	0x151cbc	3	0	0	0			False	darwin01/kernel/ipc/ipc_thread.c;mach4/kernel/ipc/ipc_thread.c
151	B	mach_debug.c	0x151cbc	0x1525a7	0x151cb9	0x1525a8	6	0	0	0			False	darwin01/kernel/ipc/mach_debug.c;mach4/kernel/ipc/mach_debug.c
152	B	mach_msg.c	0x1525a8	0x154b28	0x1525a7	0x154b28	12	0	0	2	0x1dea9c	0x1deac5	False	darwin01/kernel/ipc/mach_msg.c;mach4/kernel/ipc/mach_msg.c
153	B	mach_port.c	0x154b28	0x156693	0x154b28	0x156694	40	0	0	4	0x1deada	0x1deafd	False	darwin01/kernel/ipc/mach_port.c;mach4/kernel/ipc/mach_port.c
154	B	ast.c	0x156694	0x1568d8	0x156693	0x1568d8	2	0	0	1	0x1deb22	0x1deb22	False	darwin01/kernel/kern/ast.c;mach4/kernel/kern/ast.c;nextmach/mk-108.1/kern/ast.c
155	B	exception.c	0x1568d8	0x157956	0x1568d8	0x157958	10	0	0	5	0x1deb58	0x1deb80	False	darwin01/kernel/kern/exception.c;mach4/kernel/kern/exception.c
156	B	host.c	0x157958	0x157c3e	0x157956	0x157c40	5	0	0	1	0x1deb90	0x1deb90	False	darwin01/kernel/kern/host.c;mach4/kernel/kern/host.c;nextmach/mk-108.1/kern/host.c
157	B	ipc_host.c	0x157c40	0x1581a7	0x157c3e	0x1581a8	19	0	0	5	0x1deba0	0x1debdd	False	darwin01/kernel/kern/ipc_host.c;mach4/kernel/kern/ipc_host.c;nextmach/mk-108.1/kern/ipc_host.c
158	B	ipc_kobject.c	0x1581a8	0x15846a	0x1581a7	0x15846c	4	0	0	3	0x1debec	0x1dec18	False	darwin01/kernel/kern/ipc_kobject.c;mach4/kernel/kern/ipc_kobject.c
159	B	ipc_mig.c	0x15846c	0x158fff	0x15846a	0x159000	10	0	0	6	0x1dec47	0x1dec9e	False	darwin01/kernel/kern/ipc_mig.c;mach4/kernel/kern/ipc_mig.c
160	B	ipc_sched.c	0x159000	0x1593e1	0x158fff	0x1593e4	5	0	0	1	0x1decb5	0x1decb5	False	darwin01/kernel/kern/ipc_sched.c;mach4/kernel/kern/ipc_sched.c
161	B	ipc_tt.c	0x1593e4	0x15a39c	0x1593e1	0x15a39c	32	0	0	4	0x1decc4	0x1decf0	False	darwin01/kernel/kern/ipc_tt.c;mach4/kernel/kern/ipc_tt.c;nextmach/mk-108.1/kern/ipc_tt.c
162	B	ipc_xxx.c	0x15a39c	0x15a628	0x15a39c	0x15a628	8	0	0	1	0x1ded08	0x1ded08	False	darwin01/kernel/kern/ipc_xxx.c
163	C	ds_routines.c,i386at_ds_routines.c	0x15a628	0x15a631	0x15a628	0x15a634	1	0	0	0			False	mach4/i386/kernel/i386at/i386at_ds_routines.c;mach4/kernel/device/ds_routines.c
164	C	vm_object.c	0x15a634	0x15a63b	0x15a631	0x15a63c	1	0	0	0			False	mach4/kernel/vm/vm_object.c
165	C	ipc_basics.c,ipc_xxx.c	0x15a63c	0x15a66f	0x15a63b	0x15a670	1	0	0	0			False	darwin01/kernel/kern/ipc_xxx.c;nextmach/mk-108.1/kern/ipc_basics.c
166	C	ipc_tt.c	0x15a670	0x15a67c	0x15a66f	0x15a67c	1	0	0	0			False	nextmach/mk-108.1/kern/ipc_tt.c
167	B	kalloc.c	0x15a67c	0x15ab93	0x15a67c	0x15ab9c	9	0	0	2	0x1ded58	0x1ded62	False	darwin01/kernel/kern/kalloc.c;mach4/bootstrap/kalloc.c;mach4/kernel/kern/kalloc.c;nextmach/mk-108.1/kern/kalloc.c
168	B	kernel_stack.c	0x15ab9c	0x15b504	0x15ab93	0x15b504	13	0	0	23	0x1ded68	0x1dedcd	False	darwin01/kernel/kern/kernel_stack.c;nextmach/mk-108.1/kern/kernel_stack.c
169	B	lock.c	0x15b504	0x15bc2d	0x15b504	0x15bc30	16	0	0	2	0x1dede0	0x1dee0a	False	darwin01/kernel/kern/lock.c;mach4/kernel/kern/lock.c;nextmach/mk-108.1/kern/lock.c
170	B	mach_clock.c	0x15bc30	0x15c023	0x15bc2d	0x15c100	8	0	0	7	0x1dee3c	0x1dee3c	False	darwin01/kernel/kern/mach_clock.c;mach4/kernel/kern/mach_clock.c
171	C	mach_factor.c	0x15c100	0x15c2fc	0x15c023	0x15c2fc	1	0	0	2	0x1dee70	0x1dee80	False	darwin01/kernel/kern/mach_factor.c;mach4/kernel/kern/mach_factor.c;nextmach/mk-108.1/kern/mach_factor.c
172	B	mach_header.c	0x15c2fc	0x15c7a2	0x15c2fc	0x15c828	14	0	0	10	0x1dee8c	0x1def08	False	darwin01/kernel/kern/mach_header.c
173	C	mach_init.c,startup.c	0x15c828	0x15c945	0x15c7a2	0x15c948	1	0	0	0			False	darwin01/kernel/kern/mach_init.c;mach4/kernel/kern/startup.c;nextmach/mk-108.1/kern/mach_init.c
174	C	mach_fat.c	0x15c948	0x15ca71	0x15c945	0x15ca74	1	0	0	0			False	darwin01/kernel/kern/mach_fat.c
175	C	mach_loader.c	0x15ca74	0x15cb1c	0x15ca71	0x15d8d0	1	0	0	0			False	darwin01/kernel/kern/mach_loader.c;nextmach/mk-108.1/kern/mach_loader.c
176	B	mach_net.c	0x15d8d0	0x15de68	0x15cb1c	0x15de68	7	0	0	2	0x1def29	0x1def3b	False	darwin01/kernel/kern/mach_net.c;nextmach/mk-108.1/kern/mach_net.c
177	B	machine.c	0x15de68	0x15dfe4	0x15de68	0x15dfe4	6	0	0	0			False	darwin01/kernel/kern/machine.c;mach4/kernel/kern/machine.c;nextmach/mk-108.1/kern/machine.c
178	B	mfs_prim.c	0x15dfe4	0x15fe6e	0x15dfe4	0x15fe70	25	0	1	9	0x1def68	0x1defa5	False	nextmach/mk-108.1/kern/mfs_prim.c
179	B	mapfs.c	0x15fe70	0x1600ca	0x15fe6e	0x1601b8	6	0	0	0			False	darwin01/kernel/kern/mapfs.c
180	B	miniMon.c	0x1601b8	0x16040e	0x1600ca	0x1604b0	3	2	0	12	0x1df12a	0x1df1d0	False	darwin01/kernel/kern/miniMon.c
181	B	ns_timer.c	0x1604b0	0x160672	0x16040e	0x160714	6	0	0	0			False	darwin01/kernel/kern/ns_timer.c
182	C	mach_clock.c	0x160714	0x160795	0x160672	0x160844	1	0	0	0			False	darwin01/kernel/kern/mach_clock.c
183	B	us_timer.c	0x160844	0x160ad9	0x160795	0x160adc	5	0	0	6	0x1df21c	0x1df220	False	nextmach/mk-108.1/next/us_timer.c
184	B	power.c	0x160adc	0x160e81	0x160ad9	0x160e84	7	0	0	2	0x1df224	0x1df224	False	darwin01/kernel/kern/power.c
185	C	priority.c	0x160e84	0x161132	0x160e81	0x161134	1	0	0	0			False	darwin01/kernel/kern/priority.c;mach4/kernel/kern/priority.c
186	B	processor.c	0x161134	0x161e5a	0x161132	0x161e5c	27	0	0	2	0x1df228	0x1df24a	False	darwin01/kernel/kern/processor.c;mach4/kernel/kern/processor.c;nextmach/mk-108.1/kern/processor.c
187	B	queue.c	0x161e5c	0x161f4b	0x161e5a	0x161f4c	7	0	0	0			False	mach4/kernel/kern/queue.c;nextmach/mk-108.1/kern/queue.c
188	C	kdp.c	0x161f4c	0x162029	0x161f4b	0x162a24	1	0	0	4	0x1df274	0x1df2f8	False	darwin01/kernel/kern/kdp.c
189	B	kdp_udp.c	0x162a24	0x162d7e	0x162029	0x162d80	2	0	0	12	0x1df358	0x1df4fe	False	darwin01/kernel/kern/kdp_udp.c
190	B	sched_prim.c	0x162d80	0x16537d	0x162d7e	0x165380	35	0	0	27	0x1df520	0x1df708	False	darwin01/kernel/kern/sched_prim.c;mach4/kernel/kern/sched_prim.c;nextmach/mk-108.1/kern/sched_prim.c
191	B	syscall_subr.c	0x165380	0x165949	0x16537d	0x16594c	10	0	0	0			False	darwin01/kernel/kern/syscall_subr.c;mach4/kernel/kern/syscall_subr.c;nextmach/mk-108.1/kern/syscall_subr.c
192	B	syscall_sw.c	0x16594c	0x165964	0x165949	0x165964	2	0	0	0			False	darwin01/kernel/kern/syscall_sw.c;mach4/kernel/kern/syscall_sw.c;nextmach/mk-108.1/kern/syscall_sw.c
193	B	task.c	0x165964	0x166a5a	0x165964	0x166a5c	21	0	0	2	0x1dfb94	0x1dfb9a	False	darwin01/kernel/kern/task.c;mach4/kernel/kern/task.c;nextmach/mk-108.1/kern/task.c
194	B	thread.c	0x166a5c	0x168ed4	0x166a5a	0x168ed4	42	0	0	14	0x1dfbcc	0x1dfc97	False	darwin01/kernel/kern/thread.c;mach4/kernel/kern/thread.c;nextmach/mk-108.1/kern/thread.c
195	B	thread_swap.c	0x168ed4	0x169124	0x168ed4	0x16a158	5	0	0	1	0x1dfcac	0x1dfcac	False	darwin01/kernel/kern/thread_swap.c;mach4/kernel/kern/thread_swap.c;nextmach/mk-108.1/kern/thread_swap.c
196	C	time_stamp.c	0x16a158	0x16a196	0x169124	0x16a198	1	0	0	0			False	darwin01/kernel/kern/time_stamp.c;mach4/kernel/kern/time_stamp.c;nextmach/mk-108.1/kern/time_stamp.c
197	B	timer.c	0x16a198	0x16a35e	0x16a196	0x16a490	6	0	0	0			False	darwin01/kernel/kern/timer.c;mach4/kernel/kern/timer.c;nextmach/mk-108.1/kern/timer.c
198	B	zalloc.c	0x16a490	0x16c1c3	0x16a35e	0x16c1c4	18	2	1	12	0x1dfcf8	0x1dfd7c	False	darwin01/kernel/kern/zalloc.c;mach4/kernel/kern/zalloc.c;nextmach/mk-108.1/kern/zalloc.c
199	B	kern_server.c	0x16c1c4	0x16d20a	0x16c1c3	0x16d20c	23	5	0	8	0x1dfd90	0x1dfed1	False	darwin01/kernel/kernserv/kern_server.c;nextmach/mk-108.1/kernserv/kern_server.c
200	B	ipc_notify.c,kern_notify.c	0x16d20c	0x16d64d	0x16d20a	0x16d650	3	3	1	16	0x1dff10	0x1e00c0	False	darwin01/kernel/kernserv/kern_notify.c;nextmach/mk-108.1/kern/ipc_notify.c
201	C	kern_server_handler.c	0x16d650	0x16d6ec	0x16d64d	0x16dca8	1	0	0	0			False	nextmach/mk-108.1/kernserv/kern_server_handler.c
202	B	kern_server_reply_handler.c	0x16dca8	0x16df2e	0x16d6ec	0x171e30	3	0	0	0			False	nextmach/kernload-23/libkernload/kern_server_reply_handler.c
203	B	ux_exception.c	0x171e30	0x171f6a	0x16df2e	0x172038	2	0	0	0			False	darwin01/kernel/uxkern/ux_exception.c;nextmach/mk-108.1/uxkern/ux_exception.c
204	B	vm_fault.c	0x172038	0x173a68	0x171f6a	0x173a68	5	0	0	6	0x1e08e2	0x1e09da	False	darwin01/kernel/vm/vm_fault.c;mach4/kernel/vm/vm_fault.c;nextmach/mk-108.1/vm/vm_fault.c
205	C	vm_init.c	0x173a68	0x173ad3	0x173a68	0x173ad4	1	0	0	0			False	darwin01/kernel/vm/vm_init.c;mach4/kernel/vm/vm_init.c;nextmach/mk-108.1/vm/vm_init.c
206	B	vm_kern.c	0x173ad4	0x174600	0x173ad3	0x174600	13	1	0	7	0x1e09fc	0x1e0a50	False	darwin01/kernel/vm/vm_kern.c;mach4/kernel/vm/vm_kern.c;nextmach/mk-108.1/vm/vm_kern.c
207	B	vm_map.c	0x174600	0x1787c1	0x174600	0x1787c4	29	0	0	35	0x1e0a73	0x1e0ae6	False	darwin01/kernel/vm/vm_map.c;mach4/kernel/vm/vm_map.c;nextmach/mk-108.1/vm/vm_map.c
208	B	vm_mem_region.c	0x1787c4	0x1789cf	0x1787c1	0x1789d0	5	0	0	2	0x1e0b14	0x1e0b1c	False	darwin01/kernel/vm/vm_mem_region.c
209	B	vm_object.c	0x1789d0	0x179d41	0x1789cf	0x179d44	25	0	0	10	0x1e0b40	0x1e0c90	False	darwin01/kernel/vm/vm_object.c;mach4/kernel/vm/vm_object.c;nextmach/mk-108.1/vm/vm_object.c
210	B	vm_pageout.c	0x179d44	0x17a23e	0x179d41	0x17a240	2	0	0	0			False	darwin01/kernel/vm/vm_pageout.c;mach4/kernel/vm/vm_pageout.c;nextmach/mk-108.1/vm/vm_pageout.c
211	B	vm_pager.c	0x17a240	0x17a336	0x17a23e	0x17a338	6	0	0	3	0x1e0cbc	0x1e0cf5	False	darwin01/kernel/vm/vm_pager.c;nextmach/mk-108.1/vm/vm_pager.c
212	B	vm_policy.c	0x17a338	0x17a9b1	0x17a336	0x17a9b4	4	3	0	0			False	darwin01/kernel/vm/vm_policy.c
213	B	vm_resident.c	0x17a9b4	0x17b9dd	0x17a9b1	0x17b9e0	17	0	0	6	0x1e0d24	0x1e0d93	False	darwin01/kernel/vm/vm_resident.c;mach4/kernel/vm/vm_resident.c;nextmach/mk-108.1/vm/vm_resident.c
214	C	vm_synchronize.c	0x17b9e0	0x17ba1b	0x17b9dd	0x17bd28	1	0	0	0			False	darwin01/kernel/vm/vm_synchronize.c;nextmach/mk-108.1/vm/vm_synchronize.c
215	B	vm_unix.c	0x17bd28	0x17c409	0x17ba1b	0x17c4e0	14	0	0	4	0x1e0db4	0x1e0e27	False	darwin01/kernel/vm/vm_unix.c;nextmach/mk-108.1/vm/vm_unix.c
216	B	vm_user.c	0x17c4e0	0x17c942	0x17c409	0x17c944	11	0	0	1	0x1e0e3d	0x1e0e3d	False	darwin01/kernel/vm/vm_user.c;mach4/kernel/vm/vm_user.c;nextmach/mk-108.1/vm/vm_user.c
217	B	vnode_pager.c	0x17c944	0x17e1e8	0x17c942	0x17e1e8	19	1	0	20	0x1e0e58	0x1e0f1f	False	darwin01/kernel/vm/vnode_pager.c;nextmach/mk-108.1/vm/vnode_pager.c
218	B	objc_support.m	0x17e1e8	0x17e22d	0x17e1e8	0x17e234	3	0	0	1	0x1e0f36	0x1e0f36	False	darwin01/kernel/driverkit/objc_support.m
219	C	autoconfCommon.m	0x17e234	0x17e70a	0x17e22d	0x17e70c	12	4	0	5	0x1e0f49	0x1e4f84	True	darwin01/kernel/driverkit/autoconfCommon.m
220	B	KernLock.m	0x17e70c	0x17e83d	0x17e70a	0x17e840	8	0	0	0			False	darwin01/kernel/driverkit/KernLock.m;objc module /BinarySourceCache_Mario1A/mk/mk-183.34.4/driverkit/KernLock.m
221	C	KernBus.m	0x17e840	0x17f749	0x17e83d	0x17f74c	51	0	0	4	0x1e0fc8	0x1e0fce	True	objc module /BinarySourceCache_Mario1A/mk/mk-183.34.4/driverkit/KernBus.m
222	B	KernBusMemory.m	0x17f74c	0x17fac9	0x17f749	0x17facc	8	0	0	0			False	darwin01/kernel/driverkit/KernBusMemory.m;objc module /BinarySourceCache_Mario1A/mk/mk-183.34.4/driverkit/KernBusMemory.m
223	B	KernBusInterrupt.m	0x17facc	0x17ffd7	0x17fac9	0x1800e0	12	0	0	0			False	darwin01/kernel/driverkit/KernBusInterrupt.m;objc module /BinarySourceCache_Mario1A/mk/mk-183.34.4/driverkit/KernBusInterrupt.m
224	B	KernDevice.m	0x1800e0	0x180a5f	0x17ffd7	0x180a60	22	1	0	1	0x1e0fd0	0x1e0fd0	False	darwin01/kernel/driverkit/KernDevice.m;objc module /BinarySourceCache_Mario1A/mk/mk-183.34.4/driverkit/KernDevice.m
225	B	KernDeviceDescription.m	0x180a60	0x181a08	0x180a5f	0x181a60	26	1	0	13	0x1e0fe8	0x1e1084	False	objc module /BinarySourceCache_Mario1A/mk/mk-183.34.4/driverkit/KernDeviceDescription.m
226	B	KernStringList.m	0x181a60	0x181c98	0x181a08	0x181c98	6	0	0	0			False	objc module /BinarySourceCache_Mario1A/mk/mk-183.34.4/driverkit/KernStringList.m
227	B	driverServerXXX.m	0x181c98	0x1827ed	0x181c98	0x18335c	21	0	0	9	0x1e109d	0x1e10ed	False	darwin01/kernel/driverkit/driverServerXXX.m
228	C	SCSIDiskKern.m	0x18335c	0x18355b	0x1827ed	0x18355c	3	0	0	3	0x1e1268	0x1e1350	True	darwin01/kernel/bsd/dev/SCSIDiskKern.m
229	C	sd.c	0x18355c	0x18409a	0x18355b	0x184178	5	0	0	2	0x1e1268	0x1e1268	True	nextmach/mk-108.1/nextdev/sd.c;nextmach/mk-108.1/stand/sd.c
230	B	SCSIGenericKern.m	0x184178	0x18447c	0x18409a	0x18494c	3	0	0	0			False	darwin01/kernel/bsd/dev/SCSIGenericKern.m
231	B	ddm.c,debugging.m	0x18494c	0x184bb6	0x18447c	0x184bb8	7	0	0	2	0x1e13a4	0x1e13c7	False	darwin01/driverkit-1/libDriver/User/debugging.m;darwin01/kernel/driverkit/ddm.c
232	C	vol.c	0x184bb8	0x184d6d	0x184bb6	0x184d70	3	0	0	11	0x1e13ec	0x1e1400	True	darwin01/kernel/bsd/dev/vol.c;nextmach/mk-108.1/nextdev/vol.c
233	C	volDriver.m	0x184d70	0x1857fb	0x184d6d	0x185900	6	1	0	76	0x1e13ec	0x1e16bc	True	darwin01/driverkit-1/libDriver/User/volDriver.m
234	C	vol.c	0x185900	0x1859d9	0x1857fb	0x185a8c	3	0	0	9	0x1e13f4	0x1e16ec	True	darwin01/kernel/bsd/dev/vol.c;nextmach/mk-108.1/nextdev/vol.c
235	B	kdp_machdep.c	0x185a8c	0x185e03	0x1859d9	0x185fb0	13	0	2	1	0x1e1716	0x1e1716	False	darwin01/kernel/machdep/i386/kdp_machdep.c;darwin01/kernel/machdep/ppc/kdp_machdep.c
236	B	miniMonMachdep.c	0x185fb0	0x18604a	0x185e03	0x1860dc	6	0	0	0			False	darwin01/kernel/machdep/i386/miniMonMachdep.c;darwin01/kernel/machdep/ppc/miniMonMachdep.c
237	C	boothdr.S,crt0.S,i16_bootsect.S,locore.s,start.s	0x1860dc	0x186135	0x18604a	0x186fdc	1	0	0	0			False	darwin01/kernel/machdep/ppc/start.s;mach4/i386/boot/bsd/crt0.S;mach4/i386/boot/linux/i16_bootsect.S;mach4/i386/kernel/i386at/boothdr.S;nextmach/mk-108.1/next/locore.s
238	B	catch.c	0x186fdc	0x187108	0x186135	0x187108	2	0	0	0			False	darwin01/kernel/machdep/i386/catch.c
239	C	bios_asm.s	0x187108	0x1871d1	0x187108	0x1871d4	1	0	0	14	0x1e17c0	0x1e17d4	False	darwin01/kernel/machdep/i386/bios_asm.s
240	C	bios.c	0x1871d4	0x1871e6	0x1871d1	0x187400	1	0	0	0			False	darwin01/kernel/machdep/i386/bios.c
241	B	APM.c,APM_i386.c	0x187400	0x1877f5	0x1871e6	0x1877f8	9	0	0	1	0x1e17d8	0x1e17d8	False	darwin01/kernel/machdep/i386/APM_i386.c;darwin01/kernel/machdep/ppc/APM.c
242	C	IODiskPartition.m,checksum_16.c	0x1877f8	0x187842	0x1877f5	0x187844	1	0	0	0			False	darwin01/driverkit-1/libDriver/IODiskPartition.m;darwin01/kernel/machdep/i386/checksum_16.c;nextmach/mk-108.1/next/checksum_16.c
243	B	machine_clock.c	0x187844	0x187fe9	0x187842	0x187fec	4	2	8	3	0x1e17fc	0x1e182a	False	darwin01/kernel/machdep/i386/machine_clock.c;darwin01/kernel/machdep/ppc/machine_clock.c
244	C	dkbad.c	0x187fec	0x188044	0x187fe9	0x188044	1	0	0	0			False	nextmach/mk-108.1/next/dkbad.c
245	B	dma.c	0x188044	0x189745	0x188044	0x189748	21	1	0	88	0x1e1844	0x1e18ac	False	darwin01/kernel/machdep/i386/dma.c
246	B	dma_buf.c	0x189748	0x1898bb	0x189745	0x18991c	3	0	0	0			False	darwin01/kernel/machdep/i386/dma_buf.c
247	B	dbl_fault.c	0x18991c	0x189a5a	0x1898bb	0x189a5c	2	0	0	0			False	darwin01/kernel/machdep/i386/dbl_fault.c
248	B	fault_copy.c	0x189a5c	0x18a2f6	0x189a5a	0x18a310	14	0	0	0			False	darwin01/kernel/machdep/i386/fault_copy.c;darwin01/kernel/machdep/ppc/fault_copy.c
249	C	fp_support.c	0x18a310	0x18a902	0x18a2f6	0x18a904	7	3	0	1	0x1e2636	0x1e2636	True	darwin01/kernel/machdep/i386/fp_support.c
250	B	gdt.c	0x18a904	0x18aafa	0x18a902	0x18aafc	2	0	0	0			False	darwin01/kernel/machdep/i386/gdt.c;mach4/i386/kernel/i386/gdt.c
251	C	i386_init.c	0x18aafc	0x18b181	0x18aafa	0x18b184	8	3	0	3	0x1e19b8	0x1e19f7	True	darwin01/kernel/machdep/i386/i386_init.c
252	B	idt.c	0x18b184	0x18b2ab	0x18b181	0x18b2ac	2	0	0	1	0x1e1a08	0x1e1a08	False	darwin01/kernel/machdep/i386/idt.c;mach4/i386/kernel/i386/idt.c
253	C	in_cksum.c	0x18b2ac	0x18b512	0x18b2ab	0x18b514	1	0	0	0			False	darwin01/kernel/bsd/netinet/in_cksum.c;darwin01/kernel/machdep/i386/in_cksum.c;nextmach/mk-108.1/next/in_cksum.c
254	B	intr.c	0x18b514	0x18b60b	0x18b512	0x18b60c	3	0	0	0			False	darwin01/kernel/machdep/i386/intr.c
255	B	spl.S	0x18b60c	0x18c1a6	0x18b60b	0x18c1a8	16	0	3	0			False	mach4/i386/kernel/i386/spl.S
256	B	intr.c	0x18c1a8	0x18c9da	0x18c1a6	0x18c9dc	11	0	0	2	0x1e2208	0x1e2248	False	darwin01/kernel/machdep/i386/intr.c
257	B	locore.S	0x18c9dc	0x18cac5	0x18c9da	0x18cac8	8	0	0	0			False	mach4/i386/kernel/i386/locore.S
258	B	kern_machdep.c	0x18cac8	0x18cbca	0x18cac5	0x18cbcc	2	0	0	0			False	darwin01/kernel/machdep/i386/kern_machdep.c;darwin01/kernel/machdep/ppc/kern_machdep.c;nextmach/mk-108.1/next/kern_machdep.c
259	C	ldt.c	0x18cbcc	0x18cc25	0x18cbca	0x18cc28	1	0	0	0			False	darwin01/kernel/machdep/i386/ldt.c;mach4/i386/kernel/i386/ldt.c
260	B	machdep.c	0x18cc28	0x18d1e1	0x18cc25	0x18d1e4	12	1	0	26	0x1e227c	0x1e23eb	False	darwin01/kernel/machdep/i386/machdep.c;darwin01/kernel/machdep/ppc/machdep.c;nextmach/mk-108.1/next/machdep.c
261	C	machine_clock.c	0x18d1e4	0x18d206	0x18d1e1	0x18d208	1	0	0	0			False	darwin01/kernel/machdep/i386/machine_clock.c
262	B	pcb.c	0x18d208	0x18ec6d	0x18d206	0x18ec70	34	2	0	1	0x1e2478	0x1e2478	False	darwin01/kernel/machdep/i386/pcb.c;darwin01/kernel/machdep/ppc/pcb.c;mach4/i386/kernel/i386/pcb.c;nextmach/mk-108.1/next/pcb.c
263	B	pmap.c	0x18ec70	0x191846	0x18ec6d	0x191848	36	11	2	23	0x1e2488	0x1e2618	False	darwin01/kernel/machdep/i386/pmap.c;darwin01/kernel/machdep/ppc/pmap.c;mach4/i386/kernel/intel/pmap.c;nextmach/mk-108.1/next/pmap.c
264	C	swapgeneric.c,swapgeneric.m	0x191848	0x191e48	0x191846	0x191e48	4	1	0	23	0x1e2677	0x1e27e8	True	darwin01/kernel/machdep/i386/swapgeneric.m;darwin01/kernel/machdep/ppc/swapgeneric.m;nextmach/mk-108.1/next/swapgeneric.c
265	C	sys_machdep.c	0x191e48	0x191e4f	0x191e48	0x191e50	1	0	0	0			False	darwin01/kernel/machdep/i386/sys_machdep.c
266	C	trap.c	0x191e50	0x192c1f	0x191e4f	0x192c20	7	4	1	9	0x1da22c	0x1e2880	True	darwin01/kernel/machdep/i386/trap.c;mach4/i386/kernel/i386/trap.c;nextmach/mk-108.1/next/trap.c
267	B	ufs_byte_order.c	0x192c20	0x193359	0x192c1f	0x19335c	7	1	7	0			False	darwin01/kernel/bsd/ufs/ufs/ufs_byte_order.c
268	B	ufs_machdep.c	0x19335c	0x1934e9	0x193359	0x1934ec	2	0	0	0			False	nextmach/mk-108.1/next/ufs_machdep.c
269	B	unix_signal.c	0x1934ec	0x193a98	0x1934e9	0x193a98	3	0	0	0			False	darwin01/kernel/machdep/i386/unix_signal.c;darwin01/kernel/machdep/ppc/unix_signal.c
270	B	machdep.c,unix_startup.c	0x193a98	0x193e56	0x193a98	0x193e58	2	0	0	3	0x1e28ac	0x1e290b	False	darwin01/kernel/machdep/i386/unix_startup.c;darwin01/kernel/machdep/ppc/unix_startup.c;nextmach/mk-108.1/next/machdep.c
271	B	vm_machdep.c	0x193e58	0x193f31	0x193e56	0x193f34	2	0	0	1	0x1e294a	0x1e294a	False	darwin01/kernel/machdep/i386/vm_machdep.c;nextmach/mk-108.1/next/vm_machdep.c
272	B	autoconf_i386.m	0x193f34	0x19488e	0x193f31	0x1948f8	7	1	0	36	0x1e29ad	0x1e2cb7	False	darwin01/kernel/driverkit/i386/autoconf_i386.m
273	B	cons.c	0x1948f8	0x194bf2	0x19488e	0x194bf4	7	0	0	6	0x1e2f40	0x1e2f60	False	darwin01/kernel/bsd/dev/i386/cons.c;darwin01/kernel/bsd/dev/ppc/cons.c;mach4/kernel/device/cons.c;nextmach/mk-108.1/next/cons.c
274	B	mem.c	0x194bf4	0x194dfc	0x194bf2	0x194dfc	3	0	0	1	0x1e36a0	0x1e36a0	False	darwin01/kernel/bsd/dev/i386/mem.c;darwin01/kernel/bsd/dev/ppc/mem.c;nextmach/mk-108.1/next/mem.c
275	B	kdasm.S,kdasm.s	0x194dfc	0x194e41	0x194dfc	0x194e44	3	0	0	0			False	darwin01/kernel/bsd/dev/i386/kdasm.s;mach4/i386/kernel/i386at/kdasm.S
276	B	rtc.c	0x194e44	0x19554c	0x194e41	0x19554c	8	0	0	17	0x1e36a8	0x1e36b0	False	darwin01/kernel/bsd/dev/i386/rtc.c;mach4/i386/kernel/i386at/rtc.c
277	C	ev.c	0x19554c	0x195758	0x19554c	0x195758	3	0	0	4	0x1e36dc	0x1e3765	True	darwin01/kernel/bsd/dev/ev.c
278	C	kmDevice.m	0x195758	0x196d12	0x195758	0x196d14	30	1	0	49	0x1daffc	0x1e3e69	True	darwin01/kernel/bsd/dev/i386/kmDevice.m;darwin01/kernel/bsd/dev/ppc/kmDevice.m;objc module /BinarySourceCache_Mario1A/mk/mk-183.34.4/bsd/dev/i386/kmDevice.m
279	C	km.c	0x196d14	0x197049	0x196d12	0x19704c	6	0	0	5	0x1dafec	0x1db010	True	nextmach/mk-108.1/nextdev/km.c
280	B	km.m	0x19704c	0x1975cd	0x197049	0x1975d0	12	2	0	1	0x1e3e78	0x1e3e78	False	darwin01/kernel/bsd/dev/i386/km.m;darwin01/kernel/bsd/dev/ppc/km.m
281	B	kmGraphics.m	0x1975d0	0x197985	0x1975cd	0x197988	2	0	0	6	0x1e3e8c	0x1e3e90	False	objc module /BinarySourceCache_Mario1A/mk/mk-183.34.4/bsd/dev/i386/kmGraphics.m
282	C	kmLocalized.m	0x197988	0x1979e4	0x197985	0x1979e4	1	0	0	0			False	darwin01/kernel/bsd/dev/i386/kmLocalized.m;darwin01/kernel/bsd/dev/ppc/kmLocalized.m
283	B	BasicConsole.c	0x1979e4	0x197ca0	0x1979e4	0x19b54c	2	0	0	0			False	darwin01/kernel/bsd/dev/i386/BasicConsole.c
284	B	VGAConsole.c	0x19b54c	0x19b81c	0x197ca0	0x19ec24	3	0	0	0			False	darwin01/kernel/bsd/dev/i386/VGAConsole.c
285	C	FBConsole.c	0x19ec24	0x19ecb6	0x19b81c	0x19f0b8	1	0	0	0			False	darwin01/kernel/bsd/dev/i386/FBConsole.c;darwin01/kernel/bsd/dev/ppc/FBConsole.c
286	B	EventSrcPCKeyboard.m	0x19f0b8	0x1a00e1	0x19ecb6	0x1a00e4	27	0	0	21	0x1e488c	0x1e49a7	False	objc module /BinarySourceCache_Mario1A/mk/mk-183.34.4/bsd/dev/i386/EventSrcPCKeyboard.m
287	B	EventSrcPCPointer.m	0x1a00e4	0x1a0ac7	0x1a00e1	0x1a0ac8	14	0	0	17	0x1e49bc	0x1e4ac3	False	objc module /BinarySourceCache_Mario1A/mk/mk-183.34.4/bsd/dev/i386/EventSrcPCPointer.m
288	B	PCPointer.m	0x1a0ac8	0x1a0d49	0x1a0ac7	0x1a0d90	9	0	0	6	0x1e4ad2	0x1e4b6d	False	darwin01/kernel/bsd/dev/i386/PCPointer.m;darwin01/kernel/bsd/dev/ppc/PCPointer.m;objc module /BinarySourceCache_Mario1A/mk/mk-183.34.4/bsd/dev/i386/PCPointer.m
289	B	kbd_entries.m	0x1a0d90	0x1a0e46	0x1a0d49	0x1a0e48	4	0	0	4	0x1e4b78	0x1e4b7c	False	darwin01/kernel/bsd/dev/i386/kbd_entries.m
290	B	PCinit.c	0x1a0e48	0x1a139d	0x1a0e46	0x1a13a0	7	0	0	0			False	darwin01/kernel/machdep/i386/pc_support/PCinit.c
291	C	PCexception.c	0x1a13a0	0x1a1511	0x1a139d	0x1a15c4	1	0	0	0			False	darwin01/kernel/machdep/i386/pc_support/PCexception.c
292	B	PCresume.c	0x1a15c4	0x1a19c7	0x1a1511	0x1a1a00	5	0	0	0			False	darwin01/kernel/machdep/i386/pc_support/PCresume.c
293	B	PCtimers.c	0x1a1a00	0x1a1b5d	0x1a19c7	0x1a25a4	5	0	0	0			False	darwin01/kernel/machdep/i386/pc_support/PCtimers.c
294	C	PCemulateREAL.c	0x1a25a4	0x1a26c8	0x1a1b5d	0x1a3ac4	1	0	0	1	0x1e4b80	0x1e4b80	False	darwin01/kernel/machdep/i386/pc_support/PCemulateREAL.c
295	C	PCemulatePROT.c	0x1a3ac4	0x1a3d0a	0x1a26c8	0x1a3d0c	1	0	0	0			False	darwin01/kernel/machdep/i386/pc_support/PCemulatePROT.c
296	B	IODevice.m	0x1a3d0c	0x1a521f	0x1a3d0a	0x1a5220	47	5	0	3	0x1e4f98	0x1e50c0	False	darwin01/driverkit-1/libDriver/IODevice.m;objc module IODevice.m
297	B	IOConfigTable.m	0x1a5220	0x1a5447	0x1a521f	0x1a5448	7	0	0	0			False	darwin01/driverkit-1/libDriver/Kernel/IOConfigTable.m;objc module Kernel/IOConfigTable.m
298	B	generalFuncs.m	0x1a5448	0x1a5615	0x1a5447	0x1a5618	14	0	0	0			False	darwin01/driverkit-1/libDriver/Kernel/generalFuncs.m;darwin01/driverkit-1/libDriver/User/generalFuncs.m
299	C	memcpy.c	0x1a5618	0x1a5711	0x1a5615	0x1a5714	1	0	0	0			False	darwin01/driverkit-1/libDriver/i386/memcpy.c;darwin01/driverkit-1/libDriver/ppc/memcpy.c
300	B	IODisk.m	0x1a5714	0x1a5e3d	0x1a5711	0x1a5e40	38	0	0	2	0x1e50c4	0x1e50c8	False	objc module IODisk.m
301	B	IOLogicalDisk.m	0x1a5e40	0x1a639a	0x1a5e3d	0x1a639c	17	0	0	0			False	objc module IOLogicalDisk.m
302	C	IODiskPartition.m	0x1a639c	0x1a758b	0x1a639a	0x1a758c	23	0	0	1	0x1e50f4	0x1e50f4	True	objc module IODiskPartition.m
303	B	volCheck.m	0x1a758c	0x1a76a4	0x1a758b	0x1a7e0c	6	0	0	0			False	darwin01/driverkit-1/libDriver/volCheck.m
304	B	IODeviceDescription.m	0x1a7e0c	0x1a82e5	0x1a76a4	0x1a83dc	20	0	0	0			False	objc module IODeviceDescription.m
305	B	IODirectDevice.m	0x1a83dc	0x1a8cf8	0x1a82e5	0x1a8cf8	27	0	0	0			False	objc module IODirectDevice.m
306	B	NXSpinLock.m	0x1a8cf8	0x1a8dd9	0x1a8cf8	0x1a8ddc	4	0	0	0			False	objc module Kernel/NXSpinLock.m
307	B	NXConditionLock.m	0x1a8ddc	0x1a8fd5	0x1a8dd9	0x1a8fd8	8	0	0	0			False	objc module Kernel/NXConditionLock.m
308	B	NXLock.m	0x1a8fd8	0x1a90b7	0x1a8fd5	0x1a90b8	4	0	0	0			False	objc module Kernel/NXLock.m
309	B	generalFuncsPrivate.m	0x1a90b8	0x1a9404	0x1a90b7	0x1a9404	18	1	0	0			False	darwin01/driverkit-1/libDriver/Kernel/generalFuncsPrivate.m
310	B	IOBufDevice.m	0x1a9404	0x1a95c7	0x1a9404	0x1a9694	8	0	0	0			False	objc module Kernel/IOBufDevice.m
311	B	IONetwork.m	0x1a9694	0x1a9965	0x1a95c7	0x1a9968	18	0	0	0			False	objc module Kernel/IONetwork.m
312	B	IONetbufQueue.m	0x1a9968	0x1a9ad3	0x1a9965	0x1a9ad4	7	0	0	0			False	objc module Kernel/IONetbufQueue.m
313	C	devswAndVfssw.m	0x1a9ad4	0x1a9f19	0x1a9ad3	0x1a9f98	9	0	0	11	0x1db644	0x1e512c	True	darwin01/driverkit-1/libDriver/Kernel/devswAndVfssw.m
314	B	IOEthernet.m	0x1a9f98	0x1aacdf	0x1a9f19	0x1aace0	34	0	0	3	0x1e5144	0x1e5147	False	objc module Kernel/IOEthernet.m
315	B	IOEthernetDebugger.m	0x1aace0	0x1aae9e	0x1aacdf	0x1aaf1c	7	0	0	8	0x1e5154	0x1e5154	False	darwin01/driverkit-1/libDriver/Kernel/IOEthernetDebugger.m;objc module Kernel/IOEthernetDebugger.m
316	B	IOTokenRing.m	0x1aaf1c	0x1abaeb	0x1aae9e	0x1abaec	29	0	0	5	0x1e5158	0x1e5168	False	objc module Kernel/IOTokenRing.m
317	B	IOSCSIController.m	0x1abaec	0x1ac296	0x1abaeb	0x1ac298	22	0	0	5	0x1e516c	0x1e516c	False	objc module Kernel/IOSCSIController.m
318	B	kernelDiskMethods.m	0x1ac298	0x1ac3d6	0x1ac296	0x1ac3d8	7	0	0	0			False	objc module Kernel/kernelDiskMethods.m
319	B	SCSIDisk.m	0x1ac3d8	0x1acbc8	0x1ac3d6	0x1acbc8	21	0	0	4	0x1e5170	0x1e5174	False	objc module Kernel/SCSIDisk.m
320	B	SCSIDiskPrivate.m	0x1acbc8	0x1ad8af	0x1acbc8	0x1ad8b0	12	1	0	0			False	objc module Kernel/SCSIDiskPrivate.m
321	B	SCSIDiskThread.m	0x1ad8b0	0x1ae7c8	0x1ad8af	0x1ae7c8	8	1	0	0			False	darwin01/driverkit-1/libDriver/Kernel/SCSIDiskThread.m;objc module Kernel/SCSIDiskThread.m
322	C	SCSIGeneric.m	0x1ae7c8	0x1af058	0x1ae7c8	0x1af058	22	0	0	1	0x1e517c	0x1e517c	True	objc module Kernel/SCSIGeneric.m
323	B	IODisplay.m	0x1af058	0x1af23f	0x1af058	0x1af240	11	0	0	0			False	objc module Kernel/IODisplay.m
324	C	EventDriver.m	0x1af240	0x1b1e1a	0x1af23f	0x1b1e1c	37	1	0	9	0x1ded04	0x1e5364	True	objc module Kernel/EventDriver.m
325	B	EventInput.m	0x1b1e1c	0x1b34a0	0x1b1e1a	0x1b34c0	42	0	0	0			False	objc module Kernel/EventInput.m
326	B	EventIO.m	0x1b34c0	0x1b37bc	0x1b34a0	0x1b37bc	10	0	0	0			False	darwin01/driverkit-1/libDriver/Kernel/EventIO.m
327	B	IOEventSource.m	0x1b37bc	0x1b3aa2	0x1b37bc	0x1b3aa4	8	0	0	0			False	objc module Kernel/IOEventSource.m
328	B	KeyMap.m	0x1b3aa4	0x1b4a31	0x1b3aa2	0x1b4a34	12	0	0	0			False	objc module Kernel/KeyMap.m
329	B	IOAudio.m	0x1b4a34	0x1b7586	0x1b4a31	0x1b75d0	88	2	0	29	0x1e5380	0x1e5394	False	objc module Kernel/IOAudio.m
330	B	AudioChannel.m	0x1b75d0	0x1b8595	0x1b7586	0x1b8598	43	0	0	11	0x1e5398	0x1e53a0	False	objc module Kernel/AudioChannel.m
331	B	AudioStream.m	0x1b8598	0x1b9607	0x1b8595	0x1b9608	34	1	0	14	0x1e53a4	0x1e53a8	False	objc module Kernel/AudioStream.m
332	B	InputStream.m	0x1b9608	0x1b9c54	0x1b9607	0x1b9c54	7	0	0	0			False	objc module Kernel/InputStream.m
333	B	OutputStream.m	0x1b9c54	0x1bab59	0x1b9c54	0x1bab5c	15	0	0	0			False	objc module Kernel/OutputStream.m
334	B	AudioCommand.m	0x1bab5c	0x1bad2f	0x1bab59	0x1bad30	5	0	0	0			False	objc module Kernel/AudioCommand.m
335	B	audio_kern_server.m	0x1bad30	0x1bb3a6	0x1bad2f	0x1bb3a8	4	1	0	2	0x1e53b8	0x1e53b8	False	darwin01/driverkit-1/libDriver/Kernel/audio_kern_server.m
336	B	audio_server.m	0x1bb3a8	0x1bc4e8	0x1bb3a6	0x1bd310	40	0	0	0			False	darwin01/driverkit-1/libDriver/Kernel/audio_server.m
337	C	snd_server.m	0x1bd310	0x1bd3e7	0x1bc4e8	0x1bd3e8	1	0	0	0			False	darwin01/driverkit-1/libDriver/Kernel/snd_server.m
338	B	disk_label.c	0x1bd3e8	0x1bda47	0x1bd3e7	0x1bda48	8	0	0	0			False	darwin01/driverkit-1/libDriver/i386/disk_label.c;darwin01/driverkit-1/libDriver/ppc/disk_label.c
339	B	label_subr.c	0x1bda48	0x1bdb8b	0x1bda47	0x1bdb8c	2	0	0	0			False	darwin01/driverkit-1/libDriver/label_subr.c
340	B	snd_reply.c	0x1bdb8c	0x1bdef0	0x1bdb8b	0x1bdef0	15	0	0	15	0x1e53bc	0x1e53c8	False	darwin01/driverkit-1/libDriver/Kernel/snd_reply.c
341	B	audio_mix.c	0x1bdef0	0x1be71c	0x1bdef0	0x1be71c	14	0	0	0			False	darwin01/driverkit-1/libDriver/Kernel/audio_mix.c
342	B	audio_peak.c	0x1be71c	0x1be9be	0x1be71c	0x1be9c0	6	0	0	0			False	darwin01/driverkit-1/libDriver/Kernel/audio_peak.c
343	B	audio_mulaw.c	0x1be9c0	0x1beb1c	0x1be9be	0x1beb58	4	0	0	8	0x1e53cc	0x1e53cc	False	darwin01/driverkit-1/libDriver/Kernel/audio_mulaw.c
344	B	strtol.c	0x1beb58	0x1bee8b	0x1beb1c	0x1c0918	2	0	0	0			False	darwin01/kernel/bsd/libkern/strtol.c
345	B	IOEISADirectDevice.m	0x1c0918	0x1c133b	0x1bee8b	0x1c133c	32	0	0	0			False	darwin01/driverkit-1/libDriver/eisa/IOEISADirectDevice.m;objc module eisa/IOEISADirectDevice.m
346	B	IOEISADeviceDescription.m	0x1c133c	0x1c1745	0x1c133b	0x1c1748	11	0	0	0			False	objc module eisa/IOEISADeviceDescription.m
347	B	IOPCIDirectDevice.m	0x1c1748	0x1c1b85	0x1c1745	0x1c1b88	10	0	0	0			False	objc module pci/IOPCIDirectDevice.m
348	B	IOPCIDeviceDescription.m	0x1c1b88	0x1c1cb6	0x1c1b85	0x1c1cb8	3	0	0	0			False	objc module pci/IOPCIDeviceDescription.m
349	B	IOPCMCIADirectDevice.m	0x1c1cb8	0x1c2081	0x1c1cb6	0x1c2084	2	0	0	0			False	objc module pcmcia/IOPCMCIADirectDevice.m
350	B	IOPCMCIADeviceDescription.m	0x1c2084	0x1c2233	0x1c2081	0x1c2234	4	0	0	0			False	objc module pcmcia/IOPCMCIADeviceDescription.m
351	B	IOPCMCIATuple.m	0x1c2234	0x1c2387	0x1c2233	0x1c2e1c	5	0	0	0			False	objc module pcmcia/IOPCMCIATuple.m
352	B	IOFrameBufferDisplay.m	0x1c2e1c	0x1c52f2	0x1c2387	0x1c52f4	26	0	0	3	0x1e53d4	0x1e53d4	False	objc module Kernel/IOFrameBufferDisplay.m
353	B	IOSVGADisplay.m	0x1c52f4	0x1c6c41	0x1c52f2	0x1c6c44	31	0	0	4	0x1e53d8	0x1e541c	False	objc module Kernel/IOSVGADisplay.m
354	B	IOVPCodeDisplay.m	0x1c6c44	0x1c87df	0x1c6c41	0x1c87e0	14	0	0	3	0x1e5420	0x1e5434	False	objc module i386/IOVPCodeDisplay.m
355	B	IOMallocLow.m	0x1c87e0	0x1c88eb	0x1c87df	0x1c88ec	2	0	0	0			False	darwin01/driverkit-1/libDriver/Kernel/IOMallocLow.m
356	C	machdepFuncs.m	0x1c88ec	0x1c88f4	0x1c88eb	0x1c8a80	1	0	0	0			False	darwin01/driverkit-1/libDriver/i386/machdepFuncs.m
357	B	HashTable.m	0x1c8a80	0x1c953d	0x1c88f4	0x1c9540	28	1	0	0			False	objc module HashTable.m
358	B	List.m	0x1c9540	0x1c9be8	0x1c953d	0x1c9be8	29	0	0	0			False	objc module List.m
359	B	Object.m	0x1c9be8	0x1ca486	0x1c9be8	0x1ca6dc	56	0	0	0			False	objc module Object.m
360	B	Protocol.m	0x1ca6dc	0x1ca865	0x1ca486	0x1cdef0	5	0	0	0			False	objc module Protocol.m
361	B	objc_support.m	0x1cdef0	0x1cdf30	0x1ca865	0x1d10bc	5	0	0	0			False	darwin01/kernel/driverkit/objc_support.m
