subsystem	arch	status	priority	candidate_sources	notes
boot_locore	x86	unmapped	P1	mach4;darwin01	Confirm entry state and boot-loader contract
trap_context_fpu	x86	unmapped	P1	mach4;darwin01	Confirm saved registers and exception frames
pmap_vm	x86	unmapped	P1	mach4;nextmach;darwin01	Confirm page table and VM object layouts
kern_scheduler_locks	common	unmapped	P1	mach4;nextmach;darwin01	Compare task/thread and synchronization contracts
ipc_mig	common	unmapped	P1	mach4;nextmach;darwin01	Confirm message ABI and generated interfaces
bsd_syscalls	common	unmapped	P2	nextmach;darwin01	Confirm syscall table and proc layout
vfs_ufs	common	unmapped	P2	nextmach;darwin01	Confirm root-mount path and vnode ABI
network	common	unmapped	P2	nextmach;darwin01	Confirm socket and protocol state
driverkit_objc	common	unmapped	P2	darwin01	Confirm Objective-C runtime and autoconfiguration
kernserv_loader	common	unmapped	P2	nextmach;darwin01	Confirm Mach-O loadable server ABI
machine_dependent	sparc	awaiting_binary	P6	unknown	Separate platform baseline required
machine_dependent	future_arch	awaiting_arch_confirmation	P7	unknown	Clarify user term mach
