path	size	sha256_target	local_ref_copy
/NextDeveloper/Headers/ansi/ansi.h	277	9b6b90cc8d43a7e9422af5c9a4453fe893cb778f82ce01234c293ffe49d50866	same
/NextDeveloper/Headers/ansi/ansi.p	150112	3915c3027a4d1de166396da2ebd3b61feada6d9240841febf441d34796ca51e1	differs
/NextDeveloper/Headers/ansi/assert.h	1143	92abd6b89a91e94d6779d379a4745a0f2253a3e3df4761746ef09a64ee8611da	same
/NextDeveloper/Headers/ansi/ctype.h	2266	a51e071fcbeac0ec0dd7cf21dec1c40ce62ef02336e669faba9c1b5c9dd1203e	same
/NextDeveloper/Headers/ansi/errno.h	278	f69fa4092529096f568c3c1b2fdf57c8baee0c29df049e20ba594fa7562d4211	same
/NextDeveloper/Headers/ansi/float.h	105	a4be1089d09d698114631d24d071a60e38dc124bad65b3cde94656f35efc80ff	same
/NextDeveloper/Headers/ansi/hppa/float.h	943	b7a6ad59c74ec0c1a485ae5c13d2cce8ae049eb677fff4c8510972e85eff9db2	same
/NextDeveloper/Headers/ansi/hppa/limits.h	1592	1d1b955213e1ff2d61a0901f771056e43fe22e469a866767d493f9b5072365ee	same
/NextDeveloper/Headers/ansi/hppa/math.h	1474	df73b69290c4d822139489aa105326b640cc55ae09c90d5f2773096d2da05296	same
/NextDeveloper/Headers/ansi/hppa/setjmp.h	1577	225c1d06838f87eecd4d7cc2f327fb3ec1fd936aa0d2a79eb1304b87337f0643	same
/NextDeveloper/Headers/ansi/hppa/stdarg.h	798	be9ddda07c5a336fa70474bd5ab0097618ff72febeda6c8677d857aa152ba7a0	same
/NextDeveloper/Headers/ansi/hppa/stddef.h	553	04050c689b2e4561ea35d0ee3d4a8bff4fc7a1aba1fca7e47169b837be4e86fb	same
/NextDeveloper/Headers/ansi/hppa/stdtypes.h	800	2fa3e77a5e7d56bc591cd85472ceb350bb148ebd516f933786d22368ebfc7d68	same
/NextDeveloper/Headers/ansi/i386/float.h	933	260460333d37ba4e13150e9431baed625679ba5406aedabf6376e88caa354723	same
/NextDeveloper/Headers/ansi/i386/limits.h	905	496c1e07af10c1ed523cf2cee0e1be626301da90eb04247430e412348fe170b2	same
/NextDeveloper/Headers/ansi/i386/math.h	1474	98455edefe5c092de82b665bbc98e927fc6ea7f40cb45951be5e1787b5a42ed7	same
/NextDeveloper/Headers/ansi/i386/setjmp.h	761	dfd9dfc5d0dc1767816fa654ebb811fd6ee3a2a68991dd41fc9cb49594313d35	same
/NextDeveloper/Headers/ansi/i386/stdarg.h	831	52c2720bd80c0a0b75243c1b27522cc5fe10f8d3a023f782198be1312845f9fe	same
/NextDeveloper/Headers/ansi/i386/stddef.h	553	81e6ada09ca444fb4c4f6c9cf946a4ecfdc8c5dc528be5360f96e6af2d0a951c	same
/NextDeveloper/Headers/ansi/i386/stdtypes.h	800	2fa3e77a5e7d56bc591cd85472ceb350bb148ebd516f933786d22368ebfc7d68	same
/NextDeveloper/Headers/ansi/limits.h	1749	610c94e12455c65119325f077a0c3589221ea1940ed362176a8be5eaf10f621a	same
/NextDeveloper/Headers/ansi/locale.h	1059	ff967cda5481bd4cc58dae0ea960b655421e1072164b925fd6dbfb62925482f1	same
/NextDeveloper/Headers/ansi/m68k/float.h	1109	f96b0cdbc86a9c71f6ebac07c28db90daf6943da0380d3655e3a6cece03bc1e7	same
/NextDeveloper/Headers/ansi/m68k/limits.h	1136	4ebd157aca87fe55bb8fba6603e7a3c77917f7ff9abc3f82f1cdb63cb3951e3d	same
/NextDeveloper/Headers/ansi/m68k/math.h	5103	9da08a24e775c107160766aca8f91cf64ae80e90bdef831fa5f5800dfbb9b3a3	same
/NextDeveloper/Headers/ansi/m68k/setjmp.h	3402	3de340722a693c0ccc249f98f3e5d7bf16e1c8b6eba9244816fb04307f93f0c6	same
/NextDeveloper/Headers/ansi/m68k/stdarg.h	831	710e4cc466fb88dfa3acaccaaffaba7fc94c98e0283796345b412435e24a60fc	same
/NextDeveloper/Headers/ansi/m68k/stddef.h	286	8c548bdb08d181a47ae868a9abcfd946052b1628e8ba903fb262d88dd743ed0c	same
/NextDeveloper/Headers/ansi/m68k/stdtypes.h	800	2fa3e77a5e7d56bc591cd85472ceb350bb148ebd516f933786d22368ebfc7d68	same
/NextDeveloper/Headers/ansi/machine/float.h	330	1b4631cbc0c48dc2cc02ab6535fa8c2f25fdd3e70e688682adab42a2f735bb06	same
/NextDeveloper/Headers/ansi/machine/limits.h	334	7817d0d497569ee6cd0ba38f29e719af1f5e46cc0ca36e2a2c18c64db302ff22	same
/NextDeveloper/Headers/ansi/machine/math.h	326	5a175927993ae6f7263df2c41102153b0606e4eb4101bf3b3747d2bf0dc740b5	same
/NextDeveloper/Headers/ansi/machine/setjmp.h	334	1b28494d3c3ca71ae60020f3cdafa702bb0da51cc00cea9d41f02a4804d314c0	same
/NextDeveloper/Headers/ansi/machine/stdarg.h	334	dac79778ea04c97e0c357a6bbcdb4303af38db06caf37a36826a12006f39ae9f	same
/NextDeveloper/Headers/ansi/machine/stddef.h	334	b739235a0dc55b31261af70f76d4750441ecff93d156d8ea996b55e160d27d86	same
/NextDeveloper/Headers/ansi/machine/stdtypes.h	236	6bb31d6392b50f717ddc5d4a598792265c327b759288c3ead9e3fd10798e47ab	same
/NextDeveloper/Headers/ansi/math.h	3121	0464b926c8ae5858e92b1b0597b8575fb074bdce86006411673eb75857542e29	same
/NextDeveloper/Headers/ansi/setjmp.h	109	18690937b97ab94f8b3031e1ca456db26bd7fd6dbd87d06713e4cb369ca66461	same
/NextDeveloper/Headers/ansi/signal.h	700	e5ddceb7035431edb4ec7643c7e84cd9f47b039449eb2f4e12de4dccdbb10942	same
/NextDeveloper/Headers/ansi/sparc/float.h	936	d4dd4e1f1c8c49ab420028988c44842351364b2efa3c8e27728bd038e82fd1df	same
/NextDeveloper/Headers/ansi/sparc/limits.h	1595	924f32da58c691d67528aa14069af440bad0740458fc78d62cf83f812db4d571	same
/NextDeveloper/Headers/ansi/sparc/math.h	4254	f10a5b9398db4db5632b3fe8a031a3625f693ac8efd19ddf87b53ac582bbeea0	same
/NextDeveloper/Headers/ansi/sparc/setjmp.h	1275	efd07660cb0b5c28b3b16b351ec32cf31322e8a09dbe73e461c8586af0e35691	same
/NextDeveloper/Headers/ansi/sparc/stdarg.h	2049	c98cd2fc257bcc091bc39baa3c652d1e718737f96f3111e9bf5f018d283bca85	same
/NextDeveloper/Headers/ansi/sparc/stddef.h	557	7f8723c52ec97e3fd5d9e6974714cabe1b9f9d68eb788c0101ccdd3fb483c8f4	same
/NextDeveloper/Headers/ansi/sparc/stdtypes.h	800	2fa3e77a5e7d56bc591cd85472ceb350bb148ebd516f933786d22368ebfc7d68	same
/NextDeveloper/Headers/ansi/standards.h	252	8c1cfca9687b50a27553601f65646f2a9d04163d3eb6c9a288a05f363a015b67	same
/NextDeveloper/Headers/ansi/stdarg.h	112	3a634b70a62cd55dc745349676311de57b290c5ab45aca8d70066d210b70f683	same
/NextDeveloper/Headers/ansi/stddef.h	109	8f4424addc3406181b022fa94d33e75320d6e99ca19c2498c033887a08b0335f	same
/NextDeveloper/Headers/ansi/stdio.h	8086	6cfcec3873bd534496355561f54104483bf7d94b2e4431f32281958761288075	same
/NextDeveloper/Headers/ansi/stdlib.h	5022	791c2264f4751b193f30e9240584d9d04245511f82abc0870690d441cd03fcf9	same
/NextDeveloper/Headers/ansi/string.h	3407	0ec7225488cae6d21f414b5a3d75d5df2ea18aa1c673856a24ce677715d15021	same
/NextDeveloper/Headers/ansi/time.h	2659	26ab72976b4a66d5697c29e226f348627859c3f949160c6a5d0a1851cc257e2d	same
/NextDeveloper/Headers/architecture/ARCH_INCLUDE.h	891	d04c444c8a31adc74ec2d987ff2f2689ddf8a88382699cf53e403df170daeaf7	same
/NextDeveloper/Headers/architecture/adb_bus.h	3305	a0f82d93f3913288f9804ef02cfea69154e6bae3ce3959187fd05c2bf9355e50	same
/NextDeveloper/Headers/architecture/adb_kb_codes.h	7257	7a05e2f70ca90d618e8a362c169b8d47134b57809a0be448c69c7d68e8a18a6d	same
/NextDeveloper/Headers/architecture/adb_kb_map.h	2476	1e5b6b589476bfff059876b069265cc6d2fa4d49ee27d363bd903b2869351957	same
/NextDeveloper/Headers/architecture/alignment.h	332	cb6b11a18e747fc1f6fc45b517dc24985e6957fd947870c94e4c6742e210a087	same
/NextDeveloper/Headers/architecture/arch_types.h	1237	683d884ed12c3eb77d1d46721514c6f6091a9478596797bb597961a4b34cc710	same
/NextDeveloper/Headers/architecture/ascii_codes.h	775	5d5c19b9301b81868c5248b5fce0b04b05611198b3e4f0ce1ac41c55b74ec52a	same
/NextDeveloper/Headers/architecture/byte_order.h	6631	c54e39ced84fb8458566218dcf33748a9744bf586f075a114c3c67c9ee89d842	same
/NextDeveloper/Headers/architecture/hppa/alignment.h	1412	210de8387e840988fc6dbfababd5d7134f473baed17be83be89499dcfefc2322	same
/NextDeveloper/Headers/architecture/hppa/asm_help.h	6740	6c5b8c3e7f41894f98ebf99883149a8dcb2f138f1290b76d0348e116ecfed210	same
/NextDeveloper/Headers/architecture/hppa/byte_order.h	2602	6522430af33c6292e23e42c96b9dbdaed820f4e12b0dc5e1141d7eda6ac62f9d	same
/NextDeveloper/Headers/architecture/hppa/cframe.h	524	26e5cc69e58c869f83dc4ea2dca36e6dbdbdd24994df651a09a65494e21a9484	same
/NextDeveloper/Headers/architecture/hppa/pseudo_inst.h	988	0eed7d7ee19d56a2e1f0ac386ae3c0ffed62b3045f92d60121bc36f7038248ec	same
/NextDeveloper/Headers/architecture/i386/alignment.h	771	e18c66e0a73348acbb6c9170e6b10b5ec5cfc6ba7465d3456927adbdbd767675	same
/NextDeveloper/Headers/architecture/i386/asm_help.h	6221	1e4f35b4c36a168451eeedf8ed36c489f726ed449d0d4c2a1722798dd0ff13ce	same
/NextDeveloper/Headers/architecture/i386/byte_order.h	2063	5e21366b28756419ae30850a41764740ba77ccec89dedfe4220628d6f04eb301	same
/NextDeveloper/Headers/architecture/i386/cpu.h	554	267f1506355826f0d7cb34f984e0f3001be52c97b48ddf61b08a525100e9bcb7	same
/NextDeveloper/Headers/architecture/i386/desc.h	2087	45361f6662a4eb292991d43829d0151a65116e091155194f8502d36d8a7daeab	same
/NextDeveloper/Headers/architecture/i386/fpu.h	2122	d3e1fe2a5d4cc7365a467280e6825a704f57a13e422d69b8efe7e90c44ea50ed	same
/NextDeveloper/Headers/architecture/i386/frame.h	2190	90b7016bc03e1a91a2a163727109a0543cd9a0ef27bfcf09ba5c5a5b16f72fc1	same
/NextDeveloper/Headers/architecture/i386/io.h	232	1b7869eeaa536ca12de1338e37d56a731a34079c02480f2f388befa5966fe7be	same
/NextDeveloper/Headers/architecture/i386/reg_help.h	2295	62d0c9829ce72b89169cf8140bba845313130ec1df647578eba7ee9679647378	same
/NextDeveloper/Headers/architecture/i386/sel.h	390	b735cc056d8e02301973253aeb27972bd711ed443a505973237105a1ae36a12b	same
/NextDeveloper/Headers/architecture/i386/table.h	1218	1a03ec2c5c8afdb32dcd92a548e8b3ac604437498baa32807fe638f6c94b01fb	same
/NextDeveloper/Headers/architecture/i386/tss.h	1625	9ff1abb299d258edfe231c326b7fb41508d22d9e20c8c77439d0c72d56cca346	same
/NextDeveloper/Headers/architecture/m68k/alignment.h	771	72f64e600843cf70704a4e630ed9cddbbb5e71912dd8057b5c8a263c3b637416	same
/NextDeveloper/Headers/architecture/m68k/asm_help.h	1177	9f56cb2dc7dce84ee4d63718279a68d8de7ea9584ff7358ca5098668958c9198	same
/NextDeveloper/Headers/architecture/m68k/byte_order.h	2570	c29881678e2938673d626b42dbfc4081b6915214589a266e92606e2878ea6109	same
/NextDeveloper/Headers/architecture/m68k/intr.h	2103	b70152d1ff7adfb2751df2549f97fe985c28b327f75dc60753c8fdfd15e0327e	same
/NextDeveloper/Headers/architecture/m68k/nbicreg.h	768	3ccc1d008aa0c5a621d05a9b00ba560fb3c895c61e398ce767167d8a9181b6d7	same
/NextDeveloper/Headers/architecture/m68k/zsreg.h	2495	f97d29c50f3d70575cefd784e21757445dfdf587eb7802b1e64ad4e4fe7f2966	same
/NextDeveloper/Headers/architecture/sparc/alignment.h	1412	210de8387e840988fc6dbfababd5d7134f473baed17be83be89499dcfefc2322	same
/NextDeveloper/Headers/architecture/sparc/asm_help.h	2368	7bcc4f970a600fab04b66ebb00c95f6216dc43d97800e88ae1ce1a25887bbf1a	same
/NextDeveloper/Headers/architecture/sparc/asm_linkage.h	5251	8e2ac58fc4a3db30051e48ff0816d2b415fa6fe87b5173479e37881dc0e73d59	same
/NextDeveloper/Headers/architecture/sparc/byte_order.h	2602	6522430af33c6292e23e42c96b9dbdaed820f4e12b0dc5e1141d7eda6ac62f9d	same
/NextDeveloper/Headers/architecture/sparc/reg.h	7288	e401b77ad16d5241d519269b8fd116b6a2e88a2b49e741c94ba757b8e9a01bbd	same
/NextDeveloper/Headers/architecture/zs85C30.h	9012	9ee61ac3606e14c86ed9c1ef97b49333fd7db2ee4b2a98f7a6790fef8729bcd0	same
/NextDeveloper/Headers/bsd/acc.h	607	00f827140eb9cc3b73417475057cbbe022c1e50c6da9339d22885875976070a1	same
/NextDeveloper/Headers/bsd/access.h	2730	c33dfa0228981499eb9ae817708fe01e39b436ec504083e6fe9f413f30afe29a	same
/NextDeveloper/Headers/bsd/aliasdb.h	323	2e4b1c6c832d75e5f70f88f3b764f33cc3f2eef3708cd57915b8b1f0a1954064	same
/NextDeveloper/Headers/bsd/ar.h	444	5cbf511f30ad7100c830adb5ebb6a0d6ba6b68a9a2843480c623334a0cd4a581	same
/NextDeveloper/Headers/bsd/arpa/ftp.h	2597	51d857eea5952c508e3295861c5ab08f740a3436535f851d87078a7378228c49	same
/NextDeveloper/Headers/bsd/arpa/inet.h	3603	23e1c4ce975a828badaecbddcea1bd77a26f5614d31806113f70025bbf879a63	same
/NextDeveloper/Headers/bsd/arpa/nameser.h	11556	01a0cd7ae6bbdd600e69f5f86e0bd2ed022d8d23c35e7ab641f8480b91a1d085	same
/NextDeveloper/Headers/bsd/arpa/telnet.h	6147	0b7ad42dedc14e7696cd73ea08e13ab6fde1a390fcfec9686333719ef02c48e0	same
/NextDeveloper/Headers/bsd/arpa/tftp.h	1275	b79bf6db511ced7d1c5b92a7711b8642ae81dc81c195a4498df4f19de475006a	same
/NextDeveloper/Headers/bsd/c.h	1696	30fc403f0c4f65015df643feaf2975fc72ce16937b2a157b81d3b0232bbfd235	same
/NextDeveloper/Headers/bsd/ci.h	7455	b1c07e46fbe5e379362f7a5a01764cf49a2ddd6575d88c9268e909a9a963c6d2	same
/NextDeveloper/Headers/bsd/curses.h	5173	1cfa20b256a645c53544477a35f39e7e145c8a27800ae182eacfea715fe415d7	same
/NextDeveloper/Headers/bsd/dbm.h	871	a6eff020a1e36d74edb46fa78d6c90e65cf21be445b50ed9e20e05cc82d0bdac	same
/NextDeveloper/Headers/bsd/del.h	863	567ce86c208f4909bbe2c621aa0d95944b6f59c9f9e51999abe2aa23f8c5e3a1	same
/NextDeveloper/Headers/bsd/des_crypt.h	1715	cbbdb7720a5acfa3025ce4977fe3b368138fcc5f91aa05c7eb6c10581df117dd	same
/NextDeveloper/Headers/bsd/dev/disk.h	3971	8173a3f667c152947208806c113ba6631039555407252108647fae83740309f2	same
/NextDeveloper/Headers/bsd/dev/disk_label.h	2326	a73dd9e6dc2230086de0447853e19c32e131f19bb44f5966595f9c24452ce394	same
/NextDeveloper/Headers/bsd/dev/ev_keymap.h	3598	f48413ecb06ea90a98698ae92af12462f7d5a9a566085060d30adf520cdb6a69	same
/NextDeveloper/Headers/bsd/dev/ev_types.h	6611	988074e271cb35270852d395623dd78908ffd9b6c00a810a2032256a750f6db6	same
/NextDeveloper/Headers/bsd/dev/event.h	7640	5ab9ed912a0473c5c8e440b6af6cc0b49c29175f11af7d8c3678cce0fec729cd	same
/NextDeveloper/Headers/bsd/dev/evsio.h	5021	a52233615c7ae00489a3bf51366ce0455d23142cd1a314a41b273e9b5316a1ee	same
/NextDeveloper/Headers/bsd/dev/fd_extern.h	18610	b2a5b74a84eec3023692efa03bc444228ffe76836d802c0526562de07c2c0792	same
/NextDeveloper/Headers/bsd/dev/hppa/BasicConsole.h	786	ccb89b3050bf20265bab73482987be6376acb06f2a201064ed3873560921df0f	same
/NextDeveloper/Headers/bsd/dev/hppa/event.h	1527	06788b2d9d838f1efcd766f76be376a5c72ce85001ee8e0497a93b5ba9fdd425	same
/NextDeveloper/Headers/bsd/dev/hppa/evsio.h	846	7495c715d00de41b4e574a03abbd744a6d682838c628e84d9aa9d73176c4cc7d	same
/NextDeveloper/Headers/bsd/dev/i386/event.h	1527	68b68df8718a5148b445cce8c82d3e0e0a8d3e34ebabb959ab4de352289785d3	same
/NextDeveloper/Headers/bsd/dev/i386/evsio.h	841	c9891ff648c48c1c56a9ecb96cd4ec1c76532e9a9a1946d3ce3eaf731fc767df	same
/NextDeveloper/Headers/bsd/dev/i386/pp_extern.h	2036	d8552a99fb754d3b7df9edbd3cc72755fdb78dd0ccdcd712105eabb2f41919bd	same
/NextDeveloper/Headers/bsd/dev/ldd.h	1136	6bde4f4a9eb0c95eaa93bd762f96d9b2dc51676a23593b5a01f49a9a5b3bc679	same
/NextDeveloper/Headers/bsd/dev/m68k/autoconf.h	913	d2d557aa611a5a6fbdeb8a666e518befdba849e41990b4ff84279374e5dbf92e	same
/NextDeveloper/Headers/bsd/dev/m68k/busvar.h	5561	f2d51234cc57899a1adcfc8594e1a058e10c0d19e4d61f3bece3a1cc57ddcad7	same
/NextDeveloper/Headers/bsd/dev/m68k/dma.h	1560	7f82931dcb770fcf98a902d9a4a3ba074e6cd15ad6f0bd1692ecac6e52e4efdc	same
/NextDeveloper/Headers/bsd/dev/m68k/event.h	7821	73a7a3b9c7b50f9cc3cc746b6f668719a23df58cd2c3e03bcb5797b0e0c2d0f5	same
/NextDeveloper/Headers/bsd/dev/m68k/evio.h	11106	334bd9aec4f408bd3fd9a1259c9f448a125e3857b86bcf8d815de5efcebe40ac	same
/NextDeveloper/Headers/bsd/dev/m68k/evsio.h	4886	54978c9d51a0c0bb2f903f0fff6b31b5dcf9e37fedcb071ef3b3e4297cf06f9c	same
/NextDeveloper/Headers/bsd/dev/m68k/keycodes.h	3262	952889f919566428b4eaa01efdc961862ffdd19af3a7ecb63ef5e357ee098d48	same
/NextDeveloper/Headers/bsd/dev/m68k/npio.h	2653	6e427136943f6be9ba3ac54ebbd0a4cc201a1895a9e91cad00d14918cc41b155	same
/NextDeveloper/Headers/bsd/dev/m68k/slot.h	401	453c7e53201e1946d1613d877887f8ed3222260d35afb91dd3a3a92e8f415078	same
/NextDeveloper/Headers/bsd/dev/m68k/video.h	4285	b5213d3626dc18442972c99f29d8048a365fc59fbd224686281edbfd2c732cc1	same
/NextDeveloper/Headers/bsd/dev/machine/event.h	345	e79ece44e1cd14a486792d84c8672e877865cc42510a7b9123b60fb8794a418f	same
/NextDeveloper/Headers/bsd/dev/machine/evio.h	341	dc9e843126ca0b1729d5474a7dcc2a87f8e34db3c23cec461c2498ef8f80431d	same
/NextDeveloper/Headers/bsd/dev/machine/evsio.h	345	deff55fd78c1dee16503ce09d0018b48df61f1cf57b62e5dd6507405dbbe4162	same
/NextDeveloper/Headers/bsd/dev/scsireg.h	27574	da63c5cdd4bfb4785e6c674d86b6a3b74c7c24140f113f088eeb18c133549675	same
/NextDeveloper/Headers/bsd/dev/sparc/dmaga.h	101	c26ee8db31daaa0e16dc1b3d778618b0305ec20cd56bcd40d8319275ca54255a	same
/NextDeveloper/Headers/bsd/dev/sparc/event.h	1530	e001cee8be453f309dbf296f9e662fe58bd84ec2c3b1f311763b0faecd992478	same
/NextDeveloper/Headers/bsd/dev/sparc/evsio.h	844	5ce3eaaad1306f5ac2d4a089959028f48732b252f2ee12e51a1dd232d19e3df9	same
/NextDeveloper/Headers/bsd/dev/sparc/fbio.h	10497	b0aea9b8e8f03700e0b3fdab9457e719505632d31ccb23b2b255a5e117830aa3	same
/NextDeveloper/Headers/bsd/dev/sparc/kbdreg.h	599	481de7322d39e27b9701b2625f0cfb62775dd7592d01a03e5d8b626af3bb0d7d	same
/NextDeveloper/Headers/bsd/dev/sparc/pp_extern.h	2035	6af3a9ab80fa3519192fc2ccf80c10ae2699d05a6ef4a6c7bf10ffcfd505858a	same
/NextDeveloper/Headers/bsd/dev/zsio.h	1017	6831e2e3dec0a02c3607c36c17a216df5b4b55490408cdc8c5aa21f6eda0c54b	same
/NextDeveloper/Headers/bsd/dirent.h	312	dd0bd4115b0e8cb76be4146c0755e5fb7ee932dec87b1ca2124d2f96e06e839b	same
/NextDeveloper/Headers/bsd/disktab.h	417	55970ae1e08b1e4588b91b5c7bb02569dde6474f129597d425f41644b5fc4bce	same
/NextDeveloper/Headers/bsd/errno.h	278	f69fa4092529096f568c3c1b2fdf57c8baee0c29df049e20ba594fa7562d4211	same
/NextDeveloper/Headers/bsd/exportent.h	1351	0f7ddda305205e65a34de2e5b71eb1a9123da75b8b7e44836144c61e9da68898	same
/NextDeveloper/Headers/bsd/fcntl.h	27	8934c2a49e786a51a50406f9790c314e23888bfdab4966640c66e30c2829c585	same
/NextDeveloper/Headers/bsd/fstab.h	1520	2fe6b891d7c1045a615b30c79babb8bf3d59370cf68a386a2e37070f7e16b6bf	same
/NextDeveloper/Headers/bsd/grp.h	1202	ea8c215a3fbf58c4f73841a5c91ee342b95e67fe7bf330307470f0c558dfabf6	same
/NextDeveloper/Headers/bsd/hppa/cpu.h	330	c4cfdcb5ee53888a93cd1f7c6884a44e9670ca68add5f3ce6f9f9e3329ef3461	same
/NextDeveloper/Headers/bsd/hppa/endian.h	3421	bb53f978e822aa22b279cd3c026554e7dda8710d620d8a860fc21b983fda2898	same
/NextDeveloper/Headers/bsd/hppa/label_t.h	312	6b05b79df401c3b733456a477f37eb7a39f12ceb007d04b1f1cf9f475af2f322	same
/NextDeveloper/Headers/bsd/hppa/machparam.h	1755	9748d32d4bfe73265ffe71aaa3a3887ca2af94c7fb1c0e020cf940205abf93cb	same
/NextDeveloper/Headers/bsd/hppa/reboot.h	413	7ddcacdafb1a6ceda323d66beab08a4543460ca68f946ccc7aedfe161b99dc1a	same
/NextDeveloper/Headers/bsd/hppa/signal.h	1740	d0f7c31ad00c59b173ed9ef281b656f4775104ae5e549f706c848660e3d806c1	same
/NextDeveloper/Headers/bsd/hppa/table.h	146	de74ec3970fb52cd43551a9da16cc6e3e86620c6784c2df16ddf0cb71690701c	same
/NextDeveloper/Headers/bsd/hppa/types.h	2373	2d3b9fb477a8b4c787abb674607342baca8335c1c20304cb9fc3c5f274f401ea	same
/NextDeveloper/Headers/bsd/hppa/user.h	129	ac1bddb2756aba473b19f6c2a7dbd644c15d27afd69736b2adb7ab35f071148b	same
/NextDeveloper/Headers/bsd/hppa/varargs.h	858	5bf89aa2c3714e66f564d054ede85e03bb94f4c41bcf814d249b0842fa18aed5	same
/NextDeveloper/Headers/bsd/hppa/vmparam.h	814	714de90806887ac529cdea183e1762b7237d2dd1a457dcc4865aeccd5633f441	same
/NextDeveloper/Headers/bsd/i386/cpu.h	383	37d41c7255e85a666153fb7af34b61fafeeeb9ba3d472d7ae512cbf8ee11c28d	same
/NextDeveloper/Headers/bsd/i386/endian.h	3521	8ed46b5e3357397a8eab23838910d85b0cd65b49e6ae7076e427f643019f5dd7	same
/NextDeveloper/Headers/bsd/i386/label_t.h	319	298fd7b1557fd327ad5a98cd18721abfad54ca7c87cc5a1920bec5d354f44ba7	same
/NextDeveloper/Headers/bsd/i386/machparam.h	1330	049317ad39150654be3d89966f24f9f9c2fdc70132700d800230faa16f9cf138	same
/NextDeveloper/Headers/bsd/i386/reboot.h	413	a78b6fd50b8df2350b8a5335cbbde32b81f48c55e200dd95baa10be9749d3e17	same
/NextDeveloper/Headers/bsd/i386/signal.h	992	f0d51232a7470536e3bb55ebf5798f66a9877fd05900a65464a6ba97cc967265	same
/NextDeveloper/Headers/bsd/i386/table.h	146	e09137e07a9f7cb0a4a0c18b6a6fd458db72b29cd835262bb9bd19e44543cd74	same
/NextDeveloper/Headers/bsd/i386/types.h	2373	2d3b9fb477a8b4c787abb674607342baca8335c1c20304cb9fc3c5f274f401ea	same
/NextDeveloper/Headers/bsd/i386/user.h	129	ac1bddb2756aba473b19f6c2a7dbd644c15d27afd69736b2adb7ab35f071148b	same
/NextDeveloper/Headers/bsd/i386/varargs.h	741	57faba17a59e4945a32dd259bd2af59353ec7cb7b6b65d86085bcfbcc40370bf	same
/NextDeveloper/Headers/bsd/i386/vmparam.h	811	bb4f64ec38cb17854303e60388fc62617986250dfa52769d317181f7fb54e5dd	same
/NextDeveloper/Headers/bsd/lastlog.h	334	5d2fa8c2449f870ad1a2bfecca28884c1a4e1cef3bb66285501eb50b181cbcf6	same
/NextDeveloper/Headers/bsd/libc.h	12240	29040bbbd6ea03980d2f6927b3e14557d3996c75936accfd3ee7b8aed672307f	same
/NextDeveloper/Headers/bsd/libc.p	348104	7ec47eb68b52eae141fb9b7da700351605debb59cbf96e76bf5defa4496e9735	differs
/NextDeveloper/Headers/bsd/m68k/cons.h	133	40039946580cab761c4cdba7ce2199713051f4a9e381ab61f0fcc6e208467ed6	same
/NextDeveloper/Headers/bsd/m68k/cpu.h	1591	eee9611f83801879671c15909d75522fac7d053572ca57a1b71cc39be51abb07	same
/NextDeveloper/Headers/bsd/m68k/endian.h	3421	bb53f978e822aa22b279cd3c026554e7dda8710d620d8a860fc21b983fda2898	same
/NextDeveloper/Headers/bsd/m68k/fptrace.h	469	7c1d57cbb654728f68fb21f9fee9a1ea39d21dfd7a2d9cb86d87f8d4cd401937	same
/NextDeveloper/Headers/bsd/m68k/label_t.h	430	9d041c4c9257f6e8e6c096f16722cc191633da1dddc760913867abee2e2a6a8d	same
/NextDeveloper/Headers/bsd/m68k/machparam.h	1428	fb939bcaa2312a3f22a052db980cde2f482f230c5722a3aec9c525767bb3f320	same
/NextDeveloper/Headers/bsd/m68k/psl.h	1414	3765999ae052dbc62abde2c971f37a0854d8cab58f330c1068cded26194849a2	same
/NextDeveloper/Headers/bsd/m68k/reboot.h	694	7882993b05adcf5062150019351fad6ec0890dcc759cc5cecedfa9fdb1c8006a	same
/NextDeveloper/Headers/bsd/m68k/reg.h	3807	d5baaa882a8e5535640b52857b2526ba9eb3ae25c43fad54d8ba7dce4cd4b83b	same
/NextDeveloper/Headers/bsd/m68k/signal.h	814	c0dea6cff54d36c594b027c968ecbd97c4f60e14799287deda6fefd28c819c74	same
/NextDeveloper/Headers/bsd/m68k/spl.h	809	039b6dc7ca672bf8dcf16dfe125f76715452e14aad531c4cd7f18a6ade2a3bbd	same
/NextDeveloper/Headers/bsd/m68k/table.h	338	45bf853875b22317090cbdb4386ab31c8ea66b43ceb404d0cbc41ecb947369b6	same
/NextDeveloper/Headers/bsd/m68k/types.h	2373	2d3b9fb477a8b4c787abb674607342baca8335c1c20304cb9fc3c5f274f401ea	same
/NextDeveloper/Headers/bsd/m68k/unix_traps.h	396	4aba858ab1adb1094aa02c4d079a253a6ab3c430793c0cc4f17896d1b1b63c56	same
/NextDeveloper/Headers/bsd/m68k/user.h	303	01eb07ba378d7454343c8e84a5e5fa85f60b23563dc9f050d0fc1e948734ed72	same
/NextDeveloper/Headers/bsd/m68k/varargs.h	741	d3fb747ae0e7a54352ce8149641e682095309fe3547d13424f39ad88d96596cf	same
/NextDeveloper/Headers/bsd/m68k/vmparam.h	821	457c16f6e16662450e9662ffe4d02ceb52c949d9c6a69fe48037743a0e8f589d	same
/NextDeveloper/Headers/bsd/machine/cons.h	325	2f6e1216a162489dea06a08684c0bcc1317fddf032c706c62d455583f34ae1ee	same
/NextDeveloper/Headers/bsd/machine/cpu.h	321	6d8c88e5a633bea41fd9751c287725df05d9cdf3dcc7a0899c663a9d7c5bfe70	same
/NextDeveloper/Headers/bsd/machine/endian.h	399	27876601c7b0d5adbabdaedf0f14fbc1212fa0746fae88281fec490b3d4627e3	same
/NextDeveloper/Headers/bsd/machine/label_t.h	337	198221abaac77f57d1281109ea26ff59dfd9d5ef59cf42147eb99d5d33c785c9	same
/NextDeveloper/Headers/bsd/machine/machparam.h	345	20de1cec79c2a7a7d2c7a4fa97cbfd44b8e059ec71848ae3882a952af9e8a738	same
/NextDeveloper/Headers/bsd/machine/psl.h	321	3ad076b30e2f1d47752ef01dd1527d0f5d9c9bc7ad94acc0ed310ff76790565e	same
/NextDeveloper/Headers/bsd/machine/reboot.h	333	87a0c29fd43eae0d72187fbc7ba162e93a7e162f1be921c5de3c361e2481dabf	same
/NextDeveloper/Headers/bsd/machine/reg.h	321	3ddcca5bdb25a3089b0df7709334a762688cdccafaa025aae413c45e7e92722f	same
/NextDeveloper/Headers/bsd/machine/signal.h	333	32d550d36662b01aefda284bc50f639ea006316b574f8aa03f40286b80c2e00e	same
/NextDeveloper/Headers/bsd/machine/spl.h	321	f74c82f5a4458cc55f8e1df2ca773049b781f5fa8490b008d0fa18fd492273a1	same
/NextDeveloper/Headers/bsd/machine/table.h	329	b4fb3623f4c4ba6e3cf3e42a8e7c91d68aeb7d569e4e8e25e4fbf20272fea74b	same
/NextDeveloper/Headers/bsd/machine/types.h	395	676f81e72034a6e37bf95f51eafd609297c834e2c5966d3a13e5c0e9bcdf9cce	same
/NextDeveloper/Headers/bsd/machine/unix_traps.h	349	778e757df590dfc17e93923014404971b2caca6dc7423db2056625208105ca17	same
/NextDeveloper/Headers/bsd/machine/user.h	325	674a33298f7de9a0630ffafdf5adbe21531f83c738ae8c3c8dd907bb739ff8ce	same
/NextDeveloper/Headers/bsd/machine/varargs.h	337	89c9531f72f958facf27f0b05ef6b60f793b5a225104bc18f1a1b2fa54297945	same
/NextDeveloper/Headers/bsd/machine/vmparam.h	337	9177297c68a7ff7ed0c9ece36e4f5ceb857377eb6f14eca896ad1d86cf61a0b5	same
/NextDeveloper/Headers/bsd/memory.h	540	e932e0ed6a309a373e7cf9ff11153c6428b72fee586f32e99c7a454b1105ab97	same
/NextDeveloper/Headers/bsd/mntent.h	2439	1005f551cc005d3f174702f22c51d9156f526c27684934d71147d8a7eb8c9c38	same
/NextDeveloper/Headers/bsd/monitor.h	439	112c333c9945f2d653a7ed9c1a7e08c98200bcc14d65e00ac283ed1ad9fd0022	same
/NextDeveloper/Headers/bsd/mp.h	858	65348dc76fe793ad47de05a27fdb991de6b3199ebfcfbaf0da1cc88df829ff1b	same
/NextDeveloper/Headers/bsd/mtab.h	428	9482206bee993e7c63d197354b969404ba69ee4a635035c1e8380a912864986e	same
/NextDeveloper/Headers/bsd/ndbm.h	2008	fc8ea006509de543b5f509311efc3eb48f1b3a89feb9bd5a082449d9b555ddb4	same
/NextDeveloper/Headers/bsd/net/af.h	2092	b1519d823b1b58c941cc0e18d697ef4ef1c46ca3412de81b1eed610e0a510792	same
/NextDeveloper/Headers/bsd/net/dli_var.h	1617	37ebeb024a15542bf376d20e300c69237fb5f5eafe3b2392c67bac270a7e8092	same
/NextDeveloper/Headers/bsd/net/etherdefs.h	2889	9edd6991141b0ddc7919d596e27b6929102eb488ecf360765ae3ba2615c55eb6	same
/NextDeveloper/Headers/bsd/net/if.h	8659	00f7784369c536da3c489710afa7857f923dc74c59fb9cab0ff42e59dbd43523	same
/NextDeveloper/Headers/bsd/net/if_arp.h	2376	32788f882993ae9f775bc771212b50115a17969c6e40c6239f7c09fc70e9ab9b	same
/NextDeveloper/Headers/bsd/net/netbuf.h	1011	16ef51e987b10d89b47af39c2ec34dbeda75a2709984b277f1e1125c25702b4b	same
/NextDeveloper/Headers/bsd/net/netif.h	4426	6c4168d6f6fe06ddf13f8295a648b8a3c2902438e7d1a5deaa7f3fa8f2122bee	same
/NextDeveloper/Headers/bsd/net/netisr.h	1956	b15aae5556e8a166a720c4c5ade272fb4e1e701fd53ccfbec362a5d6c66de695	same
/NextDeveloper/Headers/bsd/net/raw_cb.h	2599	eac323ad67a803066335ff2b53268127a96c19c7eead4f58aad2a9bff5c7d441	same
/NextDeveloper/Headers/bsd/net/route.h	2909	cc88735a8be960d5410a3efd12c6564920fd4b03e8405ff92d1fad07feec9017	same
/NextDeveloper/Headers/bsd/net/tokendefs.h	3224	8ffe588af0e2a8e43aca2a394f7b3de20113ba2be85653c5e6d3718833ef0351	same
/NextDeveloper/Headers/bsd/netdb.h	6437	dc4317cad268ae9c6aa3e025f775d3131a344290dd1bbb996222fdbb739053b9	same
/NextDeveloper/Headers/bsd/netinet/bootp.h	2814	c3061ee1af5bed2f300618564b63e38d450aba9c35873f49d6648f6a9ffa31e7	same
/NextDeveloper/Headers/bsd/netinet/icmp_var.h	1507	7574cb043e06189280cba7755d02981369496f85ba68393a1c565489267bf314	same
/NextDeveloper/Headers/bsd/netinet/if_ether.h	5768	1ca7cafaf342ec8401655d1525870c22c75ac4f0d5982106f74f32016c768097	same
/NextDeveloper/Headers/bsd/netinet/igmp.h	851	1aee8f76b44170fcf0e0192f7887ea8b1439deda2f64007dc2faa7a5fca12385	same
/NextDeveloper/Headers/bsd/netinet/igmp_var.h	770	a9e46f3e3c8208b847a397cff5cd6c489dbd0b67b25559b6253fdcea0ce8af54	same
/NextDeveloper/Headers/bsd/netinet/in.h	6599	efa7c719a9262ef837b98b8f40c309c0242d9bad3a02b57e94b63405b9e1ac5b	same
/NextDeveloper/Headers/bsd/netinet/in_pcb.h	1965	01a43c33cf6a8ea1e28ead9a9c0cb7e68d4c8d616cc67f00f1b57f1a8ccaac46	same
/NextDeveloper/Headers/bsd/netinet/in_systm.h	1149	a5024a41e806c43b263c6a1038d2b8a6004f6f8f3066e07490eb04d8d7aec343	same
/NextDeveloper/Headers/bsd/netinet/in_var.h	5581	d636bd21e098634a4fd0f88bbbb98d4ed8562e24b24910d81672b4aaec20f534	same
/NextDeveloper/Headers/bsd/netinet/ip.h	4260	07aa68e6279d572152e4e6eb3276d6cb18a4e660020a92b79aedf34c809c1e77	same
/NextDeveloper/Headers/bsd/netinet/ip_icmp.h	4066	35dd3bd9ee1da8b4e59d653391939b4c10a648e31b90a68d968f7c4d732b6870	same
/NextDeveloper/Headers/bsd/netinet/ip_mroute.h	2178	84982bde509f8e74bd96146a3a196f832ebcd65206207f43d74b82b819052967	same
/NextDeveloper/Headers/bsd/netinet/ip_var.h	4305	fde782c42fab96c1c4df0106d7c59388c1fa0a66a0a60e4735a78f413e4eea43	same
/NextDeveloper/Headers/bsd/netinet/pcbheadsw.h	535	a480df520e9b4cc24c99dd7aaa3d38960843cef4c0c2d0eec00b3e4ebaf5e91e	same
/NextDeveloper/Headers/bsd/netinet/tcp.h	3241	07d2180f3493eb730daafd1986f37710bbbd06f26a85fe8f6593bd923575cbda	same
/NextDeveloper/Headers/bsd/netinet/tcp_debug.h	2423	5960326c57fdc23420dde06a7ddefcc001e4e74cbda6128acbfb8d70ecaed289	same
/NextDeveloper/Headers/bsd/netinet/tcp_fsm.h	2273	103f973db0bd7777c8ae2f569314fd2e26c2fae6f2399b39f6a23117b2df633b	same
/NextDeveloper/Headers/bsd/netinet/tcp_seq.h	1330	efd996420d45e622dd6938b648c1590ba79fa669883f23b9d8229973bf714942	same
/NextDeveloper/Headers/bsd/netinet/tcp_timer.h	4621	31e1e4af879b80a2f119b197f02ad0ca73b007917a247f26045f460876de9ca3	same
/NextDeveloper/Headers/bsd/netinet/tcp_var.h	9753	7d7dffbf4197af693bb7e97d91052d2053a0de4d2613f066fbb71297ae585096	same
/NextDeveloper/Headers/bsd/netinet/tcpip.h	1202	cc3704a6190956a37fc8ce14940d28d7fe910f34baebdeb956092cf8aaa0357e	same
/NextDeveloper/Headers/bsd/netinet/udp.h	791	a635eeb1d35a73e1eacc2a29e70074714aaeac52db8b1dc30fa480fb2eecf542	same
/NextDeveloper/Headers/bsd/netinet/udp_var.h	1383	9cb21b406d08cc0063315915c83f2805f74b1c9e3af4ba6a46ec630ba7dca2c5	same
/NextDeveloper/Headers/bsd/nfs/export.h	2136	550f2905149b4afa32d0c87bc5b0c4a98f9a836822b3d00592f5a71bc24d9717	same
/NextDeveloper/Headers/bsd/nfs/nfs.h	11513	151aee3039ca248b7c81e8cf5b983e0f08169a63b448d127cdae413590d53171	same
/NextDeveloper/Headers/bsd/nfs/nfs_clnt.h	3192	dca2ab8b05ebbf6187de20f3b4b384163e107b22111cd01d4eea59b49865df3d	same
/NextDeveloper/Headers/bsd/nfs/nfs_meas.h	1118	5bfb2c5515e86d6ae4724caa480b9b49f305c15f4c51e4a22efd811ca29e2f4a	same
/NextDeveloper/Headers/bsd/nfs/nfs_mount.h	1712	9c704ca34eaeef6568ff3ac2ab7b70b9194a4aa8127b3bb6bf56f9cf62395283	same
/NextDeveloper/Headers/bsd/nfs/rnode.h	3255	ddbc4393410262a99097f4010fba9643b99bac83d26358b6a143c10427fac43b	same
/NextDeveloper/Headers/bsd/nlist.h	26	fdd9a535928759c5c9010e839d0bdca61e1855f1756b27b86b05eff2d734719d	same
/NextDeveloper/Headers/bsd/pcc.h	6340	dd9135823e3324f9c3e0b22b11a1fc7cc8953e0d461ad9d663fd475560b74f51	same
/NextDeveloper/Headers/bsd/printerdb.h	393	8bb7f5077e17c97d21d7eb257802d9ecdfe9a251f42b50e64096cfd16eb78fe1	same
/NextDeveloper/Headers/bsd/protocols/dumprestore.h	1464	8bf1937b4822f370628dd8179ce091d243c9168c565a7ed9882e0a79f4d57d0d	same
/NextDeveloper/Headers/bsd/protocols/routed.h	1833	5150dfc0fc9eb045a094838888cbc71ede018c457c6bd0d355d18ff3d24938f8	same
/NextDeveloper/Headers/bsd/protocols/rwhod.h	960	43ffb2034932a3c9c9bef234ad4a1626fc02b677a98db61aa8dae3717b80d773	same
/NextDeveloper/Headers/bsd/protocols/talkd.h	3171	238e6564ece1d6fe852fd35d9acba49ca00ac6ce87359d054090111b62aec2f4	same
/NextDeveloper/Headers/bsd/protocols/timed.h	2304	04fd2461919de78ebb547312295a7dae18d09815e0c7b4fb45042f3b4e8f659a	same
/NextDeveloper/Headers/bsd/pwd.h	1507	0bf035e965185360014a984782a641f9d62e604efc242ee3adcf0d1fb4cc8431	same
/NextDeveloper/Headers/bsd/ranlib.h	1880	41a0dbfaca6b582563ecc085d0278d150b39a1423d1c5a3ef7db89d1b9d5787f	same
/NextDeveloper/Headers/bsd/regex.h	490	0572349a674c4b3794a5b368411870cf7df4a7a749889ac56b6095367dc2b44e	same
/NextDeveloper/Headers/bsd/resolv.h	9646	e89e6377c4b0bee1d22a5e0ef5a1aa795d2225e84734bdf604829d87553d2e71	same
/NextDeveloper/Headers/bsd/rpc/auth.h	3638	268ba00d8207e8944f173b0d7f52b0c4b23be121bab3974c30c3e1e6aa71b00a	same
/NextDeveloper/Headers/bsd/rpc/auth_des.h	1672	28f6f9b8a23161ec6dace59bc2bf142ac915c4b5fc38ee82cb5d7f351cd18d18	same
/NextDeveloper/Headers/bsd/rpc/auth_unix.h	1108	4bb9fbcdd33a89db7437fd8b6e29f5bc03690b81e5921a0543b09b82bf891917	same
/NextDeveloper/Headers/bsd/rpc/clnt.h	7491	cc104139041e5bf4d082011d21337a1f9f6d79fcadd4751c2a48685041e2c689	same
/NextDeveloper/Headers/bsd/rpc/hppa/auth.h	539	cbefd3559abe410cc0e17f11a537ab1d2c393732100683891b459ba1cce283cc	same
/NextDeveloper/Headers/bsd/rpc/i386/auth.h	541	3b297a25e08a66ec79c94bdc67ea1ae14332a4ebce1aeeef28a6a04112852bd2	same
/NextDeveloper/Headers/bsd/rpc/key_prot.h	1451	afaeea539ebb61943c3e3d12c49568e3d92887d69054d1d8eb0f47e471c4de06	same
/NextDeveloper/Headers/bsd/rpc/m68k/auth.h	541	19e611c145d3e81314fb3a9afb7556b2ed925f21c2d5a4d3aae4f16d5097e0a9	same
/NextDeveloper/Headers/bsd/rpc/machine/auth.h	234	98fe4fa355ae9b0cf4cbc7c37203fc1c49cb1c683ca9ddfe71a5a14c73109dd0	same
/NextDeveloper/Headers/bsd/rpc/pmap_clnt.h	1265	a893e3c8946f7b4670d277472632f94188e75368ee5fb297959ce54c29e9219f	same
/NextDeveloper/Headers/bsd/rpc/pmap_prot.h	2077	6a4eb50253f0d08599bca53031da8c5929192e913a64a322e840399a63b10af9	same
/NextDeveloper/Headers/bsd/rpc/pmap_rmt.h	502	35b572444db025e8bad475ad217f5bf1fbe5b7662ce46c58388057172332cb46	same
/NextDeveloper/Headers/bsd/rpc/rpc.h	1076	719667c3834f794bcf1b4c6161d21a9a8b7cd682233bc81216a26dc3ca947804	same
/NextDeveloper/Headers/bsd/rpc/rpc_msg.h	2919	1ca9e9fa3e9e561cd78fd364921f6906e168640a7fd3b849b87380e861615917	same
/NextDeveloper/Headers/bsd/rpc/sparc/auth.h	543	0875a38c9fb3786983ad3563db4f1bda4518def746f20703847dc06335ae8a17	same
/NextDeveloper/Headers/bsd/rpc/svc.h	7625	7afa430719df3bda871c0953fbdaae887842ad8b232a08f895fa5db21510a3ea	same
/NextDeveloper/Headers/bsd/rpc/svc_auth.h	290	d8782b1e6c0927009f0fd88f8d45413f491ef1efd842bb1f875a81b5cf831613	same
/NextDeveloper/Headers/bsd/rpc/types.h	790	d97ef4271f3dc40567dbe61bd574aceab2d7f48b73d5eb21aa03e995b8c6d784	same
/NextDeveloper/Headers/bsd/rpc/xdr.h	8107	7443d163368b8342ebfadd70a1ccd745eca4f1e29b6e20fedf2d16fff454b081	same
/NextDeveloper/Headers/bsd/rpcsvc/bootparam.h	1556	11f687bcdce405ebe1bd970dcea152f20cf9c0cf2c3e14c6369858311cd34f81	same
/NextDeveloper/Headers/bsd/rpcsvc/bootparam_prot.x	1573	df0024d0e7d105b3c2c411830ade1b85dd4c3bdd5e89dede312e598fdb4f7c38	same
/NextDeveloper/Headers/bsd/rpcsvc/ether.h	1629	6834ad09136cc565558a477a987282d51885f8289cbc001a70c844a669ab0d85	same
/NextDeveloper/Headers/bsd/rpcsvc/ether.x	1834	dff0e3d91757e6125eb7c3d4b994475770300161099757b36cccf43cab8db58f	same
/NextDeveloper/Headers/bsd/rpcsvc/klm_prot.h	1507	9061f7bc4662caed7eb0e08ea6ec0dbfd8f8534978a225f5a1077b9242c5b504	same
/NextDeveloper/Headers/bsd/rpcsvc/klm_prot.x	1828	5a6fa0fa5055d2c766236e6523abbf708c15b93989dc70e51fcfb0a3786a19b2	same
/NextDeveloper/Headers/bsd/rpcsvc/mount.h	1240	ab158b4a334f17201944b9af61b89c11fec0eb5412cf9ad00323da726ea5f38d	same
/NextDeveloper/Headers/bsd/rpcsvc/mount.x	3089	422cf0322d4969afd0e5262987b52da50f17452d12eeb573e5e0f856aa69fb71	same
/NextDeveloper/Headers/bsd/rpcsvc/nfs_prot.x	6420	a0bfceddfd40ab0ef7e1056053081aa07775daadd3f7793444e1d44caf8890cd	same
/NextDeveloper/Headers/bsd/rpcsvc/nlm_prot.h	3415	3629cd1427485a0db41aff3866b059780a7b77ccd130a3c7d8966e6f46aecf0b	same
/NextDeveloper/Headers/bsd/rpcsvc/nlm_prot.x	3457	b6da1cc03b4c6a40d4681927f7b0b861754d60888b36b76388cf47e7485eadd5	same
/NextDeveloper/Headers/bsd/rpcsvc/pwdnm.h	332	54ce54e6bdbaa6bca347db3dee10adbef1411cf49b6343b6015c9059eb5cbc91	same
/NextDeveloper/Headers/bsd/rpcsvc/rex.h	1721	6480bfe0ae08ed45cdc8c388076ba34dbc6434d5f77eee0dbe5cbc1d363fd67c	same
/NextDeveloper/Headers/bsd/rpcsvc/rex.x	5876	8fb9e0db5788ced7bd86b472bc681d4298bf8bb5f81894b7ca474ad9396dadde	same
/NextDeveloper/Headers/bsd/rpcsvc/rnusers.x	1116	b809dba17fd437db67f28a76c80c7c969e9ab023f976cf9e6ba2ca3b9edd18a7	same
/NextDeveloper/Headers/bsd/rpcsvc/rquota.h	1711	4a50049cb8e99c7764cde678e91eaaaa41023ee3ea739d376590508769d6dfe6	same
/NextDeveloper/Headers/bsd/rpcsvc/rquota.x	1597	1f2214ecc256585f8557087a5e7995958d2dd893e1e3480f9185b15e47cf2de1	same
/NextDeveloper/Headers/bsd/rpcsvc/rstat.h	1557	a5d591c892e023ac31826fe7de1bc1bf057b3ee40a1447353189c7618f07995b	same
/NextDeveloper/Headers/bsd/rpcsvc/rstat.x	2134	67899967fd126336e7d889f5688cb78bef1765c4583471513913eb7cd65f50eb	same
/NextDeveloper/Headers/bsd/rpcsvc/rusers.h	560	310fb5b36df29a467a1df2b9cedd8a5dad5bbb296c9057e7d50b2c2cfada835e	same
/NextDeveloper/Headers/bsd/rpcsvc/rwall.h	215	7e1c1995e8a71af80112c80f0848833c428a4b7792ee259a1078e6cde06794bc	same
/NextDeveloper/Headers/bsd/rpcsvc/sm_inter.h	1136	d54b0129475276fb56c5b720f99855ff347ade7fd749faa03f329631885ea921	same
/NextDeveloper/Headers/bsd/rpcsvc/sm_inter.x	2254	2a9da13c932857b3a3cfbdb468d141263fde16d6dd8e10f6e84b87baa180c309	same
/NextDeveloper/Headers/bsd/rpcsvc/spray.h	550	892ab22f0d4d299b779a5fa637cbd490e3a7708683191571ee9c27950f6a6367	same
/NextDeveloper/Headers/bsd/rpcsvc/spray.x	997	f719a05469d39dd2853e62fbea49ab0d6a15e79e6d5454fae761d7faa54305e3	same
/NextDeveloper/Headers/bsd/rpcsvc/yp.x	4941	03efe3f82c9a0031d5bbb0100bbc11fba87d54a049ef8ed8719799b014e5af34	same
/NextDeveloper/Headers/bsd/rpcsvc/yp_prot.h	9272	1a528e88fe76dd48c4fec6172adaa767b2ebf96c61b7e47c861f94fb2aae213f	same
/NextDeveloper/Headers/bsd/rpcsvc/ypclnt.h	2283	8f012a2a5ae0ea96cb305306971a209eab4c57657e06086d87b85a8feef5c2e6	same
/NextDeveloper/Headers/bsd/rpcsvc/yppasswd.h	374	b9d2b63ae0c268c7ac03e7794f653cc77e8bb1d50ee89532343ec69fe34b06db	same
/NextDeveloper/Headers/bsd/rpcsvc/yppasswd.x	741	ddfce3524c4a2c011bbd9e055c39ac0014a643030ae1c16fe6dabbc575bc2a39	same
/NextDeveloper/Headers/bsd/rpcsvc/ypupdate_prot.h	944	4c8b5bb978df07a88f80014b1573afafe15a0c0b4ba35f54c033e559293fcfde	same
/NextDeveloper/Headers/bsd/rpcsvc/ypupdate_prot.x	737	5cf806ec1807274238cc8169f22d2b51e81ba1404b6f8821ef0f9f7dcb05dc8a	same
/NextDeveloper/Headers/bsd/rpcsvc/ypv1_prot.h	5061	d9dd21210353ee46127b301a79f1d9450da48ea8a389733c1cdd5ad8cf87c497	same
/NextDeveloper/Headers/bsd/sgtty.h	73	e3bba5759832fac37c79a430e64336882fce47cf84ba5637e848f5bb70d9a484	same
/NextDeveloper/Headers/bsd/softdes.h	1365	a7f17bcb3f13b303992fd60e3100a78964e8c0623aacad0dbe9c45eb5cfe6d01	same
/NextDeveloper/Headers/bsd/sparc/cpu.h	334	3162b14758ce815b4ad57c911b320b519265538bf47f3a4e4d3ac3b0b4f897cc	same
/NextDeveloper/Headers/bsd/sparc/endian.h	3421	bb53f978e822aa22b279cd3c026554e7dda8710d620d8a860fc21b983fda2898	same
/NextDeveloper/Headers/bsd/sparc/label_t.h	352	9872005dce23048236ea11ea72b4e711fdfec238fcf55a022ff6ada939a7ad74	same
/NextDeveloper/Headers/bsd/sparc/machparam.h	1261	ad910a430d1fcba65057d9f271f6fb2bedb1d9fb7f9fa0a08b6f15987c243cdf	same
/NextDeveloper/Headers/bsd/sparc/psl.h	2365	06d4ddced365654bbdb64cd21fd6c18be23b7c8ff2cb7994fb18f44bc161297c	same
/NextDeveloper/Headers/bsd/sparc/reboot.h	416	8bb7e436e790f835a653862a6a2c77d1ee0a6e5f6abd28d565268685bb90db71	same
/NextDeveloper/Headers/bsd/sparc/signal.h	1173	11075e77be396d44d2f19f7af8c3fe0fb6c905c08ea5912fbabd3cfbcff76907	same
/NextDeveloper/Headers/bsd/sparc/table.h	149	bda2bd240d48f451aa961b6673b9ac6082eea22ebe9d22a708f77a33d2ad3cb3	same
/NextDeveloper/Headers/bsd/sparc/types.h	2373	2d3b9fb477a8b4c787abb674607342baca8335c1c20304cb9fc3c5f274f401ea	same
/NextDeveloper/Headers/bsd/sparc/user.h	129	ac1bddb2756aba473b19f6c2a7dbd644c15d27afd69736b2adb7ab35f071148b	same
/NextDeveloper/Headers/bsd/sparc/varargs.h	2696	1663315da6e1e93195409abe5029fb49a717bdadd3a9038953532d2cf2cd3b4c	same
/NextDeveloper/Headers/bsd/sparc/vmparam.h	727	d8f781f96b7b193e7b65225e6c0db69a54e96f1fa3e9031f17cbc45b59f9bef0	same
/NextDeveloper/Headers/bsd/stab.h	25	248109938f1c874c23aa2d0878551ceba1bbd08fe847574d24dace4392bc9ce0	same
/NextDeveloper/Headers/bsd/strings.h	673	015210f3664e18f72c2fc9cb1374374dd912f3013c110f263854cadef1e54918	same
/NextDeveloper/Headers/bsd/struct.h	296	406da72252c242e96fd9c185c7b30705d1ec080ef779ce8937fd37a6c077e0d7	same
/NextDeveloper/Headers/bsd/sys/acct.h	1455	28522c01c0a59b58f7bb9f107c9630bd2cee756f93a65147c5a2a43e3b275ae5	same
/NextDeveloper/Headers/bsd/sys/bkmac.h	1241	3e3e33adbce799f0ec86d4a174d7bcf3797bea2246ac18f9b071aab3a637d6e3	same
/NextDeveloper/Headers/bsd/sys/bootconf.h	899	29db498d2b034fb5d39e38994fc1898725a751d11c11fed4deb8db22f5c410e6	same
/NextDeveloper/Headers/bsd/sys/buf.h	7652	73c5504dd05a8b7be2da77b2d5256b1243297de7c88e2a846f983f7c17a8d0cc	same
/NextDeveloper/Headers/bsd/sys/callout.h	1335	b0a4775facb77a2acbf7f18e69e581d3ff53fd37a7eb5c6346edf4817646b354	same
/NextDeveloper/Headers/bsd/sys/cdefs.h	4760	8974818c5008a09d4bf0c5e1c06ebf2969aca3de2cfd640dbe97b3b8add8efc6	same
/NextDeveloper/Headers/bsd/sys/clist.h	1335	5e2204923f82854f9824b965f5fe37fd26d33fa8c6cf3c7b106f9c6eff7c88ec	same
/NextDeveloper/Headers/bsd/sys/conf.h	2285	aa87e6eb892216d7e718613f9cc93e9c3bff3c98b3d9e60016b32a0fac247a63	same
/NextDeveloper/Headers/bsd/sys/dir.h	7084	14e0c34d9a66b08a78d282300d753c02bacd5ec523b9dbf2d96ee49d4cadc861	same
/NextDeveloper/Headers/bsd/sys/dirent.h	2357	ea4c736192909e0418630b868f514c3d9beaf4268aae398f19ff9106c8f7a560	same
/NextDeveloper/Headers/bsd/sys/disksort.h	2889	f7349bd1e68817a947950c63facae9fce803992de767e0c82698926f570c4baa	same
/NextDeveloper/Headers/bsd/sys/disktab.h	2855	d1565135c1a0ed47b13ef7fda6624e33efadebbd21fb6b076ab6ffc433ec1b08	same
/NextDeveloper/Headers/bsd/sys/dk.h	1504	c24da0fdcde5327762d0772c4bd4730120ac0cb7b4aebbc55b67ab0898ae7913	same
/NextDeveloper/Headers/bsd/sys/dkbad.h	2024	b214ea95fc15b44837442a53fb4c40c45462ea9e8c78f6d9626f0823cf7053ee	same
/NextDeveloper/Headers/bsd/sys/dnlc.h	2989	bcfa87b3fa75aaae3a5aeb339ef193984ff93305291592b522af40cb984af7bc	same
/NextDeveloper/Headers/bsd/sys/domain.h	1125	7900761310ef650185082d2ea22df9834b81a7835f8ef1f39b0088187f924c6c	same
/NextDeveloper/Headers/bsd/sys/errno.h	6703	99a39382df39d481b23b9263707c4afafb1ad62f2621282ca0105c9da6799c4a	same
/NextDeveloper/Headers/bsd/sys/fcntl.h	5700	df762d17225ed96abe699c20f977c4afa95f833c2c6ed8eac7be62d1693ca043	same
/NextDeveloper/Headers/bsd/sys/file.h	3709	7617eca43fb20cf9200bab153cb3ae8a09e48a954cad0c386b2f5f0c595cf2ff	same
/NextDeveloper/Headers/bsd/sys/gprof.h	2228	98a075ce947bd8e89b9df7b9de4feacf5a5fb35c55a3ea3940217d2c3ee6991d	same
/NextDeveloper/Headers/bsd/sys/ioctl.h	16510	bb019245a084cef6de4836cf4ec6e22585cdb2bc683e08d55449918939c08b1f	same
/NextDeveloper/Headers/bsd/sys/kernel.h	2163	27388b5fede010ec9c1226c57cb23ec49657537105915e496346f6da2f184d50	same
/NextDeveloper/Headers/bsd/sys/mach_swapon.h	341	65e0ced43db687203160d742161cdb788c13da1b070e47d22cacdca2242cb148	same
/NextDeveloper/Headers/bsd/sys/malloc.h	313	493c97466fbe6dabdaaa0fc0d9a18234e1e59fbfa165af95c953c4115cf51fcb	same
/NextDeveloper/Headers/bsd/sys/mbuf.h	8324	fd63d0b8bc35dc25e7fc2ca860b3273da65feba48dbd9dd9614233602f2be417	same
/NextDeveloper/Headers/bsd/sys/metalink.h	552	8e4c46bbb8594e700f1d3828f4ffa96bcbbf63af4a91bb6ba7c1a01ddac720eb	same
/NextDeveloper/Headers/bsd/sys/mman.h	1353	5f7d3c77444f2eb1a455ecfcfc167d542a3f9ead5457ea8ea679e4b57faa63d6	same
/NextDeveloper/Headers/bsd/sys/mount.h	2666	8923d378ed9eb5d0edd1f7a70d1d29d38db9aa365c3d54b29940f6bad0cf4125	same
/NextDeveloper/Headers/bsd/sys/msgbuf.h	1306	fd704b52fc03615f02603d5683ba7cf923e1c79bdde7038e14b2b83357211ab6	same
/NextDeveloper/Headers/bsd/sys/mtio.h	3472	92cd80f361a8582c6efdd9e774129cb8d39a643c90e9438169bde25b026288a0	same
/NextDeveloper/Headers/bsd/sys/netport.h	774	82f8f2cc6aebceba74f201d35551b5844fb61507a2d3f28ed180d5cc9d3d5dde	same
/NextDeveloper/Headers/bsd/sys/param.h	8693	f7a9f13b5166841b4da8f60f331e26ee093fc2d5647024cd42bfcbe1350a9aba	same
/NextDeveloper/Headers/bsd/sys/pathname.h	1728	d3a43eeb988d378d91ea0bc4b7ca0d2ee220e6f96e9dcc1ef0cad669df80d533	same
/NextDeveloper/Headers/bsd/sys/printf.h	767	48d34e5d9a74345695e45a9a158f00f08a1d0756d33effa6ec5c392909c69d03	same
/NextDeveloper/Headers/bsd/sys/proc.h	20390	5eda0a5a43b8a974a4cfed5f792cf48ef5011a0a8023a632783d25a65550c684	same
/NextDeveloper/Headers/bsd/sys/protosw.h	8276	9ff16c6e2964a4eb6cd3d531925f5724c22f55163885b9aa1378e6573f963d6f	same
/NextDeveloper/Headers/bsd/sys/ptrace.h	1161	95efbd453d79706157f92b0d5d9d070cda9c45ca997fe3875bfce2f8fb72c757	same
/NextDeveloper/Headers/bsd/sys/quota.h	6195	f6017f1bdd991c201602c7158643e277b3807477aef9770e2b499cfc9c44454a	same
/NextDeveloper/Headers/bsd/sys/reboot.h	5250	01ff51f9b28c8f015c7567ddff5a77331616352a54f2e583351a21e9abdf3ed2	same
/NextDeveloper/Headers/bsd/sys/resource.h	4122	ffcabd3f8d36cda96aca9855591011b9ff366c558ae3716d9f60293f42ad3880	same
/NextDeveloper/Headers/bsd/sys/signal.h	7747	9abc698b5038353a019588b04471388e333c52cf94dce33531384e3029433c02	same
/NextDeveloper/Headers/bsd/sys/socket.h	7089	3a9fe413e83445fe648f144522845a711cea16340736653468f2b31df17f899b	same
/NextDeveloper/Headers/bsd/sys/socketvar.h	6278	dd3be2ff69d9858e2288c031defad9972a5ccf8881dca69d3f195551c9d5be1b	same
/NextDeveloper/Headers/bsd/sys/stat.h	7279	20e23b43a80d4e03f50110f337b17ec849a2885728a602cc7bf90aa2fd8233c3	same
/NextDeveloper/Headers/bsd/sys/syslog.h	3376	cd60e40054cf00256e2f0aac699424240c82170846dd18208af4145890c4c6d4	same
/NextDeveloper/Headers/bsd/sys/systm.h	3284	ec452380489b38c5e1ad85fbee75f4575553e0c2f1f67a630562831543e10703	same
/NextDeveloper/Headers/bsd/sys/termios.h	8370	52b70e5cee1351da6f90ba8b6f035064f24d6edc896c288a6fa4348d95cf7132	same
/NextDeveloper/Headers/bsd/sys/time.h	3241	062e52ea12228aad08ebb0bff650da7b711e24806840e7c51507523c47b4764e	same
/NextDeveloper/Headers/bsd/sys/timeb.h	851	b79dfeaa0ebce56ca29f2c6d9a1bcb6f58606b7b1c9f91551ac13b30a55ec9a4	same
/NextDeveloper/Headers/bsd/sys/times.h	1685	4783e911295190d55d8bc0434aa9cdcb90aee51f5caba32257f1359fef4e14e6	same
/NextDeveloper/Headers/bsd/sys/trace.h	4745	3daa2da2fd2353c93fd179a6b1e9fcf9705da0136bb7ba9b29efaaf27847e380	same
/NextDeveloper/Headers/bsd/sys/tty.h	7792	b566df81d7f157404410ff8d7d0fbe41d88129459bcc98540bc1510aaf3417c8	same
/NextDeveloper/Headers/bsd/sys/ttychars.h	1662	a2a8aa8ef4e780505308cb385cf35a309ed23b4cfdbafa0ee11d7d7a4200b24e	same
/NextDeveloper/Headers/bsd/sys/ttydev.h	1629	450ff89a8cb1c7d2c899b0c2640a2c8b3727acd83e725fa54a71149fed53ef3d	same
/NextDeveloper/Headers/bsd/sys/types.h	4963	f4c1e7a24c08cc2ce915d0e422c3c8e70b04bdecf8195fbe06ee5fa0d50562ee	same
/NextDeveloper/Headers/bsd/sys/ucred.h	778	f39c85e91079519f493e16bd70675d5b57773071042e39580260fd8790df6585	same
/NextDeveloper/Headers/bsd/sys/uio.h	2184	0010db886256c41674cc0912b968005c458b0bdd74f7c5fb9567b59a8729b92a	same
/NextDeveloper/Headers/bsd/sys/un.h	872	ac2c0fc470acf245ab82c3e0ff76f47d9af2e208531f10f0a46302bae71c7779	same
/NextDeveloper/Headers/bsd/sys/unpcb.h	2727	0aea36a9eb028713d2298a23a862eb63d2fde12d64d8d8e074704c5d754e91db	same
/NextDeveloper/Headers/bsd/sys/user.h	13337	058b704c202f48e2d7f6438a4e168db5c06eef7509abcbc996db542d0d93e8bc	same
/NextDeveloper/Headers/bsd/sys/utsname.h	793	3b43c552590de1463dd4c09dd595bd582013ae05a1e3356ae6003a8a94f86056	same
/NextDeveloper/Headers/bsd/sys/ux_exception.h	1303	63679193335bd7ff456704af1baebe97fe40531228321da68e9f93427faed755	same
/NextDeveloper/Headers/bsd/sys/vadvise.h	1117	c4839ce5ebf67c90b4b1011e479bf68ed2fcaad292f2d079e3f7b98067fc75e1	same
/NextDeveloper/Headers/bsd/sys/version.h	1560	7afae7f1c5cc1c846d2664199b558b233616b66de5dd03e8e638bd64aaa31d68	same
/NextDeveloper/Headers/bsd/sys/vfs.h	5682	339908cd0878d0b836c2e757a3fee8c9faa9aed7e18685f59acb93982029cf68	same
/NextDeveloper/Headers/bsd/sys/vfs_stat.h	1789	9fbdd94e37efea629cfaa6e8488cb36a9671031194381b98567c30dfd67f2b0f	same
/NextDeveloper/Headers/bsd/sys/vlimit.h	1160	9fcf4c8396e84c4ed22425f08da9969920c9b930cfa62f497ef407f9720e7344	same
/NextDeveloper/Headers/bsd/sys/vm.h	1038	d3fe64b47ab0a28c5ff7585b5f2d5c5a807ba82fc2a221be144cf731809e5c02	same
/NextDeveloper/Headers/bsd/sys/vmmeter.h	3310	37f6ce3c75168c8a03751b0b17e0675a78413ee157304cda0ac9dd0b5f597398	same
/NextDeveloper/Headers/bsd/sys/vmparam.h	1161	9be9b4fd89e24c33513971ff1f716cdad745808998bc7334b6a02229a228af84	same
/NextDeveloper/Headers/bsd/sys/vmsystm.h	1664	e8e160c0a2d5e1264cccedc2aca4bca0d723d434e1434bfa708709456942c4ce	same
/NextDeveloper/Headers/bsd/sys/vnode.h	8724	9d0c311c178d4d22503d0c21a9f30db5fbacdbe306961c02ab4e9002d9cc4133	same
/NextDeveloper/Headers/bsd/sys/wait.h	6734	b62f096d536fa8e58cfac681bde302ef23dbe587c9cad4b8678a141c95377661	same
/NextDeveloper/Headers/bsd/syscall.h	5290	315215050c8564b6d117e5f5e9da8b4bb8467719b2990dcfc331e21960ae3820	same
/NextDeveloper/Headers/bsd/sysexits.h	3710	289ceadb0e5f2f5be4d0b8c53f497ee757eb472d78dd483045b359c45615a919	same
/NextDeveloper/Headers/bsd/syslog.h	416	54fab17b62a9cdd3bf569402461df80639cd5f131a438a3abd70d4ebcb860f95	same
/NextDeveloper/Headers/bsd/tar.h	1336	43c7209e533a23dd7f6b6ee1c17308b985c6b5744792398f76d95b2e4152dabd	same
/NextDeveloper/Headers/bsd/termios.h	113	d6e23d38504ff6d09fe9a34d4487cd1719c753c8e78374c04c2c0c22f66f95c9	same
/NextDeveloper/Headers/bsd/ttyent.h	967	79e08ed46b030eae8617456c0c8817c286241d85f1d242e9bcf5f8aefdb0521c	same
/NextDeveloper/Headers/bsd/ttyloc.h	1065	7e2eba72d96a8ed521d728aa5dd36d94d30eb10892a1bd5a0358596a86b49b56	same
/NextDeveloper/Headers/bsd/tzfile.h	2597	6744e13507c901478254029e8cdba581770394ccd8e0a34a3680f5ee6bb0c3c3	same
/NextDeveloper/Headers/bsd/ufs/fs.h	18455	e8f1f99d5540972ff2b8b2f4af8c1f2f3f7791c3c8d95f1e2104206e7d70c4e1	same
/NextDeveloper/Headers/bsd/ufs/fsdir.h	3191	9764cfee760895c132508d27d232cf517af46d214cf72df2a9e0e3408bc56dda	same
/NextDeveloper/Headers/bsd/ufs/inode.h	11231	718307e22b9c96597fe937958097711e9068bc808432e316e56ccdbb0c707c98	same
/NextDeveloper/Headers/bsd/ufs/lockf.h	4237	6a225d00aeb6701c5b80c0c9e383889d37f47a438af11cf38560d1bbf8c45858	same
/NextDeveloper/Headers/bsd/ufs/mount.h	2014	f931bff6440b8b481ad218d19a581b2f57a4943a01339915812fa8ea48d3150b	same
/NextDeveloper/Headers/bsd/ufs/quotas.h	4596	683d35736cc25350daa7c0aa90c68ff70e5772c13c158d29c29da80c0f57f1a1	same
/NextDeveloper/Headers/bsd/unistd.h	4938	8fe9284230786ccd76f5d7f939801ca24b652011c55cd8ad873936527ed97438	same
/NextDeveloper/Headers/bsd/utime.h	479	97a0afe8bb2d406f6e0fd6a730c25ce3f048cdfd37ce27bbfab7eb617ba6368b	same
/NextDeveloper/Headers/bsd/utmp.h	784	89403bc4e266f5fa1f1137a7dcb79f64dd7264a88906d3ed6b2df1955c409eeb	same
/NextDeveloper/Headers/bsd/varargs.h	103	07b9abb864a4ee4ef823d923fad69d444e6a0fba148ddfce0932882c81ec0f08	same
/NextDeveloper/Headers/bsd/vfont.h	546	c4ddaa9d98580d694976ec8bf3c97fbbf06f020fa180659400d0fa08ce736540	same
/NextDeveloper/Headers/mach-o/arch.h	3209	234aeaa98c1575fb0999930812913fdbb2c8c3b75745363a4a613201b989db92	same
/NextDeveloper/Headers/mach-o/dyld.h	5984	d1572b046b54dc2fef113a1bde6fe71df666444cda99116a19aa8b95372f0d59	same
/NextDeveloper/Headers/mach-o/dyld_debug.h	4496	07efa63c05171590af49a9df833053b7e52cd67f67539d705d7e73bdc10cf668	same
/NextDeveloper/Headers/mach-o/fat.h	1467	1147faac781fba82b9990d26ff0954e5a00f43e71ab5339737af4ca584ff773f	same
/NextDeveloper/Headers/mach-o/gmon.h	5746	4c249b7cd7d91bb2b1f23fb4c5e2b063e5853ac21a8511de391cd066d1e5f1b6	same
/NextDeveloper/Headers/mach-o/gmon.h.orig	5250	9fdce098f64df40be355fff5e8005ab242e72b865d234c451f795882394c3f80	same
/NextDeveloper/Headers/mach-o/hppa/reloc.h	3651	33ad8eabefd4a1dcf5a6ca1ee7be0b1494afc7d0b235c7a8e29324ea14aa851b	same
/NextDeveloper/Headers/mach-o/hppa/swap.h	327	9a3027124938a357a87483f70a8004c48b840390e367241e7944da7db9a098c5	same
/NextDeveloper/Headers/mach-o/i386/swap.h	535	9588132509508078473c3310d5c830819d694aafeefbeb924bd2817234107d58	same
/NextDeveloper/Headers/mach-o/ldsyms.h	4247	9e7c472dc817bf071730abe5e776efd616739773d0a42b904fabcc63884fca70	same
/NextDeveloper/Headers/mach-o/loader.h	32767	c2eb379662d3338bec9af9d556b961f668c55b3493203d37bd500a4043f76861	same
/NextDeveloper/Headers/mach-o/m68k/swap.h	456	39a1480a90a25a42065b3f2d978cf759f12d3d4e4db94a3e16258657f0e115ac	same
/NextDeveloper/Headers/mach-o/nlist.h	5874	5e1a1b13665be76425340672fce36950379a2bdb22a093397880e06651b2395c	same
/NextDeveloper/Headers/mach-o/reloc.h	8129	20222f074159eb3e1bd2884f9ab20f1a80d0355585554b140046f9ee91c4e82d	same
/NextDeveloper/Headers/mach-o/rld.h	1071	85a9e5811deba839f0cebdbd0fbbcb490f21e5627a331dfd2812a012b46dd196	same
/NextDeveloper/Headers/mach-o/sparc/reloc.h	1310	0f7778acaaac0b67cf3568a3cf1fc5643558b3caf5dc96cbd9f52d7e2341ec98	same
/NextDeveloper/Headers/mach-o/stab.h	2990	d6c75059b5f6b5bf75a8d6b1586040fba9fb42050c566d52e5a78b1e9daa733c	same
/NextDeveloper/Headers/mach-o/swap.h	1994	4e57422bcf5b378e5ae1b55dd836cd430976e9a53233828de6fbb69d44fe2188	same
/NextDeveloper/Headers/mach/boolean.h	2469	a42247dcef550ce7924cafd4f9a31daa6967e78614a5c6671aa85b1b249a059a	same
/NextDeveloper/Headers/mach/cthreads.h	5962	2abf1375e1684880861d91d52f977fd29cea3ed4b504f8f23913d2486991c553	same
/NextDeveloper/Headers/mach/cthreads.p	267496	0dbdeb411de0d7601117dda98ef15e84836ad7e36800b942fe8e824f0e016757	differs
/NextDeveloper/Headers/mach/error.h	4079	8720767a4b6a1968d24284ef90dcf976a472ee77fad68b9b2b83e1b8c084bc90	same
/NextDeveloper/Headers/mach/exc.defs	2766	78a8172392402096edc7a8a283b7a2dcfd4807664df80671e235e9f33eaa98a4	same
/NextDeveloper/Headers/mach/exc.h	415	1e1cd29a368dfcaed3c0d6bb9f395685bb2a5f7ee9c6e30c98d145f6674f7455	same
/NextDeveloper/Headers/mach/exc_server.h	591	9fa24df920ca5ef83f9607eb627d219dca8a79295e852c38d60bef0fc266c947	same
/NextDeveloper/Headers/mach/exception.h	2792	a05c2c07fcaa9103c72d2a9231384a7ec4b4fb35ce00ad34efd65ddda076233b	same
/NextDeveloper/Headers/mach/host_info.h	4448	0cf29a5a8caa312f2a4e05c54cb8e2736c47207dd1b561b9b09ebd865e918931	same
/NextDeveloper/Headers/mach/hppa/boolean.h	237	b5b6f553258cb8bc485ad9b4de9f285b31ddefcee5e34f0bd027d5ef2f84f2d1	same
/NextDeveloper/Headers/mach/hppa/cthreads.h	170	fc971e4a1f80d92a24a8f76c258601f96c3f1d63e728822b8559d846c55201ed	same
/NextDeveloper/Headers/mach/hppa/exception.h	989	1f48241aa8bdf2e8d52e8e4671d6cf080de33a5c923101113a79ee1e5b5a137e	same
/NextDeveloper/Headers/mach/hppa/kern_return.h	217	08dc6638d7df717133b8eb74cee89dfe829bbdedd124d437050ecf525a277beb	same
/NextDeveloper/Headers/mach/hppa/machine_types.defs	2165	b8fcc4840d72e85266bf5734027887db617ab9fe2b155c5012e14574c62863ad	same
/NextDeveloper/Headers/mach/hppa/simple_lock.h	1559	5f081b63d9cfcb6ab22f8c66d267ff2cd68621a7c9283c39268a63720dec8674	same
/NextDeveloper/Headers/mach/hppa/thread_status.h	4561	d893be5cbc6cf0f760ae248cb4a1b811dde628689310fc1d2c94f6b10557818b	same
/NextDeveloper/Headers/mach/hppa/vm_param.h	1379	c41588e017649b2e98fa43544237bc324fdf2ec021538845ada3bc025b738cd2	same
/NextDeveloper/Headers/mach/hppa/vm_types.h	3367	f28e74fc88760cb48e8baff5294f185a758f1ce46a906725ef5132e596a686ef	same
/NextDeveloper/Headers/mach/i386/boolean.h	1813	860a789ccf0eb7bc19f81ac2dc1e7681b97c15d6ff03eb760e9c0134789e3f46	same
/NextDeveloper/Headers/mach/i386/cthreads.h	170	96b1fc1880f691a3da1085fe6060442022ac7f373431071f3a6f6aff32e864f9	same
/NextDeveloper/Headers/mach/i386/exception.h	773	2af4cfedf230864a86554d88d1fdcf0228ec18fcf88610f17bb4f94bbf4b593b	same
/NextDeveloper/Headers/mach/i386/kern_return.h	2084	e39531057be1df2eecdbd24c63ffaf51ba5dd37661a0fbf94452832dd391b1c7	same
/NextDeveloper/Headers/mach/i386/machine_types.defs	2165	b8fcc4840d72e85266bf5734027887db617ab9fe2b155c5012e14574c62863ad	same
/NextDeveloper/Headers/mach/i386/simple_lock.h	1153	c58351e4d6db34333e65e69dc993b03580a87540ad27f56d4f14dc673a11024e	same
/NextDeveloper/Headers/mach/i386/thread_status.h	1923	f03a5613834e123a77816fedc3c9b4f8be6915e1c0bae1305795f1486b41643e	same
/NextDeveloper/Headers/mach/i386/vm_param.h	1652	8c562cbdc1b2777924f63f4cedd6bbf3114bb6dfa352e34b97b5021008525413	same
/NextDeveloper/Headers/mach/i386/vm_types.h	3367	2c456e9fb22450a4077044c03cef60db96daf55461cf94beef4ab8dd5380deeb	same
/NextDeveloper/Headers/mach/kern_return.h	5296	ec8b2f0bd624a8d9ffd3702229f45014e6875f9dc9a4706217448025de79e581	same
/NextDeveloper/Headers/mach/m68k/boolean.h	1813	027b1b4ec4e8cfb6004beccc96d961dc073fde7e2d4904760c46f70bc114fe1f	same
/NextDeveloper/Headers/mach/m68k/cthreads.h	170	ad39a1b1c9acaa4568b47025e9007cda13bc799baf649e04291f32dafd172aa6	same
/NextDeveloper/Headers/mach/m68k/exception.h	55	6420169b0031b17daaa42342fe4430f1c218cb4b5a18fbbb35788ccd53dcf4c5	same
/NextDeveloper/Headers/mach/m68k/kern_return.h	2084	69a8fc7874a782167876001213d97a29d89309f23035c2e6b6d2f82853e3ae80	same
/NextDeveloper/Headers/mach/m68k/machine_types.defs	2165	b8fcc4840d72e85266bf5734027887db617ab9fe2b155c5012e14574c62863ad	same
/NextDeveloper/Headers/mach/m68k/simple_lock.h	729	78f9c4113eac1baa0106161b67470f30da8ec97ea418d25c8d78b69b582a14ed	same
/NextDeveloper/Headers/mach/m68k/thread_status.h	2167	49801c331ae65060e6e623ef6c9ca426f3cb179817d79fb6e22179e02dd404ef	same
/NextDeveloper/Headers/mach/m68k/vm_param.h	3787	8ecd93b15e535052a156d6d4fb4c3a8fadf9ff85ca099df7b99c78afc96dc0e0	same
/NextDeveloper/Headers/mach/m68k/vm_types.h	3366	1f35ec18b38794aef45d9262ed7d858987d61387c0f126d88902293ab481e62c	same
/NextDeveloper/Headers/mach/mach.defs	32695	b24b87b717c4a4d1acde7e7898670768a42bc21039237ecc243afafbd7e6858f	same
/NextDeveloper/Headers/mach/mach.h	833	18275815dd842903346f0215d3307edc14f6dbf48163e3c747117668385003dd	same
/NextDeveloper/Headers/mach/mach.p	215248	0cc41f638dbd4940066dda51e06b1d780a23865d689330aa87aae28b9fa109e7	differs
/NextDeveloper/Headers/mach/mach_error.h	2128	8e3a7be50014f4ff3646b2cbb7aba61ef241c20a2cd88faa50c19ff123f4e973	same
/NextDeveloper/Headers/mach/mach_exception.h	1132	cd7682a3d7b2d65522a37cbc90d2e9e39079f462c26c11ea73d59f4e2f2cfea3	same
/NextDeveloper/Headers/mach/mach_host.defs	9678	890340bb172fc51cd60da8bec5c24d31f7d0a1b441af2ae77555569fbc91aaf8	same
/NextDeveloper/Headers/mach/mach_host.h	5224	110e0a73e997e40bae450f96cc0dfbbba9304bc5a073487437a3f1b4fd0b5701	same
/NextDeveloper/Headers/mach/mach_init.h	2511	146d0064d795e8f68aa9ebd61966a8af8a39bc48f1e9cdc35c69d88d41682a6d	same
/NextDeveloper/Headers/mach/mach_interface.h	8152	b96918ad71dbdc2d1f1b0b31f9e7135b7297626b0c87e375fdf8b995199903a7	same
/NextDeveloper/Headers/mach/mach_param.h	2245	1f2456a97a391c8167b68e8b65539b74cd7778433141e38640f442ec78d20da7	same
/NextDeveloper/Headers/mach/mach_port.defs	9707	0599320a5279cf46ac866109779d4c46fe45848c2d1916b274b4aa9a2dc942bf	same
/NextDeveloper/Headers/mach/mach_traps.h	2079	40ed8cd00ea22e0485055532e8521f1b96d47f8fb9236fd52c78cca382a10efd	same
/NextDeveloper/Headers/mach/mach_types.defs	12787	1cba21ca13f9d3d6f4946fecb7c0bf1ff31e1fa92647e1cacca36aec63ff1735	same
/NextDeveloper/Headers/mach/mach_types.h	6289	576ff9a799e3fb9be638ff2465fbed4a0a3e1945b4914ab42dd7663d2ac1e6cb	same
/NextDeveloper/Headers/mach/mach_user_internal.h	2559	2366d2516767f9fe428671df1e550e77b3d25da27c4612ef339e90cf16d8e479	same
/NextDeveloper/Headers/mach/machine.h	9841	1ba07015557131d876d75d91172d0d0ca448cf9c82002cb4831ca0ed33d7d475	same
/NextDeveloper/Headers/mach/machine/boolean.h	341	63b56dafbaf71bc269ffbdcdf16a75107fec1eb5dbf1f19989e239e59144b9ae	same
/NextDeveloper/Headers/mach/machine/cthreads.h	342	9a3e32244054dc30353e76a6dba1a2827470a5a706ddf7b36dc61fd71401094f	same
/NextDeveloper/Headers/mach/machine/exception.h	349	abbbccb9b671d81cd5c11492db3853dd2e6ba47876571f6e5ef45a4a1c598528	same
/NextDeveloper/Headers/mach/machine/kern_return.h	357	1e55ddb37bb9c4e4a3755689622e952b9952bb3ede75ae9d1e5844bdde31dfe1	same
/NextDeveloper/Headers/mach/machine/machine_types.defs	353	292d05116ae575aa656645166d9e35a7a3f7ea59605beb4abec6d42b81f1c53b	same
/NextDeveloper/Headers/mach/machine/simple_lock.h	357	27dfd67fd05e3945506152c374389108692748df080f7a4dd19eb1887113bfca	same
/NextDeveloper/Headers/mach/machine/thread_status.h	365	b4eed84e6844b88e8530012b6f84b2b307ae55dd27ddc8f1aab3bbdba12ee65d	same
/NextDeveloper/Headers/mach/machine/vm_param.h	345	2cfdd0090bb846423bdd28fbfd988e55b39667b971672eb8eba69c1b2c0ae923	same
/NextDeveloper/Headers/mach/machine/vm_types.h	345	3926cf5b0c8ab9d2935fec6ed252c7feca257e665e540a91262f978a7f27f3e0	same
/NextDeveloper/Headers/mach/memory_object.defs	12706	8f6d72b7da23c5fbd9007e4dedc97b54a90b9ca7ee155fa67166104fd6387d0f	same
/NextDeveloper/Headers/mach/memory_object.h	4046	6e5eef4fdf0167358815f9693aeece9f4ddf104ca85492de4646350cb57589e1	same
/NextDeveloper/Headers/mach/memory_object_default.defs	5515	22d03f859503ab5c9fd82089d3a5e44ec1001e4f08272800d5e0145c2f6bcc31	same
/NextDeveloper/Headers/mach/message.h	25916	7c853b03637bfead9d74d88efeef8fcb26dd8c432ab0fcb291362a246b8b5d55	same
/NextDeveloper/Headers/mach/mig_errors.h	4508	dec90f08cea6ff5cafb65bec7acf3105e2309afae90fc51d313b8b7a80445e9b	same
/NextDeveloper/Headers/mach/mig_support.h	2543	8fe2be133982af65fb59290b6590dcb9a2009177927842d2bbf4bed33a78f07c	same
/NextDeveloper/Headers/mach/msg_type.h	2119	23994527e2959317e6e99091cece72c687cb66d479443fb15bd450776120ee14	same
/NextDeveloper/Headers/mach/notify.defs	3162	3834fa0b150a0092577508ce3b8c88e9d75d55e671926215deef884f07b72baf	same
/NextDeveloper/Headers/mach/notify.h	4535	6a666e65f4138ddeecb01c982f55dbdb997f51968387c804557d0def30c3d87d	same
/NextDeveloper/Headers/mach/policy.h	2123	30896150df987721d7fdd592bc871d1f5db2eaaf2a55ed816e5553a7620fa5a2	same
/NextDeveloper/Headers/mach/port.h	8665	7dc7bfe1cf2b231215e0a49453b5f95dca8226aeefa6b31f0afe20722f2f90d1	same
/NextDeveloper/Headers/mach/processor_info.h	4393	139ef140e70b75c3632e48148e93815596c996da375e008a718de01903b5bfaf	same
/NextDeveloper/Headers/mach/sparc/boolean.h	241	481e804988fc90cfbe1f2189ebeb9003283e61f860ed8bac1ed39a8bf8320bc7	same
/NextDeveloper/Headers/mach/sparc/cthreads.h	171	999420fe23c53fb8200f4a3218b144d960efb84df5387d2cd66405e0ebd2fbf1	same
/NextDeveloper/Headers/mach/sparc/exception.h	3563	d2b9cefe510f7b13366b36d925dab9a3cace4eb97f4bace7df465f67c75b022a	same
/NextDeveloper/Headers/mach/sparc/kern_return.h	220	8baeb7950c78c3bbc0ae0ba3b7053e78355f46b3056d09136b60b1ebcf6138c5	same
/NextDeveloper/Headers/mach/sparc/machine_types.defs	2165	b8fcc4840d72e85266bf5734027887db617ab9fe2b155c5012e14574c62863ad	same
/NextDeveloper/Headers/mach/sparc/simple_lock.h	1188	5e00b3d99cea98f237b3a4d6bd51eb21397fbfde1269e1cec748efd62f76c566	same
/NextDeveloper/Headers/mach/sparc/thread_status.h	1325	38c62f779519e9f33d322cbfd1de7f931381bf00517979df2870e53aedd55659	same
/NextDeveloper/Headers/mach/sparc/vm_param.h	1951	126e2aad20095bd9f1f53748184b0927883feef1816f2f174abfd314704f954d	same
/NextDeveloper/Headers/mach/sparc/vm_types.h	3368	a190f2549d6665a6d24d2937f6118988e2ee9835cbd61c48058895cca86c0370	same
/NextDeveloper/Headers/mach/std_types.defs	5892	091906122eb16d9e7afc132d648c60b9ebff56987bc4f1af20285fd9b1fd683d	same
/NextDeveloper/Headers/mach/std_types.h	2266	22479ffd0e4298984436533796ba205d2d83ee67cc4b794fcf933cd16803b7c5	same
/NextDeveloper/Headers/mach/task_info.h	4682	d394b804189145e5183fdf002ffda43d64e1c72d7df442d7af0ffd7f13168497	same
/NextDeveloper/Headers/mach/task_special_ports.h	3397	8d172afc0254e7a4a435fcbbd74322c3fd11e0ea42ed4682fc39bfacf8ee2aba	same
/NextDeveloper/Headers/mach/thread_info.h	4751	08ec9574ddcd78a4f17abf6cbe37197d86e41a960e82ea9cf7bd17696afef8a7	same
/NextDeveloper/Headers/mach/thread_special_ports.h	3194	959a03587f1bc08bc02a8fcefc3cea40ed1d5219923982d675d1951300a2339b	same
/NextDeveloper/Headers/mach/thread_status.h	2935	8980ac2e085643cc86a8b53b25c83e9e3526be58302df18a016a8a76f486c851	same
/NextDeveloper/Headers/mach/thread_switch.h	2063	ad0f3226eb36752c7bf72fcd4640444997bbfa0727248e5b38442ad79ee9acc2	same
/NextDeveloper/Headers/mach/time_value.h	3383	6906bea65f846eb66e9252bd4f7f262e469e54ff38f253b750e666bec42ba97f	same
/NextDeveloper/Headers/mach/vm_attributes.h	2560	657d7976cd368bdc2622f80cad992f642a4b4656561c005f26dac5c7da25c29a	same
/NextDeveloper/Headers/mach/vm_inherit.h	2365	f0fc5034bae36db4a090a16a3334db144f7d90200328aeba2db02c324808645d	same
/NextDeveloper/Headers/mach/vm_param.h	5063	3a7be6f063f9ce2dd2ea47bc16909262df1b502598974fb149bec997897ae63b	same
/NextDeveloper/Headers/mach/vm_policy.h	814	a45c00cde8eb1625f734e018b608b29371d45cd50fb6247216ab6068ab73e651	same
/NextDeveloper/Headers/mach/vm_prot.h	3179	37dc601c9ae12bdd4096a16e2393cd1f8b8448015e87852b16cf4c4dc64be58f	same
/NextDeveloper/Headers/mach/vm_statistics.h	3735	61240d5f2e40261100f6789d30ae3838ebde23c0a593f02ed8ed29e8c8d525ed	same
/NextDeveloper/Headers/machkit/NXData.h	612	e716d1e14d358c8139f7a6c0992c572266d8da27e8c2391a133fcc83dd9a65ba	same
/NextDeveloper/Headers/machkit/NXInvalidationNotifier.h	857	a943a4386bdb8c9daef6991c5d44259d24065369eef0671fdcadcad948240d35	same
/NextDeveloper/Headers/machkit/NXLock.h	3754	ca8dae08e7dd671559e32e37ecca42d3550369f624b6082f3e1709a77f935498	same
/NextDeveloper/Headers/machkit/NXNetNameServer.h	356	fa401435bf556f3e6af80b473b2ddf41ae9062f7a4a9c79283baa44dd0ff9c49	same
/NextDeveloper/Headers/machkit/NXPort.h	767	0f2e72efa2f7fa1214889a8f25c5cff1056a1d15c4818b3d50bee09664184a26	same
/NextDeveloper/Headers/machkit/NXProtocolChecker.h	466	ba11f6e45ca2c38028139266ea6a6d99cb2f825424c0caa77b39ef2667e80e56	same
/NextDeveloper/Headers/machkit/exceptions.h	302	da5b4e30936355a79dce3bc68c3276657809dc7f022fbb3b13f6e8bfc2ec8770	same
/NextDeveloper/Headers/machkit/reference.h	314	dc0e9b89d7992eb2a86eba679a7f6e6b42ba3a152edb17ae831c50424a13cb4b	same
/NextDeveloper/Headers/machkit/senderIsInvalid.h	272	51f9eec1a2cd7be859e87e5f1651735009b0a8904255250d8916dc5d5b961bd1	same
/NextDeveloper/Headers/objc/HashTable.h	1898	e58cf1106970aa429769ad2df4ce3a008375d5430a9c5a289e464653e72039b5	same
/NextDeveloper/Headers/objc/List.h	1871	ce7183552721fc60cfc8410c6ab219d27d4355d1190f11d5c08ea8d2a6a872ba	same
/NextDeveloper/Headers/objc/NXBundle.h	1993	5ed5986a5417f2c0f08940dbddd92f8838dd0a8506739382075029a69106185a	same
/NextDeveloper/Headers/objc/NXCType.h	1351	fb9c1d2a3058736d2abe6721388eb7ba1113563533d481569918454f8eb53f49	same
/NextDeveloper/Headers/objc/NXPropertyList.h	4075	5e7cc8918e32fd2c4e70a7527d1d53768de39a703d98a79bfd5440cfa56d01cd	same
/NextDeveloper/Headers/objc/NXStringTable.h	1072	49cc9ca2744c17f61443b9ddfe6dd9c78550e906209eab39565f8641cc7ad974	same
/NextDeveloper/Headers/objc/Object.h	3038	84a1df3da2ac5af634fa1317ca16977a77c49eb3dae7bcaeb3d3aa6650c8c180	same
/NextDeveloper/Headers/objc/Object.p	135540	28a3551edfb928fe2770946ae9af746394f371a6a196050f822e543ed3def231	differs
/NextDeveloper/Headers/objc/Protocol.h	1031	3698188d75dd7a7c1657e653e9e998cb58c3bad09db0a30ad5cb0fe9b218a07f	same
/NextDeveloper/Headers/objc/Storage.h	1746	5a6550dc3ea42269a64c23be8d49576c419cd1c0b0f4473a518d0ff7497f34f0	same
/NextDeveloper/Headers/objc/StreamTable.h	1060	733a3c60e608c1e1a880c1a814c190baeb4c1b230fe40716544785832ee6b366	same
/NextDeveloper/Headers/objc/error.h	3878	6efecb1d64d40c7c4cf7a3ee0e4d67f58895ef49a46c33fa2c783400fd235323	same
/NextDeveloper/Headers/objc/hashtable2.h	8762	b013a36bd9715c3c6c408452850fd2e50e7f7e95c81fe5db944346b80b1559dc	same
/NextDeveloper/Headers/objc/objc-api.h	689	ce0e0b0b3e9c2f50b35bbe6fef73b29a1cba63f108c22121907ac6ed3bbb1c8f	same
/NextDeveloper/Headers/objc/objc-class.h	7483	7e6b7f8a01598e3f07ae8b727f408eed5835d466ccc303ec1e52985af64b491a	same
/NextDeveloper/Headers/objc/objc-load.h	829	67fb5a82ce67983ab865ee98c2f4f39cc6ad67a28e5e9eaf546bc79159b44997	same
/NextDeveloper/Headers/objc/objc-runtime.h	2595	dd85601e9c1f7a3ae5570d9004c2ab7acd54ab718450d59608819cc8b291fc57	same
/NextDeveloper/Headers/objc/objc.h	1354	4add986b7c698948bd9f7071f7034b484cbfffb8651b30a9d84fa889b34b39c5	same
/NextDeveloper/Headers/objc/typedstream.h	11315	102b282dedc130c836adbd601fa7f539523f1c35cb7dc176d34eb8b8397c4df9	same
/NextDeveloper/Headers/objc/zone.h	2220	631799e2f7bd113ac8864ac2d816e38fb5043fb4a104ed4372455b13a427d9bb	same
/NextDeveloper/Headers/remote/NXConnection.h	3256	86ba4843d1bd9cb9365dca953fd024cc0b63e881f6ce5e8a20a8ad5fa29ca6d1	same
/NextDeveloper/Headers/remote/NXProxy.h	1732	ee7639e530624bfa3401b931876a190a9b9ad870bc15567d566d460f4800dc8b	same
/NextDeveloper/Headers/remote/transport.h	2751	9f329bd7d3675bc22df9305b09f1a40fb2d6547837a56007ca0e2a87d16d6bb7	same
/NextDeveloper/Headers/streams/streams.h	10304	2a4d65dc1cecd631768569a58404e0bbc732446f818a510c1743522d0d272139	same
/NextDeveloper/Headers/streams/streamsimpl.h	1008	55e741328bf730323fbaa84d0f44fc28287db6f1909fc58f4b3093ef5ef3bff9	same
